Orden de inserción,País,x = Casos/1M de habitantes,y = Muertes/1M de habitantes
1,USA,148104,2406
2,Slovenia,202419,2512
3,Slovakia,124480,2639
4,San Marino,175688,2733
5,Romania,93390,2966
6,Peru,66477,5983
7,North Macedonia,103485,3639
8,Montenegro,250528,3673
9,Lithuania,176235,2525
10,Hungary,114600,3586
11,Gibraltar,215221,2910
12,Georgia,212561,3030
13,Czechia,200245,3080
14,Croatia,149455,2678
15,Colombia,98156,2489
16,Bulgaria,101106,4139
17,Brazil,102912,2863
18,Bosnia and Herzegovina,84584,3870
19,Armenia,113938,2547
20,Argentina,116439,2547