Orden de inserción,País,x = Casos/1M de habitantes,y = Muertes/1M de habitantes
1,Peru,66477,5983
2,Bulgaria,101106,4139
3,Bosnia and Herzegovina,84584,3870
4,Montenegro,250528,3673
5,North Macedonia,103485,3639
6,Hungary,114600,3586
7,Czechia,200245,3080
8,Georgia,212561,3030
9,Romania,93390,2966
10,Gibraltar,215221,2910
11,Brazil,102912,2863
12,San Marino,175688,2733
13,Croatia,149455,2678
14,Slovakia,124480,2639
15,Argentina,116439,2547
16,Armenia,113938,2547
17,Lithuania,176235,2525
18,Slovenia,202419,2512
19,Colombia,98156,2489
20,USA,148104,2406