<drawing><figures><lcaf id="0"><points><p colinear="true" x="279.8257533482143" y="134" c1x="225" c1y="-34" c2x="225" c2y="-34"/><p colinear="true" x="240.736328125" y="146.14928997289974" c1x="225" c1y="-34" c2x="225" c2y="-34"/></points><startConnector><rConnector id="1"><Owner><atr id="2" nullable="false" attributeType="VARCHAR2(128)"><children><e id="3" x="272" y="114" w="80" h="20"><a><fillColor><color rgba="#ffffebeb"/></fillColor></a></e><t id="4" x="294.5068359375" y="116.7080078125"><a><text><string>Turno</string></text></a></t></children></atr></Owner></rConnector></startConnector><endConnector><rConnector id="5"><Owner><ent id="6"><children><r id="7" x="113" y="146" w="127.736328125" h="40"><a><fillColor><color rgba="#ffebffe8"/></fillColor></a></r><t id="8" x="123" y="158.7080078125"><a><text><string>Personal_Training</string></text></a></t></children></ent></Owner></rConnector></endConnector></lcaf><atr ref="2"/><ta id="9" x="19" y="6" w="106" h="40"><a><text><string>Entidad 1:
Trabajador</string></text></a></ta><ent id="a"><children><r id="b" x="159" y="328" w="80" h="40"><a><fillColor><color rgba="#ffebffe8"/></fillColor></a></r><t id="c" x="178.2080078125" y="340.7080078125"><a><text><string>Cliente</string></text></a></t></children></ent><atr id="d" nullable="false" attributeType="VARCHAR2(128)"><children><e id="e" x="29" y="291" w="80" h="20"><a><fillColor><color rgba="#ffffebeb"/></fillColor></a></e><t id="f" x="45.1611328125" y="293.7080078125"><a><text><string>Nombre</string></text></a></t></children></atr><atr id="10" nullable="false" attributeType="VARCHAR2(128)"><children><e id="11" x="102" y="259" w="80" h="20"><a><fillColor><color rgba="#ffffebeb"/></fillColor></a></e><t id="12" x="118.2666015625" y="261.7080078125"><a><text><string>Apellido</string></text></a></t></children></atr><atr id="13" nullable="false" attributeType="VARCHAR2(128)"><children><e id="14" x="201" y="259" w="97" h="25"><a><fillColor><color rgba="#ffffebeb"/></fillColor></a></e><t id="15" x="223.818359375" y="264.2080078125"><a><text><string>Telefono</string></text></a></t></children></atr><atr id="16" nullable="false" attributeType="VARCHAR2(128)"><children><e id="17" x="276" y="297" w="89" h="20"><a><fillColor><color rgba="#ffffebeb"/></fillColor></a></e><t id="18" x="289.6298828125" y="299.7080078125"><a><text><string>Id_Cliente</string></text></a></t></children></atr><lcaf id="19"><points><p colinear="true" x="96.65957446808511" y="311" c1x="230" c1y="146" c2x="230" c2y="146"/><p colinear="true" x="159" y="333.53846153846155" c1x="230" c1y="146" c2x="230" c2y="146"/></points><startConnector><rConnector id="1a"><Owner><atr ref="d"/></Owner></rConnector></startConnector><endConnector><rConnector id="1b"><Owner><ent ref="a"/></Owner></rConnector></endConnector></lcaf><lcaf id="1c"><points><p colinear="true" x="149.21518987341773" y="279" c1x="228.75862068965517" c1y="153" c2x="228.75862068965517" c2y="153"/><p colinear="true" x="184.56962025316454" y="328" c1x="228.75862068965517" c1y="153" c2x="228.75862068965517" c2y="153"/></points><startConnector><rConnector id="1d"><Owner><atr ref="10"/></Owner></rConnector></startConnector><endConnector><rConnector id="1e"><Owner><ent ref="a"/></Owner></rConnector></endConnector></lcaf><lcaf id="1f"><points><p colinear="true" x="241.2483660130719" y="284" c1x="230" c1y="146" c2x="230" c2y="146"/><p colinear="true" x="212.20261437908496" y="328" c1x="230" c1y="146" c2x="230" c2y="146"/></points><startConnector><rConnector id="20"><Owner><atr ref="13"/></Owner></rConnector></startConnector><endConnector><rConnector id="21"><Owner><ent ref="a"/></Owner></rConnector></endConnector></lcaf><lcaf id="22"><points><p colinear="true" x="290.8658536585366" y="317" c1x="230" c1y="146" c2x="230" c2y="146"/><p colinear="true" x="239" y="334.50205761316874" c1x="230" c1y="146" c2x="230" c2y="146"/></points><startConnector><rConnector id="23"><Owner><atr ref="16"/></Owner></rConnector></startConnector><endConnector><rConnector id="24"><Owner><ent ref="a"/></Owner></rConnector></endConnector></lcaf><ta id="25" x="14" y="207" w="106" h="40"><a><text><string>Entidad 2:
Cliente
</string></text></a></ta><ent id="26"><children><r id="27" x="184" y="525" w="80" h="40"><a><fillColor><color rgba="#ffebffe8"/></fillColor></a></r><t id="28" x="198.2421875" y="537.7080078125"><a><text><string>Sucursal</string></text></a></t></children></ent><atr id="29" nullable="false" attributeType="VARCHAR2(128)"><children><e id="2a" x="44" y="488" w="126.822265625" h="27"><a><fillColor><color rgba="#ffffebeb"/></fillColor></a></e><t id="2b" x="54" y="494.2080078125"><a><text><string>Nombre_Sucursal</string></text></a></t></children></atr><atr id="2c" nullable="false" attributeType="VARCHAR2(128)"><children><e id="2d" x="120" y="448" w="80" h="20"><a><fillColor><color rgba="#ffffebeb"/></fillColor></a></e><t id="2e" x="132.2587890625" y="450.7080078125"><a><text><string>Direccion</string></text></a></t></children></atr><atr id="2f" nullable="false" attributeType="VARCHAR2(128)"><children><e id="30" x="214" y="446" w="97" h="25"><a><fillColor><color rgba="#ffffebeb"/></fillColor></a></e><t id="31" x="236.818359375" y="451.2080078125"><a><text><string>Telefono</string></text></a></t></children></atr><atr id="32" nullable="false" attributeType="VARCHAR2(128)"><children><e id="33" x="325" y="488" w="89" h="20"><a><fillColor><color rgba="#ffffebeb"/></fillColor></a></e><t id="34" x="333.6640625" y="490.7080078125"><a><text><string>Id_Sucursal</string></text></a></t></children></atr><lcaf id="35"><points><p colinear="true" x="143.59388469827587" y="515" c1x="236" c1y="342" c2x="236" c2y="342"/><p colinear="true" x="184" y="530.0757620176402" c1x="236" c1y="342" c2x="236" c2y="342"/></points><startConnector><rConnector id="36"><Owner><atr ref="29"/></Owner></rConnector></startConnector><endConnector><rConnector id="37"><Owner><ent ref="26"/></Owner></rConnector></endConnector></lcaf><lcaf id="38"><points><p colinear="true" x="167.35632183908046" y="468" c1x="236" c1y="342" c2x="236" c2y="342"/><p colinear="true" x="209.28735632183907" y="525" c1x="236" c1y="342" c2x="236" c2y="342"/></points><startConnector><rConnector id="39"><Owner><atr ref="2c"/></Owner></rConnector></startConnector><endConnector><rConnector id="3a"><Owner><ent ref="26"/></Owner></rConnector></endConnector></lcaf><lcaf id="3b"><points><p colinear="true" x="256.9364161849711" y="471" c1x="236" c1y="342" c2x="236" c2y="342"/><p colinear="true" x="232.90173410404623" y="525" c1x="236" c1y="342" c2x="236" c2y="342"/></points><startConnector><rConnector id="3c"><Owner><atr ref="2f"/></Owner></rConnector></startConnector><endConnector><rConnector id="3d"><Owner><ent ref="26"/></Owner></rConnector></endConnector></lcaf><lcaf id="3e"><points><p colinear="true" x="338.5425531914894" y="508" c1x="236" c1y="342" c2x="236" c2y="342"/><p colinear="true" x="264" y="532.0790378006873" c1x="236" c1y="342" c2x="236" c2y="342"/></points><startConnector><rConnector id="3f"><Owner><atr ref="32"/></Owner></rConnector></startConnector><endConnector><rConnector id="40"><Owner><ent ref="26"/></Owner></rConnector></endConnector></lcaf><ta id="41" x="28" y="389" w="106" h="40"><a><text><string>Entidad 3:
Sucursal
</string></text></a></ta><ent ref="6"/><atr id="42" nullable="false" attributeType="VARCHAR2(128)"><children><e id="43" x="16" y="110" w="90" h="20"><a><fillColor><color rgba="#ffffebeb"/></fillColor></a></e><t id="44" x="24.0185546875" y="112.7080078125"><a><text><string>Especialidad</string></text></a></t></children></atr><atr id="45" nullable="false" attributeType="VARCHAR2(128)"><children><e id="46" x="89" y="66" w="80" h="20"><a><fillColor><color rgba="#ffffebeb"/></fillColor></a></e><t id="47" x="105.1611328125" y="68.7080078125"><a><text><string>Nombre</string></text></a></t></children></atr><atr id="48" nullable="false" attributeType="VARCHAR2(128)"><children><e id="49" x="184" y="66" w="97" h="25"><a><fillColor><color rgba="#ffffebeb"/></fillColor></a></e><t id="4a" x="184.3681640625" y="71.2080078125"><a><text><string>Id_Per_Training</string></text></a></t></children></atr><lcaf id="4b"><points><p colinear="true" x="86.18873131793477" y="130" c1x="225" c1y="-34" c2x="225" c2y="-34"/><p colinear="true" x="126.49070142663045" y="146" c1x="225" c1y="-34" c2x="225" c2y="-34"/></points><startConnector><rConnector id="4c"><Owner><atr ref="42"/></Owner></rConnector></startConnector><endConnector><rConnector id="4d"><Owner><ent ref="6"/></Owner></rConnector></endConnector></lcaf><lcaf id="4e"><points><p colinear="true" x="134.31868489583331" y="86" c1x="225" c1y="-34" c2x="225" c2y="-34"/><p colinear="true" x="166.23079427083331" y="146" c1x="225" c1y="-34" c2x="225" c2y="-34"/></points><startConnector><rConnector id="4f"><Owner><atr ref="45"/></Owner></rConnector></startConnector><endConnector><rConnector id="50"><Owner><ent ref="6"/></Owner></rConnector></endConnector></lcaf><lcaf id="51"><points><p colinear="true" x="224.55259486607142" y="91" c1x="225" c1y="-34" c2x="225" c2y="-34"/><p colinear="true" x="189.5840122767857" y="146" c1x="225" c1y="-34" c2x="225" c2y="-34"/></points><startConnector><rConnector id="52"><Owner><atr ref="48"/></Owner></rConnector></startConnector><endConnector><rConnector id="53"><Owner><ent ref="6"/></Owner></rConnector></endConnector></lcaf><ta id="54" x="19" y="6" w="106" h="40"><a><text><string>Entidad 1:
Trabajador</string></text></a></ta><lcaf id="55"><points><p colinear="true" x="1062.8257533482142" y="136" c1x="1008" c1y="-32" c2x="1008" c2y="-32"/><p colinear="true" x="1023.736328125" y="148.14928997289974" c1x="1008" c1y="-32" c2x="1008" c2y="-32"/></points><startConnector><rConnector id="56"><Owner><atr id="57" nullable="false" attributeType="VARCHAR2(128)"><children><e id="58" x="1055" y="116" w="80" h="20"><a><fillColor><color rgba="#ffffebeb"/></fillColor></a></e><t id="59" x="1077.5068359375" y="118.7080078125"><a><text><string>Turno</string></text></a></t></children></atr></Owner></rConnector></startConnector><endConnector><rConnector id="5a"><Owner><ent id="5b"><children><r id="5c" x="896" y="148" w="127.736328125" h="40"><a><fillColor><color rgba="#ffebffe8"/></fillColor></a></r><t id="5d" x="906" y="160.7080078125"><a><text><string>Personal_Training</string></text></a></t></children></ent></Owner></rConnector></endConnector></lcaf><atr ref="57"/><ta id="5e" x="802" y="8" w="106" h="40"><a><text><string>Entidad 1:
Trabajador</string></text></a></ta><ent id="5f"><children><r id="60" x="954" y="331" w="80" h="40"><a><fillColor><color rgba="#ffebffe8"/></fillColor></a></r><t id="61" x="973.2080078125" y="343.7080078125"><a><text><string>Cliente</string></text></a></t></children></ent><atr id="62" nullable="false" attributeType="VARCHAR2(128)"><children><e id="63" x="820" y="294" w="80" h="20"><a><fillColor><color rgba="#ffffebeb"/></fillColor></a></e><t id="64" x="836.1611328125" y="296.7080078125"><a><text><string>Nombre</string></text></a></t></children></atr><atr id="65" nullable="false" attributeType="VARCHAR2(128)"><children><e id="66" x="895" y="258" w="80" h="20"><a><fillColor><color rgba="#ffffebeb"/></fillColor></a></e><t id="67" x="911.2666015625" y="260.7080078125"><a><text><string>Apellido</string></text></a></t></children></atr><atr id="68" nullable="false" attributeType="VARCHAR2(128)"><children><e id="69" x="995" y="260" w="97" h="25"><a><fillColor><color rgba="#ffffebeb"/></fillColor></a></e><t id="6a" x="1017.818359375" y="265.2080078125"><a><text><string>Telefono</string></text></a></t></children></atr><atr id="6b" nullable="false" attributeType="VARCHAR2(128)"><children><e id="6c" x="1101" y="294" w="89" h="20"><a><fillColor><color rgba="#ffffebeb"/></fillColor></a></e><t id="6d" x="1114.6298828125" y="296.7080078125"><a><text><string>Id_Cliente</string></text></a></t></children></atr><lcaf id="6e"><points><p colinear="true" x="888.5106382978723" y="314" c1x="1013" c1y="148" c2x="1013" c2y="148"/><p colinear="true" x="954" y="336.97014925373134" c1x="1013" c1y="148" c2x="1013" c2y="148"/></points><startConnector><rConnector id="6f"><Owner><atr ref="62"/></Owner></rConnector></startConnector><endConnector><rConnector id="70"><Owner><ent ref="5f"/></Owner></rConnector></endConnector></lcaf><lcaf id="71"><points><p colinear="true" x="942.1084337349398" y="278" c1x="1011.7586206896551" c1y="155" c2x="1011.7586206896551" c2y="155"/><p colinear="true" x="979.7831325301205" y="331" c1x="1011.7586206896551" c1y="155" c2x="1011.7586206896551" c2y="155"/></points><startConnector><rConnector id="72"><Owner><atr ref="65"/></Owner></rConnector></startConnector><endConnector><rConnector id="73"><Owner><ent ref="5f"/></Owner></rConnector></endConnector></lcaf><lcaf id="74"><points><p colinear="true" x="1035.6178343949045" y="285" c1x="1013" c1y="148" c2x="1013" c2y="148"/><p colinear="true" x="1006.6114649681529" y="331" c1x="1013" c1y="148" c2x="1013" c2y="148"/></points><startConnector><rConnector id="75"><Owner><atr ref="68"/></Owner></rConnector></startConnector><endConnector><rConnector id="76"><Owner><ent ref="5f"/></Owner></rConnector></endConnector></lcaf><lcaf id="77"><points><p colinear="true" x="1113.2659574468084" y="314" c1x="1013" c1y="148" c2x="1013" c2y="148"/><p colinear="true" x="1034" y="338.5907590759076" c1x="1013" c1y="148" c2x="1013" c2y="148"/></points><startConnector><rConnector id="78"><Owner><atr ref="6b"/></Owner></rConnector></startConnector><endConnector><rConnector id="79"><Owner><ent ref="5f"/></Owner></rConnector></endConnector></lcaf><ta id="7a" x="797" y="209" w="106" h="40"><a><text><string>Relacion 2:
usa

</string></text></a></ta><ent id="7b"><children><r id="7c" x="967" y="527" w="80" h="40"><a><fillColor><color rgba="#ffebffe8"/></fillColor></a></r><t id="7d" x="981.2421875" y="539.7080078125"><a><text><string>Sucursal</string></text></a></t></children></ent><atr id="7e" nullable="false" attributeType="VARCHAR2(128)"><children><e id="7f" x="827" y="490" w="126.822265625" h="27"><a><fillColor><color rgba="#ffffebeb"/></fillColor></a></e><t id="80" x="837" y="496.2080078125"><a><text><string>Nombre_Sucursal</string></text></a></t></children></atr><atr id="81" nullable="false" attributeType="VARCHAR2(128)"><children><e id="82" x="903" y="450" w="80" h="20"><a><fillColor><color rgba="#ffffebeb"/></fillColor></a></e><t id="83" x="915.2587890625" y="452.7080078125"><a><text><string>Direccion</string></text></a></t></children></atr><atr id="84" nullable="false" attributeType="VARCHAR2(128)"><children><e id="85" x="997" y="448" w="97" h="25"><a><fillColor><color rgba="#ffffebeb"/></fillColor></a></e><t id="86" x="1019.818359375" y="453.2080078125"><a><text><string>Telefono</string></text></a></t></children></atr><atr id="87" nullable="false" attributeType="VARCHAR2(128)"><children><e id="88" x="1108" y="490" w="89" h="20"><a><fillColor><color rgba="#ffffebeb"/></fillColor></a></e><t id="89" x="1116.6640625" y="492.7080078125"><a><text><string>Id_Sucursal</string></text></a></t></children></atr><lcaf id="8a"><points><p colinear="true" x="926.5938846982758" y="517" c1x="1019" c1y="344" c2x="1019" c2y="344"/><p colinear="true" x="967" y="532.0757620176402" c1x="1019" c1y="344" c2x="1019" c2y="344"/></points><startConnector><rConnector id="8b"><Owner><atr ref="7e"/></Owner></rConnector></startConnector><endConnector><rConnector id="8c"><Owner><ent ref="7b"/></Owner></rConnector></endConnector></lcaf><lcaf id="8d"><points><p colinear="true" x="950.3563218390805" y="470" c1x="1019" c1y="344" c2x="1019" c2y="344"/><p colinear="true" x="992.2873563218391" y="527" c1x="1019" c1y="344" c2x="1019" c2y="344"/></points><startConnector><rConnector id="8e"><Owner><atr ref="81"/></Owner></rConnector></startConnector><endConnector><rConnector id="8f"><Owner><ent ref="7b"/></Owner></rConnector></endConnector></lcaf><lcaf id="90"><points><p colinear="true" x="1039.936416184971" y="473" c1x="1019" c1y="344" c2x="1019" c2y="344"/><p colinear="true" x="1015.9017341040462" y="527" c1x="1019" c1y="344" c2x="1019" c2y="344"/></points><startConnector><rConnector id="91"><Owner><atr ref="84"/></Owner></rConnector></startConnector><endConnector><rConnector id="92"><Owner><ent ref="7b"/></Owner></rConnector></endConnector></lcaf><lcaf id="93"><points><p colinear="true" x="1121.5425531914893" y="510" c1x="1019" c1y="344" c2x="1019" c2y="344"/><p colinear="true" x="1047" y="534.0790378006873" c1x="1019" c1y="344" c2x="1019" c2y="344"/></points><startConnector><rConnector id="94"><Owner><atr ref="87"/></Owner></rConnector></startConnector><endConnector><rConnector id="95"><Owner><ent ref="7b"/></Owner></rConnector></endConnector></lcaf><ta id="96" x="813" y="384" w="106" h="40"><a><text><string>Relacion 3:
compra

</string></text></a></ta><ent ref="5b"/><atr id="97" nullable="false" attributeType="VARCHAR2(128)"><children><e id="98" x="799" y="112" w="90" h="20"><a><fillColor><color rgba="#ffffebeb"/></fillColor></a></e><t id="99" x="807.0185546875" y="114.7080078125"><a><text><string>Especialidad</string></text></a></t></children></atr><atr id="9a" nullable="false" attributeType="VARCHAR2(128)"><children><e id="9b" x="872" y="68" w="80" h="20"><a><fillColor><color rgba="#ffffebeb"/></fillColor></a></e><t id="9c" x="888.1611328125" y="70.7080078125"><a><text><string>Nombre</string></text></a></t></children></atr><atr id="9d" nullable="false" attributeType="VARCHAR2(128)"><children><e id="9e" x="967" y="68" w="119" h="25"><a><fillColor><color rgba="#ffffebeb"/></fillColor></a></e><t id="9f" x="978.3681640625" y="73.2080078125"><a><text><string>Id_Per_Training</string></text></a></t></children></atr><lcaf id="a0"><points><p colinear="true" x="869.1887313179348" y="132" c1x="1008" c1y="-32" c2x="1008" c2y="-32"/><p colinear="true" x="909.4907014266305" y="148" c1x="1008" c1y="-32" c2x="1008" c2y="-32"/></points><startConnector><rConnector id="a1"><Owner><atr ref="97"/></Owner></rConnector></startConnector><endConnector><rConnector id="a2"><Owner><ent ref="5b"/></Owner></rConnector></endConnector></lcaf><lcaf id="a3"><points><p colinear="true" x="917.3186848958334" y="88" c1x="1008" c1y="-32" c2x="1008" c2y="-32"/><p colinear="true" x="949.2307942708334" y="148" c1x="1008" c1y="-32" c2x="1008" c2y="-32"/></points><startConnector><rConnector id="a4"><Owner><atr ref="9a"/></Owner></rConnector></startConnector><endConnector><rConnector id="a5"><Owner><ent ref="5b"/></Owner></rConnector></endConnector></lcaf><lcaf id="a6"><points><p colinear="true" x="1016.9811662946429" y="93" c1x="1008" c1y="-32" c2x="1008" c2y="-32"/><p colinear="true" x="975.0982979910714" y="148" c1x="1008" c1y="-32" c2x="1008" c2y="-32"/></points><startConnector><rConnector id="a7"><Owner><atr ref="9d"/></Owner></rConnector></startConnector><endConnector><rConnector id="a8"><Owner><ent ref="5b"/></Owner></rConnector></endConnector></lcaf><ta id="a9" x="802" y="8" w="106" h="40"><a><text><string>Relacion 1:
entrena
</string></text></a></ta><ent id="aa"><children><r id="ab" x="527" y="144" w="80" h="40"><a><fillColor><color rgba="#ffebffe8"/></fillColor></a></r><t id="ac" x="538.6318359375" y="156.7080078125"><a><text><string>Maquinas</string></text></a></t></children></ent><atr id="ad" nullable="false" attributeType="VARCHAR2(128)"><children><e id="ae" x="393" y="108" w="80" h="20"><a><fillColor><color rgba="#ffffebeb"/></fillColor></a></e><t id="af" x="420.2763671875" y="110.7080078125"><a><text><string>Tipo</string></text></a></t></children></atr><atr id="b0" nullable="false" attributeType="VARCHAR2(128)"><children><e id="b1" x="468" y="72" w="80" h="20"><a><fillColor><color rgba="#ffffebeb"/></fillColor></a></e><t id="b2" x="472.6796875" y="74.7080078125"><a><text><string>Id_Maquina</string></text></a></t></children></atr><atr id="b3" nullable="false" attributeType="VARCHAR2(128)"><children><e id="b4" x="568" y="74" w="97" h="25"><a><fillColor><color rgba="#ffffebeb"/></fillColor></a></e><t id="b5" x="598.107421875" y="79.2080078125"><a><text><string>Orden</string></text></a></t></children></atr><atr id="b6" nullable="false" attributeType="VARCHAR2(128)"><children><e id="b7" x="648" y="108" w="109.126953125" h="20"><a><fillColor><color rgba="#ffffebeb"/></fillColor></a></e><t id="b8" x="658" y="110.7080078125"><a><text><string>Piso_Ubicacion</string></text></a></t></children></atr><lcaf id="b9"><points><p colinear="true" x="462.1304347826087" y="128" c1x="586" c1y="-38" c2x="586" c2y="-38"/><p colinear="true" x="527" y="150.2686567164179" c1x="586" c1y="-38" c2x="586" c2y="-38"/></points><startConnector><rConnector id="ba"><Owner><atr ref="ad"/></Owner></rConnector></startConnector><endConnector><rConnector id="bb"><Owner><ent ref="aa"/></Owner></rConnector></endConnector></lcaf><lcaf id="bc"><points><p colinear="true" x="515.1951219512196" y="92" c1x="584.7586206896551" c1y="-31" c2x="584.7586206896551" c2y="-31"/><p colinear="true" x="552.609756097561" y="144" c1x="584.7586206896551" c1y="-31" c2x="584.7586206896551" c2y="-31"/></points><startConnector><rConnector id="bd"><Owner><atr ref="b0"/></Owner></rConnector></startConnector><endConnector><rConnector id="be"><Owner><ent ref="aa"/></Owner></rConnector></endConnector></lcaf><lcaf id="bf"><points><p colinear="true" x="608.516129032258" y="99" c1x="586" c1y="-38" c2x="586" c2y="-38"/><p colinear="true" x="579.7741935483871" y="144" c1x="586" c1y="-38" c2x="586" c2y="-38"/></points><startConnector><rConnector id="c0"><Owner><atr ref="b3"/></Owner></rConnector></startConnector><endConnector><rConnector id="c1"><Owner><ent ref="aa"/></Owner></rConnector></endConnector></lcaf><lcaf id="c2"><points><p colinear="true" x="673.0931555706521" y="128" c1x="586" c1y="-38" c2x="586" c2y="-38"/><p colinear="true" x="607" y="150.42702262691168" c1x="586" c1y="-38" c2x="586" c2y="-38"/></points><startConnector><rConnector id="c3"><Owner><atr ref="b6"/></Owner></rConnector></startConnector><endConnector><rConnector id="c4"><Owner><ent ref="aa"/></Owner></rConnector></endConnector></lcaf><ta id="c5" x="372" y="17" w="106" h="40"><a><text><string>Entidad 4:
Cliente
</string></text></a></ta><ent id="c6"><children><r id="c7" x="1359" y="332" w="80" h="40"><a><fillColor><color rgba="#ffebffe8"/></fillColor></a></r><t id="c8" x="1370.6318359375" y="344.7080078125"><a><text><string>Maquinas</string></text></a></t></children></ent><atr id="c9" nullable="false" attributeType="VARCHAR2(128)"><children><e id="ca" x="1224" y="296" w="80" h="20"><a><fillColor><color rgba="#ffffebeb"/></fillColor></a></e><t id="cb" x="1251.2763671875" y="298.7080078125"><a><text><string>Tipo</string></text></a></t></children></atr><atr id="cc" nullable="false" attributeType="VARCHAR2(128)"><children><e id="cd" x="1299" y="260" w="80" h="20"><a><fillColor><color rgba="#ffffebeb"/></fillColor></a></e><t id="ce" x="1303.6796875" y="262.7080078125"><a><text><string>Id_Maquina</string></text></a></t></children></atr><atr id="cf" nullable="false" attributeType="VARCHAR2(128)"><children><e id="d0" x="1399" y="262" w="97" h="25"><a><fillColor><color rgba="#ffffebeb"/></fillColor></a></e><t id="d1" x="1429.107421875" y="267.2080078125"><a><text><string>Orden</string></text></a></t></children></atr><atr id="d2" nullable="false" attributeType="VARCHAR2(128)"><children><e id="d3" x="1479" y="296" w="109.126953125" h="20"><a><fillColor><color rgba="#ffffebeb"/></fillColor></a></e><t id="d4" x="1489" y="298.7080078125"><a><text><string>Piso_Ubicacion</string></text></a></t></children></atr><lcaf id="d5"><points><p colinear="true" x="1293.3478260869565" y="316" c1x="1417" c1y="150" c2x="1417" c2y="150"/><p colinear="true" x="1359" y="338.3703703703704" c1x="1417" c1y="150" c2x="1417" c2y="150"/></points><startConnector><rConnector id="d6"><Owner><atr ref="c9"/></Owner></rConnector></startConnector><endConnector><rConnector id="d7"><Owner><ent ref="c6"/></Owner></rConnector></endConnector></lcaf><lcaf id="d8"><points><p colinear="true" x="1346.3170731707316" y="280" c1x="1415.7586206896551" c1y="157" c2x="1415.7586206896551" c2y="157"/><p colinear="true" x="1384.3658536585365" y="332" c1x="1415.7586206896551" c1y="157" c2x="1415.7586206896551" c2y="157"/></points><startConnector><rConnector id="d9"><Owner><atr ref="cc"/></Owner></rConnector></startConnector><endConnector><rConnector id="da"><Owner><ent ref="c6"/></Owner></rConnector></endConnector></lcaf><lcaf id="db"><points><p colinear="true" x="1439.6774193548388" y="287" c1x="1417" c1y="150" c2x="1417" c2y="150"/><p colinear="true" x="1411.516129032258" y="332" c1x="1417" c1y="150" c2x="1417" c2y="150"/></points><startConnector><rConnector id="dc"><Owner><atr ref="cf"/></Owner></rConnector></startConnector><endConnector><rConnector id="dd"><Owner><ent ref="c6"/></Owner></rConnector></endConnector></lcaf><lcaf id="de"><points><p colinear="true" x="1504.310546875" y="316" c1x="1417" c1y="150" c2x="1417" c2y="150"/><p colinear="true" x="1439" y="338.32615590051745" c1x="1417" c1y="150" c2x="1417" c2y="150"/></points><startConnector><rConnector id="df"><Owner><atr ref="d2"/></Owner></rConnector></startConnector><endConnector><rConnector id="e0"><Owner><ent ref="c6"/></Owner></rConnector></endConnector></lcaf><rel id="e1"><children><diamond id="e2" x="1165" y="330" w="80" h="40"><a><fillColor><color rgba="#ffddddff"/></fillColor></a></diamond><t id="e3" x="1194.4736328125" y="342.7080078125"><a><text><string>usa</string></text></a></t></children></rel><lcaf id="e4"><points><p colinear="true" x="1165" y="350.18957345971563" c1x="0" c1y="0" c2x="0" c2y="0"/><p colinear="true" x="1034" y="350.81042654028437" c1x="0" c1y="0" c2x="0" c2y="0"/></points><startConnector><rConnector id="e5"><Owner><rel ref="e1"/></Owner></rConnector></startConnector><endConnector><rConnector id="e6"><Owner><ent ref="5f"/></Owner></rConnector></endConnector></lcaf><lcaf id="e7"><points><p colinear="true" x="1245" y="350.41237113402065" c1x="0" c1y="0" c2x="0" c2y="0"/><p colinear="true" x="1359" y="351.58762886597935" c1x="0" c1y="0" c2x="0" c2y="0"/></points><startConnector><rConnector id="e8"><Owner><rel ref="e1"/></Owner></rConnector></startConnector><endConnector><rConnector id="e9"><Owner><ent ref="c6"/></Owner></rConnector></endConnector></lcaf><ent id="ea"><children><r id="eb" x="1401" y="533" w="80" h="40"><a><fillColor><color rgba="#ffebffe8"/></fillColor></a></r><t id="ec" x="1412.6318359375" y="545.7080078125"><a><text><string>Maquinas</string></text></a></t></children></ent><atr id="ed" nullable="false" attributeType="VARCHAR2(128)"><children><e id="ee" x="1263" y="476" w="80" h="20"><a><fillColor><color rgba="#ffffebeb"/></fillColor></a></e><t id="ef" x="1290.2763671875" y="478.7080078125"><a><text><string>Tipo</string></text></a></t></children></atr><atr id="f0" nullable="false" attributeType="VARCHAR2(128)"><children><e id="f1" x="1338" y="440" w="80" h="20"><a><fillColor><color rgba="#ffffebeb"/></fillColor></a></e><t id="f2" x="1342.6796875" y="442.7080078125"><a><text><string>Id_Maquina</string></text></a></t></children></atr><atr id="f3" nullable="false" attributeType="VARCHAR2(128)"><children><e id="f4" x="1438" y="442" w="97" h="25"><a><fillColor><color rgba="#ffffebeb"/></fillColor></a></e><t id="f5" x="1468.107421875" y="447.2080078125"><a><text><string>Orden</string></text></a></t></children></atr><atr id="f6" nullable="false" attributeType="VARCHAR2(128)"><children><e id="f7" x="1518" y="476" w="109.126953125" h="20"><a><fillColor><color rgba="#ffffebeb"/></fillColor></a></e><t id="f8" x="1528" y="478.7080078125"><a><text><string>Piso_Ubicacion</string></text></a></t></children></atr><lcaf id="f9"><points><p colinear="true" x="1323.597014925373" y="496" c1x="1456" c1y="330" c2x="1456" c2y="330"/><p colinear="true" x="1401" y="533.5797101449275" c1x="1456" c1y="330" c2x="1456" c2y="330"/></points><startConnector><rConnector id="fa"><Owner><atr ref="ed"/></Owner></rConnector></startConnector><endConnector><rConnector id="fb"><Owner><ent ref="ea"/></Owner></rConnector></endConnector></lcaf><lcaf id="fc"><points><p colinear="true" x="1384.116504854369" y="460" c1x="1454.7586206896551" c1y="337" c2x="1454.7586206896551" c2y="337"/><p colinear="true" x="1428.7669902912621" y="533" c1x="1454.7586206896551" c1y="337" c2x="1454.7586206896551" c2y="337"/></points><startConnector><rConnector id="fd"><Owner><atr ref="f0"/></Owner></rConnector></startConnector><endConnector><rConnector id="fe"><Owner><ent ref="ea"/></Owner></rConnector></endConnector></lcaf><lcaf id="ff"><points><p colinear="true" x="1480.725888324873" y="467" c1x="1456" c1y="330" c2x="1456" c2y="330"/><p colinear="true" x="1450.238578680203" y="533" c1x="1456" c1y="330" c2x="1456" c2y="330"/></points><startConnector><rConnector id="100"><Owner><atr ref="f3"/></Owner></rConnector></startConnector><endConnector><rConnector id="101"><Owner><ent ref="ea"/></Owner></rConnector></endConnector></lcaf><lcaf id="102"><points><p colinear="true" x="1552.9271367770523" y="496" c1x="1456" c1y="330" c2x="1456" c2y="330"/><p colinear="true" x="1480.2726795708954" y="533" c1x="1456" c1y="330" c2x="1456" c2y="330"/></points><startConnector><rConnector id="103"><Owner><atr ref="f6"/></Owner></rConnector></startConnector><endConnector><rConnector id="104"><Owner><ent ref="ea"/></Owner></rConnector></endConnector></lcaf><rel id="105"><children><diamond id="106" x="1192" y="526" w="80" h="40"><a><fillColor><color rgba="#ffddddff"/></fillColor></a></diamond><t id="107" x="1209.494140625" y="538.7080078125"><a><text><string>compra</string></text></a></t></children></rel><lcaf id="108"><points><p colinear="true" x="1192" y="546.1777777777778" c1x="0" c1y="0" c2x="0" c2y="0"/><p colinear="true" x="1047" y="546.8222222222222" c1x="0" c1y="0" c2x="0" c2y="0"/></points><startConnector><rConnector id="109"><Owner><rel ref="105"/></Owner></rConnector></startConnector><endConnector><rConnector id="10a"><Owner><ent ref="7b"/></Owner></rConnector></endConnector></lcaf><lcaf id="10b"><points><p colinear="true" x="1272" y="547.3397129186603" c1x="0" c1y="0" c2x="0" c2y="0"/><p colinear="true" x="1401" y="551.6602870813397" c1x="0" c1y="0" c2x="0" c2y="0"/></points><startConnector><rConnector id="10c"><Owner><rel ref="105"/></Owner></rConnector></startConnector><endConnector><rConnector id="10d"><Owner><ent ref="ea"/></Owner></rConnector></endConnector></lcaf><ent id="10e"><children><r id="10f" x="1335" y="149" w="80" h="40"><a><fillColor><color rgba="#ffebffe8"/></fillColor></a></r><t id="110" x="1354.2080078125" y="161.7080078125"><a><text><string>Cliente</string></text></a></t></children></ent><atr id="111" nullable="false" attributeType="VARCHAR2(128)"><children><e id="112" x="1201" y="112" w="80" h="20"><a><fillColor><color rgba="#ffffebeb"/></fillColor></a></e><t id="113" x="1217.1611328125" y="114.7080078125"><a><text><string>Nombre</string></text></a></t></children></atr><atr id="114" nullable="false" attributeType="VARCHAR2(128)"><children><e id="115" x="1276" y="76" w="80" h="20"><a><fillColor><color rgba="#ffffebeb"/></fillColor></a></e><t id="116" x="1292.2666015625" y="78.7080078125"><a><text><string>Apellido</string></text></a></t></children></atr><atr id="117" nullable="false" attributeType="VARCHAR2(128)"><children><e id="118" x="1376" y="78" w="97" h="25"><a><fillColor><color rgba="#ffffebeb"/></fillColor></a></e><t id="119" x="1398.818359375" y="83.2080078125"><a><text><string>Telefono</string></text></a></t></children></atr><atr id="11a" nullable="false" attributeType="VARCHAR2(128)"><children><e id="11b" x="1482" y="112" w="89" h="20"><a><fillColor><color rgba="#ffffebeb"/></fillColor></a></e><t id="11c" x="1495.6298828125" y="114.7080078125"><a><text><string>Id_Cliente</string></text></a></t></children></atr><lcaf id="11d"><points><p colinear="true" x="1269.5106382978724" y="132" c1x="1394" c1y="-34" c2x="1394" c2y="-34"/><p colinear="true" x="1335" y="154.97014925373134" c1x="1394" c1y="-34" c2x="1394" c2y="-34"/></points><startConnector><rConnector id="11e"><Owner><atr ref="111"/></Owner></rConnector></startConnector><endConnector><rConnector id="11f"><Owner><ent ref="10e"/></Owner></rConnector></endConnector></lcaf><lcaf id="120"><points><p colinear="true" x="1323.1084337349398" y="96" c1x="1392.7586206896551" c1y="-27" c2x="1392.7586206896551" c2y="-27"/><p colinear="true" x="1360.7831325301204" y="149" c1x="1392.7586206896551" c1y="-27" c2x="1392.7586206896551" c2y="-27"/></points><startConnector><rConnector id="121"><Owner><atr ref="114"/></Owner></rConnector></startConnector><endConnector><rConnector id="122"><Owner><ent ref="10e"/></Owner></rConnector></endConnector></lcaf><lcaf id="123"><points><p colinear="true" x="1416.6178343949045" y="103" c1x="1394" c1y="-34" c2x="1394" c2y="-34"/><p colinear="true" x="1387.6114649681529" y="149" c1x="1394" c1y="-34" c2x="1394" c2y="-34"/></points><startConnector><rConnector id="124"><Owner><atr ref="117"/></Owner></rConnector></startConnector><endConnector><rConnector id="125"><Owner><ent ref="10e"/></Owner></rConnector></endConnector></lcaf><lcaf id="126"><points><p colinear="true" x="1494.2659574468084" y="132" c1x="1394" c1y="-34" c2x="1394" c2y="-34"/><p colinear="true" x="1415" y="156.59075907590758" c1x="1394" c1y="-34" c2x="1394" c2y="-34"/></points><startConnector><rConnector id="127"><Owner><atr ref="11a"/></Owner></rConnector></startConnector><endConnector><rConnector id="128"><Owner><ent ref="10e"/></Owner></rConnector></endConnector></lcaf><rel id="129"><children><diamond id="12a" x="1137" y="148" w="80" h="40"><a><fillColor><color rgba="#ffddddff"/></fillColor></a></diamond><t id="12b" x="1153.7294921875" y="160.7080078125"><a><text><string>entrena</string></text></a></t></children></rel><lcaf id="12c"><points><p colinear="true" x="1137" y="168" c1x="0" c1y="0" c2x="0" c2y="0"/><p colinear="true" x="1023.736328125" y="168" c1x="0" c1y="0" c2x="0" c2y="0"/></points><startConnector><rConnector id="12d"><Owner><rel ref="129"/></Owner></rConnector></startConnector><endConnector><rConnector id="12e"><Owner><ent ref="5b"/></Owner></rConnector></endConnector></lcaf><lcaf id="12f"><points><p colinear="true" x="1217" y="168.2020202020202" c1x="0" c1y="0" c2x="0" c2y="0"/><p colinear="true" x="1335" y="168.7979797979798" c1x="0" c1y="0" c2x="0" c2y="0"/></points><startConnector><rConnector id="130"><Owner><rel ref="129"/></Owner></rConnector></startConnector><endConnector><rConnector id="131"><Owner><ent ref="10e"/></Owner></rConnector></endConnector></lcaf><ta id="132" x="392" y="218" w="158" h="40"><a><text><string>Entidad 5:
Programas_Deportivos

</string></text></a></ta><ent id="133"><children><r id="134" x="484" y="367" w="167" h="40"><a><fillColor><color rgba="#ffebffe8"/></fillColor></a></r><t id="135" x="498.9306640625" y="379.7080078125"><a><text><string>Programas_Deportivos</string></text></a></t></children></ent><atr id="136" nullable="false" attributeType="VARCHAR2(128)"><children><e id="137" x="394" y="322" w="80" h="20"><a><fillColor><color rgba="#ffffebeb"/></fillColor></a></e><t id="138" x="411.8369140625" y="324.7080078125"><a><text><string>Horario</string></text></a></t></children></atr><atr id="139" nullable="false" attributeType="VARCHAR2(128)"><children><e id="13a" x="469" y="286" w="80" h="20"><a><fillColor><color rgba="#ffffebeb"/></fillColor></a></e><t id="13b" x="496.9677734375" y="288.7080078125"><a><text><string>Piso</string></text></a></t></children></atr><atr id="13c" nullable="false" attributeType="VARCHAR2(128)"><children><e id="13d" x="569" y="288" w="97" h="25"><a><fillColor><color rgba="#ffffebeb"/></fillColor></a></e><t id="13e" x="593.423828125" y="293.2080078125"><a><text><string>Deporte</string></text></a></t></children></atr><atr id="13f" nullable="false" attributeType="VARCHAR2(128)"><children><e id="140" x="649" y="322" w="109.126953125" h="20"><a><fillColor><color rgba="#ffffebeb"/></fillColor></a></e><t id="141" x="686.0703125" y="324.7080078125"><a><text><string>Turno</string></text></a></t></children></atr><lcaf id="142"><points><p colinear="true" x="458.27272727272725" y="342" c1x="587" c1y="176" c2x="587" c2y="176"/><p colinear="true" x="518.9545454545455" y="367" c1x="587" c1y="176" c2x="587" c2y="176"/></points><startConnector><rConnector id="143"><Owner><atr ref="136"/></Owner></rConnector></startConnector><endConnector><rConnector id="144"><Owner><ent ref="133"/></Owner></rConnector></endConnector></lcaf><lcaf id="145"><points><p colinear="true" x="515.4285714285714" y="306" c1x="585.7586206896551" c1y="183" c2x="585.7586206896551" c2y="183"/><p colinear="true" x="554.6428571428571" y="367" c1x="585.7586206896551" c1y="183" c2x="585.7586206896551" c2y="183"/></points><startConnector><rConnector id="146"><Owner><atr ref="139"/></Owner></rConnector></startConnector><endConnector><rConnector id="147"><Owner><ent ref="133"/></Owner></rConnector></endConnector></lcaf><lcaf id="148"><points><p colinear="true" x="610.2745664739884" y="313" c1x="587" c1y="176" c2x="587" c2y="176"/><p colinear="true" x="579.0606936416185" y="367" c1x="587" c1y="176" c2x="587" c2y="176"/></points><startConnector><rConnector id="149"><Owner><atr ref="13c"/></Owner></rConnector></startConnector><endConnector><rConnector id="14a"><Owner><ent ref="133"/></Owner></rConnector></endConnector></lcaf><lcaf id="14b"><points><p colinear="true" x="678.8246626420455" y="342" c1x="587" c1y="176" c2x="587" c2y="176"/><p colinear="true" x="616.9776278409091" y="367" c1x="587" c1y="176" c2x="587" c2y="176"/></points><startConnector><rConnector id="14c"><Owner><atr ref="13f"/></Owner></rConnector></startConnector><endConnector><rConnector id="14d"><Owner><ent ref="133"/></Owner></rConnector></endConnector></lcaf></figures></drawing>