<drawing><figures><ent id="0"><children><r id="1" x="459" y="73" w="93" h="40"><a><fillColor><color rgba="#ffebffe8"/></fillColor></a></r><t id="2" x="469.9921875" y="85.7080078125"><a><text><string>Transplante</string></text></a></t></children></ent><ent id="3"><children><r id="4" x="792" y="462" w="80" h="40"><a><fillColor><color rgba="#ffebffe8"/></fillColor></a></r><t id="5" x="806.6962890625" y="474.7080078125"><a><text><string>Paciente</string></text></a></t></children></ent><rel id="6"><children><diamond id="7" x="790" y="249" w="80" h="40"><a><fillColor><color rgba="#ffddddff"/></fillColor></a></diamond><t id="8" x="802.8330078125" y="261.7080078125"><a><text><string>realizado</string></text></a></t></children></rel><llabelUm id="9"><points><p colinear="true" x="793.125" y="249" c1x="28" c1y="239" c2x="28" c2y="239"/><p colinear="true" x="542.375" y="113" c1x="28" c1y="239" c2x="28" c2y="239"/></points><startConnector><rConnector id="a"><Owner><rel ref="6"/></Owner></rConnector></startConnector><endConnector><rConnector id="b"><Owner><ent ref="0"/></Owner></rConnector></endConnector></llabelUm><llabelUm id="c"><points><p colinear="true" x="830.1877934272301" y="289" c1x="28" c1y="239" c2x="28" c2y="239"/><p colinear="true" x="831.8122065727699" y="462" c1x="28" c1y="239" c2x="28" c2y="239"/></points><startConnector><rConnector id="d"><Owner><rel ref="6"/></Owner></rConnector></startConnector><endConnector><rConnector id="e"><Owner><ent ref="3"/></Owner></rConnector></endConnector></llabelUm><ent id="f"><children><r id="10" x="375" y="453" w="80" h="40"><a><fillColor><color rgba="#ffebffe8"/></fillColor></a></r><t id="11" x="392.9365234375" y="465.7080078125"><a><text><string>Organo</string></text></a></t></children></ent><rel id="12"><children><diamond id="13" x="519" y="455" w="127.16796875" h="40"><a><fillColor><color rgba="#ffddddff"/></fillColor></a></diamond><t id="14" x="541" y="467.7080078125"><a><text><string>transplantado</string></text></a></t></children></rel><llabelMuitos id="15"><points><p colinear="true" x="519" y="474.2411687237043" c1x="13" c1y="137" c2x="13" c2y="137"/><p colinear="true" x="455" y="473.47737258604013" c1x="13" c1y="137" c2x="13" c2y="137"/></points><startConnector><rConnector id="16"><Owner><rel ref="12"/></Owner></rConnector></startConnector><endConnector><rConnector id="17"><Owner><ent ref="f"/></Owner></rConnector></endConnector><a><text><string>N</string></text></a></llabelMuitos><llabelUm id="18"><points><p colinear="true" x="646.16796875" y="476.7845200898975" c1x="13" c1y="137" c2x="13" c2y="137"/><p colinear="true" x="792" y="480.87737762429424" c1x="13" c1y="137" c2x="13" c2y="137"/></points><startConnector><rConnector id="19"><Owner><rel ref="12"/></Owner></rConnector></startConnector><endConnector><rConnector id="1a"><Owner><ent ref="3"/></Owner></rConnector></endConnector></llabelUm><ent id="1b"><children><r id="1c" x="75" y="307" w="80" h="40"><a><fillColor><color rgba="#ffebffe8"/></fillColor></a></r><t id="1d" x="81.1240234375" y="319.7080078125"><a><text><string>Fecha/hora</string></text></a></t></children></ent><rel id="1e"><children><diamond id="1f" x="226" y="169" w="80" h="40"><a><fillColor><color rgba="#ffddddff"/></fillColor></a></diamond><t id="20" x="244.1796875" y="181.7080078125"><a><text><string>ocurrre</string></text></a></t></children></rel><llabelUm id="21"><points><p colinear="true" x="306" y="172.96659707724427" c1x="13" c1y="137" c2x="13" c2y="137"/><p colinear="true" x="459" y="111.63883089770354" c1x="13" c1y="137" c2x="13" c2y="137"/></points><startConnector><rConnector id="22"><Owner><rel ref="1e"/></Owner></rConnector></startConnector><endConnector><rConnector id="23"><Owner><ent ref="0"/></Owner></rConnector></endConnector></llabelUm><llabelUm id="24"><points><p colinear="true" x="244.1159420289855" y="209" c1x="13" c1y="137" c2x="13" c2y="137"/><p colinear="true" x="136.8840579710145" y="307" c1x="13" c1y="137" c2x="13" c2y="137"/></points><startConnector><rConnector id="25"><Owner><rel ref="1e"/></Owner></rConnector></startConnector><endConnector><rConnector id="26"><Owner><ent ref="1b"/></Owner></rConnector></endConnector></llabelUm><rel id="27"><children><diamond id="28" x="264" y="74" w="80" h="40"><a><fillColor><color rgba="#ffddddff"/></fillColor></a></diamond><t id="29" x="284.740234375" y="86.7080078125"><a><text><string>ocurre</string></text></a></t></children></rel><ent id="2a"><children><r id="2b" x="50" y="78" w="106.30859375" h="40"><a><fillColor><color rgba="#ffebffe8"/></fillColor></a></r><t id="2c" x="60" y="90.7080078125"><a><text><string>Sala _Hospital</string></text></a></t></children></ent><llabelUm id="2d"><points><p colinear="true" x="344" y="93.8014888337469" c1x="6" c1y="68" c2x="6" c2y="68"/><p colinear="true" x="459" y="93.23076923076923" c1x="6" c1y="68" c2x="6" c2y="68"/></points><startConnector><rConnector id="2e"><Owner><rel ref="27"/></Owner></rConnector></startConnector><endConnector><rConnector id="2f"><Owner><ent ref="0"/></Owner></rConnector></endConnector></llabelUm><llabelUm id="30"><points><p colinear="true" x="264" y="94.79663143154434" c1x="6" c1y="68" c2x="6" c2y="68"/><p colinear="true" x="156.30859375" y="96.94139040969338" c1x="6" c1y="68" c2x="6" c2y="68"/></points><startConnector><rConnector id="31"><Owner><rel ref="27"/></Owner></rConnector></startConnector><endConnector><rConnector id="32"><Owner><ent ref="2a"/></Owner></rConnector></endConnector></llabelUm><ent id="33"><children><r id="34" x="302" y="307" w="80" h="40"><a><fillColor><color rgba="#ffebffe8"/></fillColor></a></r><t id="35" x="318.5185546875" y="319.7080078125"><a><text><string>Equipos</string></text></a></t></children></ent><rel id="36"><children><diamond id="37" x="388" y="187" w="91" h="40"><a><fillColor><color rgba="#ffddddff"/></fillColor></a></diamond><t id="38" x="411.8466796875" y="199.7080078125"><a><text><string>utilizan</string></text></a></t></children></rel><llabelUm id="39"><points><p colinear="true" x="446.13157894736844" y="187" c1x="0" c1y="0" c2x="0" c2y="0"/><p colinear="true" x="492.86842105263156" y="113" c1x="0" c1y="0" c2x="0" c2y="0"/></points><startConnector><rConnector id="3a"><Owner><rel ref="36"/></Owner></rConnector></startConnector><endConnector><rConnector id="3b"><Owner><ent ref="0"/></Owner></rConnector></endConnector></llabelUm><llabelMuitos id="3c"><points><p colinear="true" x="418.25" y="227" c1x="0" c1y="0" c2x="0" c2y="0"/><p colinear="true" x="357.25" y="307" c1x="0" c1y="0" c2x="0" c2y="0"/></points><startConnector><rConnector id="3d"><Owner><rel ref="36"/></Owner></rConnector></startConnector><endConnector><rConnector id="3e"><Owner><ent ref="33"/></Owner></rConnector></endConnector><a><text><string>N</string></text></a></llabelMuitos><ent id="3f"><children><r id="40" x="806" y="73" w="80" h="40"><a><fillColor><color rgba="#ffebffe8"/></fillColor></a></r><t id="41" x="827.8330078125" y="85.7080078125"><a><text><string>Precio</string></text></a></t></children></ent><rel id="42"><children><diamond id="43" x="644" y="73" w="80" h="40"><a><fillColor><color rgba="#ffddddff"/></fillColor></a></diamond><t id="44" x="669.0439453125" y="85.7080078125"><a><text><string>tiene</string></text></a></t></children></rel><llabelUm id="45"><points><p colinear="true" x="644" y="93" c1x="0" c1y="0" c2x="0" c2y="0"/><p colinear="true" x="552" y="93" c1x="0" c1y="0" c2x="0" c2y="0"/></points><startConnector><rConnector id="46"><Owner><rel ref="42"/></Owner></rConnector></startConnector><endConnector><rConnector id="47"><Owner><ent ref="0"/></Owner></rConnector></endConnector></llabelUm><llabelUm id="48"><points><p colinear="true" x="724" y="93" c1x="0" c1y="0" c2x="0" c2y="0"/><p colinear="true" x="806" y="93" c1x="0" c1y="0" c2x="0" c2y="0"/></points><startConnector><rConnector id="49"><Owner><rel ref="42"/></Owner></rConnector></startConnector><endConnector><rConnector id="4a"><Owner><ent ref="3f"/></Owner></rConnector></endConnector></llabelUm><ent id="4b"><children><r id="4c" x="585" y="320" w="80" h="40"><a><fillColor><color rgba="#ffebffe8"/></fillColor></a></r><t id="4d" x="601.0908203125" y="332.7080078125"><a><text><string>Medicos</string></text></a></t></children></ent><rel id="4e"><children><diamond id="4f" x="524" y="216" w="144.849609375" h="40"><a><fillColor><color rgba="#ffddddff"/></fillColor></a></diamond><t id="50" x="549.5" y="228.7080078125"><a><text><string>responsabilidad</string></text></a></t></children></rel><llabelUm id="51"><points><p colinear="true" x="583.7080487871503" y="216" c1x="0" c1y="0" c2x="0" c2y="0"/><p colinear="true" x="518.2167559003497" y="113" c1x="0" c1y="0" c2x="0" c2y="0"/></points><startConnector><rConnector id="52"><Owner><rel ref="4e"/></Owner></rConnector></startConnector><endConnector><rConnector id="53"><Owner><ent ref="0"/></Owner></rConnector></endConnector></llabelUm><llabelMuitos id="54"><points><p colinear="true" x="601.9200345552885" y="256" c1x="0" c1y="0" c2x="0" c2y="0"/><p colinear="true" x="619.5047701322115" y="320" c1x="0" c1y="0" c2x="0" c2y="0"/></points><startConnector><rConnector id="55"><Owner><rel ref="4e"/></Owner></rConnector></startConnector><endConnector><rConnector id="56"><Owner><ent ref="4b"/></Owner></rConnector></endConnector><a><text><string>N</string></text></a></llabelMuitos><atr id="57" nullable="false" attributeType="VARCHAR2(128)"><children><e id="58" x="701" y="307" w="80" h="20"><a><fillColor><color rgba="#ffffebeb"/></fillColor></a></e><t id="59" x="717.1611328125" y="309.7080078125"><a><text><string>Nombre</string></text></a></t></children></atr><atrchave id="5a" nullable="false" attributeType="NUMBER"><children><e id="5b" x="702" y="336" w="80" h="20"><a><fillColor><color rgba="#ffffebeb"/></fillColor></a></e><t id="5c" x="706.697265625" y="338.7080078125"><a><fontUnderlined><boolean>true</boolean></fontUnderlined><fontBold><boolean>true</boolean></fontBold><text><string>Id_Medico</string></text></a></t></children></atrchave><atr id="5d" nullable="false" attributeType="VARCHAR2(128)"><children><e id="5e" x="699" y="364" w="80" h="20"><a><fillColor><color rgba="#ffffebeb"/></fillColor></a></e><t id="5f" x="718.1962890625" y="366.7080078125"><a><text><string>Salario</string></text></a></t></children></atr><lcaf id="60"><points><p colinear="true" x="665" y="332.0689655172414" c1x="0" c1y="0" c2x="0" c2y="0"/><p colinear="true" x="701" y="324.9310344827586" c1x="0" c1y="0" c2x="0" c2y="0"/></points><startConnector><rConnector id="61"><Owner><ent ref="4b"/></Owner></rConnector></startConnector><endConnector><rConnector id="62"><Owner><atr ref="57"/></Owner></rConnector></endConnector></lcaf><lcaf id="63"><points><p colinear="true" x="665" y="342.05128205128204" c1x="0" c1y="0" c2x="0" c2y="0"/><p colinear="true" x="702" y="343.94871794871796" c1x="0" c1y="0" c2x="0" c2y="0"/></points><startConnector><rConnector id="64"><Owner><ent ref="4b"/></Owner></rConnector></startConnector><endConnector><rConnector id="65"><Owner><atrchave ref="5a"/></Owner></rConnector></endConnector></lcaf><lcaf id="66"><points><p colinear="true" x="665" y="351.9298245614035" c1x="0" c1y="0" c2x="0" c2y="0"/><p colinear="true" x="705.4705882352941" y="364" c1x="0" c1y="0" c2x="0" c2y="0"/></points><startConnector><rConnector id="67"><Owner><ent ref="4b"/></Owner></rConnector></startConnector><endConnector><rConnector id="68"><Owner><atr ref="5d"/></Owner></rConnector></endConnector></lcaf><atrchave id="69" nullable="false" attributeType="NUMBER"><children><e id="6a" x="443" y="23" w="122.650390625" h="20"><a><fillColor><color rgba="#ffffebeb"/></fillColor></a></e><t id="6b" x="453" y="25.7080078125"><a><fontUnderlined><boolean>true</boolean></fontUnderlined><fontBold><boolean>true</boolean></fontBold><text><string>ID_transplante</string></text></a></t></children></atrchave><lcaf id="6c"><points><p colinear="true" x="504.52099609375" y="43" c1x="0" c1y="0" c2x="0" c2y="0"/><p colinear="true" x="505.1083984375" y="73" c1x="0" c1y="0" c2x="0" c2y="0"/></points><startConnector><rConnector id="6d"><Owner><atrchave ref="69"/></Owner></rConnector></startConnector><endConnector><rConnector id="6e"><Owner><ent ref="0"/></Owner></rConnector></endConnector></lcaf><atr id="6f" nullable="false" attributeType="VARCHAR2(128)"><children><e id="70" x="222" y="373" w="80" h="20"><a><fillColor><color rgba="#ffffebeb"/></fillColor></a></e><t id="71" x="249.2763671875" y="375.7080078125"><a><text><string>Tipo</string></text></a></t></children></atr><atr id="72" nullable="false" attributeType="VARCHAR2(128)"><children><e id="73" x="328" y="373" w="91" h="20"><a><fillColor><color rgba="#ffffebeb"/></fillColor></a></e><t id="74" x="336.5185546875" y="375.7080078125"><a><text><string>Especialidad</string></text></a></t></children></atr><lcaf id="75"><points><p colinear="true" x="313.42857142857144" y="347" c1x="0" c1y="0" c2x="0" c2y="0"/><p colinear="true" x="276.2857142857143" y="373" c1x="0" c1y="0" c2x="0" c2y="0"/></points><startConnector><rConnector id="76"><Owner><ent ref="33"/></Owner></rConnector></startConnector><endConnector><rConnector id="77"><Owner><atr ref="6f"/></Owner></rConnector></endConnector></lcaf><lcaf id="78"><points><p colinear="true" x="353.25" y="347" c1x="0" c1y="0" c2x="0" c2y="0"/><p colinear="true" x="367.875" y="373" c1x="0" c1y="0" c2x="0" c2y="0"/></points><startConnector><rConnector id="79"><Owner><ent ref="33"/></Owner></rConnector></startConnector><endConnector><rConnector id="7a"><Owner><atr ref="72"/></Owner></rConnector></endConnector></lcaf><atr id="7b" nullable="false" attributeType="VARCHAR2(128)"><children><e id="7c" x="928" y="432" w="80" h="20"><a><fillColor><color rgba="#ffffebeb"/></fillColor></a></e><t id="7d" x="944.1611328125" y="434.7080078125"><a><text><string>Nombre</string></text></a></t></children></atr><atrchave id="7e" nullable="false" attributeType="NUMBER"><children><e id="7f" x="923" y="467" w="100.994140625" h="20"><a><fillColor><color rgba="#ffffebeb"/></fillColor></a></e><t id="80" x="933" y="469.7080078125"><a><fontUnderlined><boolean>true</boolean></fontUnderlined><fontBold><boolean>true</boolean></fontBold><text><string>Id_paciente</string></text></a></t></children></atrchave><atrmulti id="81" nullable="false" attributeType="VARCHAR2(128)"><children><e id="82" x="936" y="502" w="80" h="20"><a><fillColor><color rgba="#ffffebeb"/></fillColor><strokeType><enum type="strokeType">DOUBLE</enum></strokeType><innerStrokeWidthFactor><double>3</double></innerStrokeWidthFactor></a></e><t id="83" x="950.318359375" y="504.7080078125"><a><text><string>Telefono</string></text></a></t></children></atrmulti><lcaf id="84"><points><p colinear="true" x="872" y="470.2352941176471" c1x="0" c1y="0" c2x="0" c2y="0"/><p colinear="true" x="934" y="452" c1x="0" c1y="0" c2x="0" c2y="0"/></points><startConnector><rConnector id="85"><Owner><ent ref="3"/></Owner></rConnector></startConnector><endConnector><rConnector id="86"><Owner><atr ref="7b"/></Owner></rConnector></endConnector></lcaf><lcaf id="87"><points><p colinear="true" x="872" y="480.58654317323817" c1x="0" c1y="0" c2x="0" c2y="0"/><p colinear="true" x="923" y="478.78438571911687" c1x="0" c1y="0" c2x="0" c2y="0"/></points><startConnector><rConnector id="88"><Owner><ent ref="3"/></Owner></rConnector></startConnector><endConnector><rConnector id="89"><Owner><atrchave ref="7e"/></Owner></rConnector></endConnector></lcaf><lcaf id="8a"><points><p colinear="true" x="872" y="490.3333333333333" c1x="0" c1y="0" c2x="0" c2y="0"/><p colinear="true" x="936" y="503.6666666666667" c1x="0" c1y="0" c2x="0" c2y="0"/></points><startConnector><rConnector id="8b"><Owner><ent ref="3"/></Owner></rConnector></startConnector><endConnector><rConnector id="8c"><Owner><atrmulti ref="81"/></Owner></rConnector></endConnector></lcaf><atr id="8d" nullable="false" attributeType="VARCHAR2(128)"><children><e id="8e" x="211" y="462" w="94" h="20"><a><fillColor><color rgba="#ffffebeb"/></fillColor></a></e><t id="8f" x="221.0185546875" y="464.7080078125"><a><text><string>Especialidad</string></text></a></t></children></atr><lcaf id="90"><points><p colinear="true" x="305" y="472.29936305732485" c1x="0" c1y="0" c2x="0" c2y="0"/><p colinear="true" x="375" y="472.7452229299363" c1x="0" c1y="0" c2x="0" c2y="0"/></points><startConnector><rConnector id="91"><Owner><atr ref="8d"/></Owner></rConnector></startConnector><endConnector><rConnector id="92"><Owner><ent ref="f"/></Owner></rConnector></endConnector></lcaf><atr id="93" nullable="false" attributeType="VARCHAR2(128)"><children><e id="94" x="946" y="57" w="80" h="20"><a><fillColor><color rgba="#ffffebeb"/></fillColor></a></e><t id="95" x="969.037109375" y="59.7080078125"><a><text><string>Costo</string></text></a></t></children></atr><atr id="96" nullable="false" attributeType="VARCHAR2(128)"><children><e id="97" x="944" y="104" w="101.22265625" h="20"><a><fillColor><color rgba="#ffffebeb"/></fillColor></a></e><t id="98" x="954" y="106.7080078125"><a><text><string>Manera_Pago</string></text></a></t></children></atr><lcaf id="99"><points><p colinear="true" x="886" y="85.57142857142857" c1x="0" c1y="0" c2x="0" c2y="0"/><p colinear="true" x="946" y="74.42857142857143" c1x="0" c1y="0" c2x="0" c2y="0"/></points><startConnector><rConnector id="9a"><Owner><ent ref="3f"/></Owner></rConnector></startConnector><endConnector><rConnector id="9b"><Owner><atr ref="93"/></Owner></rConnector></endConnector></lcaf><lcaf id="9c"><points><p colinear="true" x="886" y="98.6523281946142" c1x="0" c1y="0" c2x="0" c2y="0"/><p colinear="true" x="944" y="106.84820407680479" c1x="0" c1y="0" c2x="0" c2y="0"/></points><startConnector><rConnector id="9d"><Owner><ent ref="3f"/></Owner></rConnector></startConnector><endConnector><rConnector id="9e"><Owner><atr ref="96"/></Owner></rConnector></endConnector></lcaf><atr id="9f" nullable="false" attributeType="VARCHAR2(128)"><children><e id="a0" x="68" y="404" w="80" h="20"><a><fillColor><color rgba="#ffffebeb"/></fillColor></a></e><t id="a1" x="98.126953125" y="406.7080078125"><a><text><string>Dia</string></text></a></t></children></atr><atr id="a2" nullable="false" attributeType="VARCHAR2(128)"><children><e id="a3" x="869" y="554" w="80" h="20"><a><fillColor><color rgba="#ffffebeb"/></fillColor></a></e><t id="a4" x="888.732421875" y="556.7080078125"><a><text><string>Estado</string></text></a></t></children></atr><lcaf id="a5"><points><p colinear="true" x="850.780487804878" y="502" c1x="0" c1y="0" c2x="0" c2y="0"/><p colinear="true" x="899.609756097561" y="554" c1x="0" c1y="0" c2x="0" c2y="0"/></points><startConnector><rConnector id="a6"><Owner><ent ref="3"/></Owner></rConnector></startConnector><endConnector><rConnector id="a7"><Owner><atr ref="a2"/></Owner></rConnector></endConnector></lcaf><atr id="a8" nullable="false" attributeType="VARCHAR2(128)"><children><e id="a9" x="1003" y="541" w="80" h="20"><a><fillColor><color rgba="#ffffebeb"/></fillColor></a></e><t id="aa" x="1025.05859375" y="543.7080078125"><a><text><string>Grave</string></text></a></t></children></atr><atr id="ab" nullable="false" attributeType="VARCHAR2(128)"><children><e id="ac" x="999" y="590" w="80" h="20"><a><fillColor><color rgba="#ffffebeb"/></fillColor></a></e><t id="ad" x="1009.1142578125" y="592.7080078125"><a><text><string>No_Grave</string></text></a></t></children></atr><lcaf id="ae"><points><p colinear="true" x="949" y="560.1194029850747" c1x="0" c1y="0" c2x="0" c2y="0"/><p colinear="true" x="1003" y="554.8805970149253" c1x="0" c1y="0" c2x="0" c2y="0"/></points><startConnector><rConnector id="af"><Owner><atr ref="a2"/></Owner></rConnector></startConnector><endConnector><rConnector id="b0"><Owner><atr ref="a8"/></Owner></rConnector></endConnector></lcaf><lcaf id="b1"><points><p colinear="true" x="945.1111111111111" y="574" c1x="0" c1y="0" c2x="0" c2y="0"/><p colinear="true" x="1002.8888888888889" y="590" c1x="0" c1y="0" c2x="0" c2y="0"/></points><startConnector><rConnector id="b2"><Owner><atr ref="a2"/></Owner></rConnector></startConnector><endConnector><rConnector id="b3"><Owner><atr ref="ab"/></Owner></rConnector></endConnector></lcaf><lcaf id="b4"><points><p colinear="true" x="113.39080459770115" y="347" c1x="0" c1y="0" c2x="0" c2y="0"/><p colinear="true" x="108.80459770114942" y="404" c1x="0" c1y="0" c2x="0" c2y="0"/></points><startConnector><rConnector id="b5"><Owner><ent ref="1b"/></Owner></rConnector></startConnector><endConnector><rConnector id="b6"><Owner><atr ref="9f"/></Owner></rConnector></endConnector></lcaf><atr id="b7" nullable="false" attributeType="VARCHAR2(128)"><children><e id="b8" x="18" y="157" w="80" h="20"><a><fillColor><color rgba="#ffffebeb"/></fillColor></a></e><t id="b9" x="34.966796875" y="159.7080078125"><a><text><string>Id_Sala</string></text></a></t></children></atr><atr id="ba" nullable="false" attributeType="VARCHAR2(128)"><children><e id="bb" x="130" y="154" w="80" h="20"><a><fillColor><color rgba="#ffffebeb"/></fillColor></a></e><t id="bc" x="157.9677734375" y="156.7080078125"><a><text><string>Piso</string></text></a></t></children></atr><lcaf id="bd"><points><p colinear="true" x="90.06609488224638" y="118" c1x="0" c1y="0" c2x="0" c2y="0"/><p colinear="true" x="64.54410099637681" y="157" c1x="0" c1y="0" c2x="0" c2y="0"/></points><startConnector><rConnector id="be"><Owner><ent ref="2a"/></Owner></rConnector></startConnector><endConnector><rConnector id="bf"><Owner><atr ref="b7"/></Owner></rConnector></endConnector></lcaf><lcaf id="c0"><points><p colinear="true" x="123.41057054924242" y="118" c1x="0" c1y="0" c2x="0" c2y="0"/><p colinear="true" x="159.87186316287878" y="154" c1x="0" c1y="0" c2x="0" c2y="0"/></points><startConnector><rConnector id="c1"><Owner><ent ref="2a"/></Owner></rConnector></startConnector><endConnector><rConnector id="c2"><Owner><atr ref="ba"/></Owner></rConnector></endConnector></lcaf></figures></drawing>