<drawing><figures><ent id="0"><children><r id="1" x="529" y="182" w="80" h="40"><a><fillColor><color rgba="#ffebffe8"/></fillColor></a></r><t id="2" x="543.6962890625" y="194.7080078125"><a><text><string>Paciente</string></text></a></t></children></ent><atr id="3" nullable="false" attributeType="VARCHAR2(128)"><children><e id="4" x="394" y="102" w="80" h="20"><a><fillColor><color rgba="#ffffebeb"/></fillColor></a></e><t id="5" x="410.1611328125" y="104.7080078125"><a><text><string>Nombre</string></text></a></t></children></atr><atr id="6" nullable="false" attributeType="VARCHAR2(128)"><children><e id="7" x="460" y="29" w="86" h="31"><a><fillColor><color rgba="#ffffebeb"/></fillColor></a></e><t id="8" x="488.1259765625" y="37.2080078125"><a><text><string>Edad</string></text></a></t></children></atr><atr id="9" nullable="false" attributeType="VARCHAR2(128)"><children><e id="a" x="568" y="33" w="80" h="26"><a><fillColor><color rgba="#ffffebeb"/></fillColor></a></e><t id="b" x="593.802734375" y="38.7080078125"><a><text><string>Talla</string></text></a></t></children></atr><atr id="c" nullable="false" attributeType="VARCHAR2(128)"><children><e id="d" x="639" y="87" w="80" h="20"><a><fillColor><color rgba="#ffffebeb"/></fillColor></a></e><t id="e" x="665.0400390625" y="89.7080078125"><a><text><string>Peso</string></text></a></t></children></atr><lcaf id="f"><points><p colinear="true" x="449" y="122" c1x="369" c1y="-26" c2x="369" c2y="-26"/><p colinear="true" x="539" y="182" c1x="369" c1y="-26" c2x="369" c2y="-26"/></points><startConnector><rConnector id="10"><Owner><atr ref="3"/></Owner></rConnector></startConnector><endConnector><rConnector id="11"><Owner><ent ref="0"/></Owner></rConnector></endConnector></lcaf><lcaf id="12"><points><p colinear="true" x="509.4952380952381" y="60" c1x="369" c1y="-26" c2x="369" c2y="-26"/><p colinear="true" x="560.6190476190476" y="182" c1x="369" c1y="-26" c2x="369" c2y="-26"/></points><startConnector><rConnector id="13"><Owner><atr ref="6"/></Owner></rConnector></startConnector><endConnector><rConnector id="14"><Owner><ent ref="0"/></Owner></rConnector></endConnector></lcaf><lcaf id="15"><points><p colinear="true" x="604.75" y="59" c1x="369" c1y="-26" c2x="369" c2y="-26"/><p colinear="true" x="574" y="182" c1x="369" c1y="-26" c2x="369" c2y="-26"/></points><startConnector><rConnector id="16"><Owner><atr ref="9"/></Owner></rConnector></startConnector><endConnector><rConnector id="17"><Owner><ent ref="0"/></Owner></rConnector></endConnector></lcaf><lcaf id="18"><points><p colinear="true" x="668.5238095238095" y="107" c1x="369" c1y="-26" c2x="369" c2y="-26"/><p colinear="true" x="589.952380952381" y="182" c1x="369" c1y="-26" c2x="369" c2y="-26"/></points><startConnector><rConnector id="19"><Owner><atr ref="c"/></Owner></rConnector></startConnector><endConnector><rConnector id="1a"><Owner><ent ref="0"/></Owner></rConnector></endConnector></lcaf><ent id="1b"><children><r id="1c" x="151" y="180" w="80" h="40"/><t id="1d" x="170.216796875" y="192.7080078125"><a><text><string>Medico</string></text></a></t></children></ent><atr id="1e" nullable="false" attributeType="VARCHAR2(128)"><children><e id="1f" x="28" y="108" w="80" h="20"/><t id="20" x="47.1962890625" y="110.7080078125"><a><text><string>Salario</string></text></a></t></children></atr><atr id="21" nullable="false" attributeType="VARCHAR2(128)"><children><e id="22" x="59" y="32" w="119.29296875" h="34"/><t id="23" x="79.5556640625" y="41.7080078125"><a><text><string>Especialidad </string></text></a></t></children></atr><atr id="24" nullable="false" attributeType="VARCHAR2(128)"><children><e id="25" x="201" y="40" w="103" h="26"/><t id="26" x="228.6611328125" y="45.7080078125"><a><text><string>Nombre</string></text></a></t></children></atr><atr id="27" nullable="false" attributeType="VARCHAR2(128)"><children><e id="28" x="257" y="89" w="89" h="27"/><t id="29" x="280.951171875" y="95.2080078125"><a><text><string>Cedula</string></text></a></t></children></atr><lcaf id="2a"><points><p colinear="true" x="83" y="128" c1x="266" c1y="222" c2x="266" c2y="222"/><p colinear="true" x="161" y="180" c1x="266" c1y="222" c2x="266" c2y="222"/></points><startConnector><rConnector id="2b"><Owner><atr ref="1e"/></Owner></rConnector></startConnector><endConnector><rConnector id="2c"><Owner><ent ref="1b"/></Owner></rConnector></endConnector></lcaf><lcaf id="2d"><points><p colinear="true" x="126.79224441225165" y="66" c1x="266" c1y="222" c2x="266" c2y="222"/><p colinear="true" x="181.416752897351" y="180" c1x="266" c1y="222" c2x="266" c2y="222"/></points><startConnector><rConnector id="2e"><Owner><atr ref="21"/></Owner></rConnector></startConnector><endConnector><rConnector id="2f"><Owner><ent ref="1b"/></Owner></rConnector></endConnector></lcaf><lcaf id="30"><points><p colinear="true" x="247.0612244897959" y="66" c1x="266" c1y="222" c2x="266" c2y="222"/><p colinear="true" x="199.3673469387755" y="180" c1x="266" c1y="222" c2x="266" c2y="222"/></points><startConnector><rConnector id="31"><Owner><atr ref="24"/></Owner></rConnector></startConnector><endConnector><rConnector id="32"><Owner><ent ref="1b"/></Owner></rConnector></endConnector></lcaf><lcaf id="33"><points><p colinear="true" x="286.2" y="116" c1x="266" c1y="222" c2x="266" c2y="222"/><p colinear="true" x="213.66666666666666" y="180" c1x="266" c1y="222" c2x="266" c2y="222"/></points><startConnector><rConnector id="34"><Owner><atr ref="27"/></Owner></rConnector></startConnector><endConnector><rConnector id="35"><Owner><ent ref="1b"/></Owner></rConnector></endConnector></lcaf><ent id="36"><children><r id="37" x="917" y="181" w="80" h="40"/><t id="38" x="927.708984375" y="193.7080078125"><a><text><string>Consultas</string></text></a></t></children></ent><atr id="39" nullable="false" attributeType="VARCHAR2(128)"><children><e id="3a" x="771" y="78" w="113.865234375" h="43"/><t id="3b" x="771.3977580712583" y="92.2080078125"><a><text><string>Nombre de medico</string></text></a></t></children></atr><atr id="3c" nullable="false" attributeType="VARCHAR2(128)"><children><e id="3d" x="864" y="30" w="95" h="25"/><t id="3e" x="877.4482421875" y="35.2080078125"><a><text><string>Consultorio</string></text></a></t></children></atr><atr id="3f" nullable="false" attributeType="VARCHAR2(128)"><children><e id="40" x="971" y="36" w="89" h="25"/><t id="41" x="1001.185546875" y="41.2080078125"><a><text><string>Hora</string></text></a></t></children></atr><atr id="42" nullable="false" attributeType="VARCHAR2(128)"><children><e id="43" x="1032" y="90" w="88" h="20"/><t id="44" x="1058.451171875" y="92.7080078125"><a><text><string>Fecha</string></text></a></t></children></atr><lcaf id="45"><points><p colinear="true" x="855.4287654960624" y="121" c1x="779" c1y="20" c2x="779" c2y="20"/><p colinear="true" x="931.6071913740155" y="181" c1x="779" c1y="20" c2x="779" c2y="20"/></points><startConnector><rConnector id="46"><Owner><atr ref="39"/></Owner></rConnector></startConnector><endConnector><rConnector id="47"><Owner><ent ref="36"/></Owner></rConnector></endConnector></lcaf><lcaf id="48"><points><p colinear="true" x="915.0883280757098" y="55" c1x="779" c1y="20" c2x="779" c2y="20"/><p colinear="true" x="951.2586750788644" y="181" c1x="779" c1y="20" c2x="779" c2y="20"/></points><startConnector><rConnector id="49"><Owner><atr ref="3c"/></Owner></rConnector></startConnector><endConnector><rConnector id="4a"><Owner><ent ref="36"/></Owner></rConnector></endConnector></lcaf><lcaf id="4b"><points><p colinear="true" x="1010.7049180327868" y="61" c1x="779" c1y="20" c2x="779" c2y="20"/><p colinear="true" x="964.672131147541" y="181" c1x="779" c1y="20" c2x="779" c2y="20"/></points><startConnector><rConnector id="4c"><Owner><atr ref="3f"/></Owner></rConnector></startConnector><endConnector><rConnector id="4d"><Owner><ent ref="36"/></Owner></rConnector></endConnector></lcaf><lcaf id="4e"><points><p colinear="true" x="1064.2178217821781" y="110" c1x="779" c1y="20" c2x="779" c2y="20"/><p colinear="true" x="980.5643564356436" y="181" c1x="779" c1y="20" c2x="779" c2y="20"/></points><startConnector><rConnector id="4f"><Owner><atr ref="42"/></Owner></rConnector></startConnector><endConnector><rConnector id="50"><Owner><ent ref="36"/></Owner></rConnector></endConnector></lcaf><ent id="51"><children><r id="52" x="201" y="369" w="80" h="40"/><t id="53" x="218.306640625" y="381.7080078125"><a><text><string>Analisis</string></text></a></t></children></ent><atr id="54" nullable="false" attributeType="VARCHAR2(128)"><children><e id="55" x="24" y="455" w="141.705078125" h="49"/><t id="56" x="34" y="472.2080078125"><a><text><string>Numero de paciente</string></text></a></t></children></atr><atr id="57" nullable="false" attributeType="VARCHAR2(128)"><children><e id="58" x="137" y="518" w="112.900390625" h="37"/><t id="59" x="147" y="529.2080078125"><a><text><string>Tipo de analisis</string></text></a></t></children></atr><atr id="5a" nullable="false" attributeType="VARCHAR2(128)"><children><e id="5b" x="259" y="506" w="108.939453125" h="36"/><t id="5c" x="280.6806640625" y="516.7080078125"><a><text><string>Resultados</string></text></a></t></children></atr><atr id="5d" nullable="false" attributeType="VARCHAR2(128)"><children><e id="5e" x="330" y="445" w="80" h="32"/><t id="5f" x="352.5068359375" y="453.7080078125"><a><text><string>Turno</string></text></a></t></children></atr><lcaf id="60"><points><p colinear="true" x="134.4173213052486" y="455" c1x="23" c1y="197" c2x="23" c2y="197"/><p colinear="true" x="208.70221857734808" y="409" c1x="23" c1y="197" c2x="23" c2y="197"/></points><startConnector><rConnector id="61"><Owner><atr ref="54"/></Owner></rConnector></startConnector><endConnector><rConnector id="62"><Owner><ent ref="51"/></Owner></rConnector></endConnector></lcaf><lcaf id="63"><points><p colinear="true" x="199.4140691207627" y="518" c1x="23" c1y="197" c2x="23" c2y="197"/><p colinear="true" x="234.55256885593218" y="409" c1x="23" c1y="197" c2x="23" c2y="197"/></points><startConnector><rConnector id="64"><Owner><atr ref="57"/></Owner></rConnector></startConnector><endConnector><rConnector id="65"><Owner><ent ref="51"/></Owner></rConnector></endConnector></lcaf><lcaf id="66"><points><p colinear="true" x="303.8070963541667" y="506" c1x="23" c1y="197" c2x="23" c2y="197"/><p colinear="true" x="251.73625578703704" y="409" c1x="23" c1y="197" c2x="23" c2y="197"/></points><startConnector><rConnector id="67"><Owner><atr ref="5a"/></Owner></rConnector></startConnector><endConnector><rConnector id="68"><Owner><ent ref="51"/></Owner></rConnector></endConnector></lcaf><lcaf id="69"><points><p colinear="true" x="341.33333333333337" y="445" c1x="41.86274509803923" c1y="184" c2x="41.86274509803923" c2y="184"/><p colinear="true" x="276.83333333333337" y="409" c1x="41.86274509803923" c1y="184" c2x="41.86274509803923" c2y="184"/></points><startConnector><rConnector id="6a"><Owner><atr ref="5d"/></Owner></rConnector></startConnector><endConnector><rConnector id="6b"><Owner><ent ref="51"/></Owner></rConnector></endConnector></lcaf><ent id="6c"><children><r id="6d" x="697" y="348" w="80" h="40"/><t id="6e" x="702.0458984375" y="360.7080078125"><a><text><string>Diagnostico</string></text></a></t></children></ent><atr id="6f" nullable="false" attributeType="VARCHAR2(128)"><children><e id="70" x="592" y="489" w="136.6484375" h="35"/><t id="71" x="602" y="499.2080078125"><a><text><string>Tipo de diagnostico</string></text></a></t></children></atr><atr id="72" nullable="false" attributeType="VARCHAR2(128)"><children><e id="73" x="516" y="441" w="122.78125" h="20"/><t id="74" x="537.751953125" y="443.7080078125"><a><text><string>Complicacion</string></text></a></t></children></atr><atr id="75" nullable="false" attributeType="VARCHAR2(128)"><children><e id="76" x="753" y="485" w="97" h="27"/><t id="77" x="764.5185546875" y="491.2080078125"><a><text><string>Especialidad</string></text></a></t></children></atr><atr id="78" nullable="false" attributeType="VARCHAR2(128)"><children><e id="79" x="856" y="434" w="100" h="33"/><t id="7a" x="885.404296875" y="443.2080078125"><a><text><string>Codigo</string></text></a></t></children></atr><lcaf id="7b"><points><p colinear="true" x="670.0124943592058" y="489" c1x="428" c1y="232" c2x="428" c2y="232"/><p colinear="true" x="725.9276850180505" y="388" c1x="428" c1y="232" c2x="428" c2y="232"/></points><startConnector><rConnector id="7c"><Owner><atr ref="6f"/></Owner></rConnector></startConnector><endConnector><rConnector id="7d"><Owner><ent ref="6c"/></Owner></rConnector></endConnector></lcaf><lcaf id="7e"><points><p colinear="true" x="596.6206701807229" y="441" c1x="428" c1y="232" c2x="428" c2y="232"/><p colinear="true" x="698.5399096385543" y="388" c1x="428" c1y="232" c2x="428" c2y="232"/></points><startConnector><rConnector id="7f"><Owner><atr ref="72"/></Owner></rConnector></startConnector><endConnector><rConnector id="80"><Owner><ent ref="6c"/></Owner></rConnector></endConnector></lcaf><lcaf id="81"><points><p colinear="true" x="794.8275862068965" y="485" c1x="428" c1y="232" c2x="428" c2y="232"/><p colinear="true" x="746.8850574712644" y="388" c1x="428" c1y="232" c2x="428" c2y="232"/></points><startConnector><rConnector id="82"><Owner><atr ref="75"/></Owner></rConnector></startConnector><endConnector><rConnector id="83"><Owner><ent ref="6c"/></Owner></rConnector></endConnector></lcaf><lcaf id="84"><points><p colinear="true" x="872.2" y="434" c1x="428" c1y="232" c2x="428" c2y="232"/><p colinear="true" x="777" y="387.5266272189349" c1x="428" c1y="232" c2x="428" c2y="232"/></points><startConnector><rConnector id="85"><Owner><atr ref="78"/></Owner></rConnector></startConnector><endConnector><rConnector id="86"><Owner><ent ref="6c"/></Owner></rConnector></endConnector></lcaf><rel id="87"><children><diamond id="88" x="340" y="177" w="80" h="40"><a><fillColor><color rgba="#ffddddff"/></fillColor></a></diamond><t id="89" x="365.0439453125" y="189.7080078125"><a><text><string>tiene</string></text></a></t></children></rel><lcaf id="8a"><points><p colinear="true" x="340" y="197.63492063492063" c1x="0" c1y="0" c2x="0" c2y="0"/><p colinear="true" x="231" y="199.36507936507937" c1x="0" c1y="0" c2x="0" c2y="0"/></points><startConnector><rConnector id="8b"><Owner><rel ref="87"/></Owner></rConnector></startConnector><endConnector><rConnector id="8c"><Owner><ent ref="1b"/></Owner></rConnector></endConnector></lcaf><lcaf id="8d"><points><p colinear="true" x="420" y="198.05820105820106" c1x="0" c1y="0" c2x="0" c2y="0"/><p colinear="true" x="529" y="200.94179894179894" c1x="0" c1y="0" c2x="0" c2y="0"/></points><startConnector><rConnector id="8e"><Owner><rel ref="87"/></Owner></rConnector></startConnector><endConnector><rConnector id="8f"><Owner><ent ref="0"/></Owner></rConnector></endConnector></lcaf><rel id="90"><children><diamond id="91" x="356" y="279" w="80" h="40"><a><fillColor><color rgba="#ffddddff"/></fillColor></a></diamond><t id="92" x="381.0439453125" y="291.7080078125"><a><text><string>tiene</string></text></a></t></children></rel><rel id="93"><children><diamond id="94" x="598" y="273" w="80" h="40"><a><fillColor><color rgba="#ffddddff"/></fillColor></a></diamond><t id="95" x="623.0439453125" y="285.7080078125"><a><text><string>tiene</string></text></a></t></children></rel><lcaf id="96"><points><p colinear="true" x="361.55555555555554" y="319" c1x="0" c1y="0" c2x="0" c2y="0"/><p colinear="true" x="275.44444444444446" y="369" c1x="0" c1y="0" c2x="0" c2y="0"/></points><startConnector><rConnector id="97"><Owner><rel ref="90"/></Owner></rConnector></startConnector><endConnector><rConnector id="98"><Owner><ent ref="51"/></Owner></rConnector></endConnector></lcaf><lcaf id="99"><points><p colinear="true" x="431.6701030927835" y="279" c1x="0" c1y="0" c2x="0" c2y="0"/><p colinear="true" x="533.3298969072165" y="222" c1x="0" c1y="0" c2x="0" c2y="0"/></points><startConnector><rConnector id="9a"><Owner><rel ref="90"/></Owner></rConnector></startConnector><endConnector><rConnector id="9b"><Owner><ent ref="0"/></Owner></rConnector></endConnector></lcaf><lcaf id="9c"><points><p colinear="true" x="622.8351648351648" y="273" c1x="0" c1y="0" c2x="0" c2y="0"/><p colinear="true" x="584.1648351648352" y="222" c1x="0" c1y="0" c2x="0" c2y="0"/></points><startConnector><rConnector id="9d"><Owner><rel ref="93"/></Owner></rConnector></startConnector><endConnector><rConnector id="9e"><Owner><ent ref="0"/></Owner></rConnector></endConnector></lcaf><lcaf id="9f"><points><p colinear="true" x="664.4" y="313" c1x="0" c1y="0" c2x="0" c2y="0"/><p colinear="true" x="710.6" y="348" c1x="0" c1y="0" c2x="0" c2y="0"/></points><startConnector><rConnector id="a0"><Owner><rel ref="93"/></Owner></rConnector></startConnector><endConnector><rConnector id="a1"><Owner><ent ref="6c"/></Owner></rConnector></endConnector></lcaf><rel id="a2"><children><diamond id="a3" x="718" y="179" w="80" h="40"><a><fillColor><color rgba="#ffddddff"/></fillColor></a></diamond><t id="a4" x="745.302734375" y="191.7080078125"><a><text><string>pide</string></text></a></t></children></rel><lcaf id="a5"><points><p colinear="true" x="718" y="199.63492063492063" c1x="0" c1y="0" c2x="0" c2y="0"/><p colinear="true" x="609" y="201.36507936507937" c1x="0" c1y="0" c2x="0" c2y="0"/></points><startConnector><rConnector id="a6"><Owner><rel ref="a2"/></Owner></rConnector></startConnector><endConnector><rConnector id="a7"><Owner><ent ref="0"/></Owner></rConnector></endConnector></lcaf><lcaf id="a8"><points><p colinear="true" x="798" y="199.40201005025125" c1x="0" c1y="0" c2x="0" c2y="0"/><p colinear="true" x="917" y="200.59798994974875" c1x="0" c1y="0" c2x="0" c2y="0"/></points><startConnector><rConnector id="a9"><Owner><rel ref="a2"/></Owner></rConnector></startConnector><endConnector><rConnector id="aa"><Owner><ent ref="36"/></Owner></rConnector></endConnector></lcaf></figures></drawing>