<drawing><figures><ent id="0"><children><r id="1" x="200" y="199.05673758865248" w="80" h="40"><a><fillColor><color rgba="#ffebffe8"/></fillColor></a></r><t id="2" x="218.5927734375" y="211.76474540115248"><a><text><string>Bancos</string></text></a></t></children></ent><ent id="3"><children><r id="4" x="555" y="154" w="80" h="40"><a><fillColor><color rgba="#ffebffe8"/></fillColor></a></r><t id="5" x="574.2080078125" y="166.7080078125"><a><text><string>Cliente</string></text></a></t></children></ent><ent id="6"><children><r id="7" x="554" y="397.0567375886525" w="80" h="40"><a><fillColor><color rgba="#ffebffe8"/></fillColor></a></r><t id="8" x="569.548828125" y="409.7647454011525"><a><text><string>Cuentas</string></text></a></t></children></ent><atrchave id="9" nullable="false" attributeType="NUMBER"><children><e id="a" x="66" y="169" w="80" h="20"><a><fillColor><color rgba="#ffffebeb"/></fillColor></a></e><t id="b" x="73.76171875" y="171.7080078125"><a><fontUnderlined><boolean>true</boolean></fontUnderlined><fontBold><boolean>true</boolean></fontBold><text><string>Id_Banco</string></text></a></t></children></atrchave><lcaf id="c"><points><p colinear="true" x="139.4525495750708" y="189" c1x="6" c1y="29.05673758865248" c2x="6" c2y="29.05673758865248"/><p colinear="true" x="200" y="207.09950248756218" c1x="6" c1y="29.05673758865248" c2x="6" c2y="29.05673758865248"/></points><startConnector><rConnector id="d"><Owner><atrchave ref="9"/></Owner></rConnector></startConnector><endConnector><rConnector id="e"><Owner><ent ref="0"/></Owner></rConnector></endConnector></lcaf><rel id="f"><children><diamond id="10" x="199" y="288.0567375886525" w="80" h="40"><a><fillColor><color rgba="#ffddddff"/></fillColor></a></diamond><t id="11" x="224.0439453125" y="300.7647454011525"><a><text><string>tiene</string></text></a></t></children></rel><atr id="12" nullable="false" attributeType="VARCHAR2(128)"><children><e id="13" x="54" y="223.05673758865248" w="80" h="20"><a><fillColor><color rgba="#ffffebeb"/></fillColor></a></e><t id="14" x="70.1611328125" y="225.76474540115248"><a><text><string>Nombre</string></text></a></t></children></atr><lcaf id="15"><points><p colinear="true" x="134" y="229.2211211502963" c1x="6" c1y="29.05673758865248" c2x="6" c2y="29.05673758865248"/><p colinear="true" x="200" y="222.89235402700865" c1x="6" c1y="29.05673758865248" c2x="6" c2y="29.05673758865248"/></points><startConnector><rConnector id="16"><Owner><atr ref="12"/></Owner></rConnector></startConnector><endConnector><rConnector id="17"><Owner><ent ref="0"/></Owner></rConnector></endConnector></lcaf><atrchave id="18" nullable="false" attributeType="NUMBER"><children><e id="19" x="126" y="474.0567375886525" w="80" h="20"><a><fillColor><color rgba="#ffffebeb"/></fillColor></a></e><t id="1a" x="127.5625" y="476.7647454011525"><a><fontUnderlined><boolean>true</boolean></fontUnderlined><fontBold><boolean>true</boolean></fontBold><text><string>Id_Agencia</string></text></a></t></children></atrchave><atr id="1b" nullable="false" attributeType="VARCHAR2(128)"><children><e id="1c" x="264" y="476.0567375886525" w="80" h="20"><a><fillColor><color rgba="#ffffebeb"/></fillColor></a></e><t id="1d" x="276.2587890625" y="478.7647454011525"><a><text><string>Direccion</string></text></a></t></children></atr><llabelUm id="1e"><points><p colinear="true" x="239.22471910112358" y="288.0567375886525" c1x="6" c1y="29.05673758865248" c2x="6" c2y="29.05673758865248"/><p colinear="true" x="239.7752808988764" y="239.05673758865248" c1x="6" c1y="29.05673758865248" c2x="6" c2y="29.05673758865248"/></points><startConnector><rConnector id="1f"><Owner><rel ref="f"/></Owner></rConnector></startConnector><endConnector><rConnector id="20"><Owner><ent ref="0"/></Owner></rConnector></endConnector></llabelUm><rel id="21"><children><diamond id="22" x="371" y="396.0567375886525" w="80" h="40"><a><fillColor><color rgba="#ffddddff"/></fillColor></a></diamond><t id="23" x="386.619140625" y="408.7647454011525"><a><text><string>controla</string></text></a></t></children></rel><llabelMuitos id="24"><points><p colinear="true" x="451" y="416.2753168236252" c1x="-7" c1y="12.056737588652481" c2x="-7" c2y="12.056737588652481"/><p colinear="true" x="554" y="416.8381583536798" c1x="-7" c1y="12.056737588652481" c2x="-7" c2y="12.056737588652481"/></points><startConnector><rConnector id="25"><Owner><rel ref="21"/></Owner></rConnector></startConnector><endConnector><rConnector id="26"><Owner><ent ref="6"/></Owner></rConnector></endConnector><a><text><string>N</string></text></a></llabelMuitos><atr id="27" nullable="false" attributeType="VARCHAR2(128)"><children><e id="28" x="533" y="74" w="80" h="20"><a><fillColor><color rgba="#ffffebeb"/></fillColor></a></e><t id="29" x="549.1611328125" y="76.7080078125"><a><text><string>Nombre</string></text></a></t></children></atr><atr id="2a" nullable="false" attributeType="VARCHAR2(128)"><children><e id="2b" x="651" y="73" w="80" h="20"><a><fillColor><color rgba="#ffffebeb"/></fillColor></a></e><t id="2c" x="679.36328125" y="75.7080078125"><a><text><string>DNI</string></text></a></t></children></atr><atr id="2d" nullable="false" attributeType="VARCHAR2(128)"><children><e id="2e" x="744" y="87" w="80" h="20"><a><fillColor><color rgba="#ffffebeb"/></fillColor></a></e><t id="2f" x="769.1318359375" y="89.7080078125"><a><text><string>Sexo</string></text></a></t></children></atr><atr id="30" nullable="false" attributeType="VARCHAR2(128)"><children><e id="31" x="748" y="141" w="80" h="20"><a><fillColor><color rgba="#ffffebeb"/></fillColor></a></e><t id="32" x="766.2001953125" y="143.7080078125"><a><text><string>Genero</string></text></a></t></children></atr><atrmulti id="33" nullable="false" attributeType="VARCHAR2(128)"><children><e id="34" x="735" y="188" w="80" h="20"><a><fillColor><color rgba="#ffffebeb"/></fillColor><strokeType><enum type="strokeType">DOUBLE</enum></strokeType><innerStrokeWidthFactor><double>3</double></innerStrokeWidthFactor></a></e><t id="35" x="749.318359375" y="190.7080078125"><a><text><string>Telefono</string></text></a></t></children></atrmulti><atr id="36" nullable="false" attributeType="VARCHAR2(128)"><children><e id="37" x="713" y="237" w="80" h="20"><a><fillColor><color rgba="#ffffebeb"/></fillColor></a></e><t id="38" x="725.2587890625" y="239.7080078125"><a><text><string>Direccion</string></text></a></t></children></atr><lcaf id="39"><points><p colinear="true" x="575.4444444444445" y="94" c1x="-10" c1y="55" c2x="-10" c2y="55"/><p colinear="true" x="590.1111111111111" y="154" c1x="-10" c1y="55" c2x="-10" c2y="55"/></points><startConnector><rConnector id="3a"><Owner><atr ref="27"/></Owner></rConnector></startConnector><endConnector><rConnector id="3b"><Owner><ent ref="3"/></Owner></rConnector></endConnector></lcaf><lcaf id="3c"><points><p colinear="true" x="680.4505494505495" y="93" c1x="-10" c1y="55" c2x="-10" c2y="55"/><p colinear="true" x="616.0989010989011" y="154" c1x="-10" c1y="55" c2x="-10" c2y="55"/></points><startConnector><rConnector id="3d"><Owner><atr ref="2a"/></Owner></rConnector></startConnector><endConnector><rConnector id="3e"><Owner><ent ref="3"/></Owner></rConnector></endConnector></lcaf><lcaf id="3f"><points><p colinear="true" x="635" y="157.7037037037037" c1x="-10" c1y="55" c2x="-10" c2y="55"/><p colinear="true" x="759.4545454545454" y="107" c1x="-10" c1y="55" c2x="-10" c2y="55"/></points><startConnector><rConnector id="40"><Owner><ent ref="3"/></Owner></rConnector></startConnector><endConnector><rConnector id="41"><Owner><atr ref="2d"/></Owner></rConnector></endConnector></lcaf><lcaf id="42"><points><p colinear="true" x="635" y="169.23316062176167" c1x="-10" c1y="55" c2x="-10" c2y="55"/><p colinear="true" x="748" y="155.76683937823833" c1x="-10" c1y="55" c2x="-10" c2y="55"/></points><startConnector><rConnector id="43"><Owner><ent ref="3"/></Owner></rConnector></startConnector><endConnector><rConnector id="44"><Owner><atr ref="30"/></Owner></rConnector></endConnector></lcaf><lcaf id="45"><points><p colinear="true" x="635" y="179.33333333333334" c1x="-10" c1y="55" c2x="-10" c2y="55"/><p colinear="true" x="735" y="192.66666666666666" c1x="-10" c1y="55" c2x="-10" c2y="55"/></points><startConnector><rConnector id="46"><Owner><ent ref="3"/></Owner></rConnector></startConnector><endConnector><rConnector id="47"><Owner><atrmulti ref="33"/></Owner></rConnector></endConnector></lcaf><lcaf id="48"><points><p colinear="true" x="635" y="192.48101265822785" c1x="-10" c1y="55" c2x="-10" c2y="55"/><p colinear="true" x="731.3561643835617" y="237" c1x="-10" c1y="55" c2x="-10" c2y="55"/></points><startConnector><rConnector id="49"><Owner><ent ref="3"/></Owner></rConnector></startConnector><endConnector><rConnector id="4a"><Owner><atr ref="36"/></Owner></rConnector></endConnector></lcaf><atr id="4b" nullable="false" attributeType="VARCHAR2(128)"><children><e id="4c" x="861" y="188" w="80" h="20"><a><fillColor><color rgba="#ffffebeb"/></fillColor></a></e><t id="4d" x="886.33984375" y="190.7080078125"><a><text><string>Calle</string></text></a></t></children></atr><atr id="4e" nullable="false" attributeType="VARCHAR2(128)"><children><e id="4f" x="913" y="221" w="80" h="20"><a><fillColor><color rgba="#ffffebeb"/></fillColor></a></e><t id="50" x="929.1025390625" y="223.7080078125"><a><text><string>Numero</string></text></a></t></children></atr><atr id="51" nullable="false" attributeType="VARCHAR2(128)"><children><e id="52" x="917" y="259" w="103.677734375" h="20"><a><fillColor><color rgba="#ffffebeb"/></fillColor></a></e><t id="53" x="927" y="261.7080078125"><a><text><string>Complemento</string></text></a></t></children></atr><atr id="54" nullable="false" attributeType="VARCHAR2(128)"><children><e id="55" x="918" y="297" w="80" h="20"><a><fillColor><color rgba="#ffffebeb"/></fillColor></a></e><t id="56" x="937.287109375" y="299.7080078125"><a><text><string>Ciudad</string></text></a></t></children></atr><atr id="57" nullable="false" attributeType="VARCHAR2(128)"><children><e id="58" x="851" y="333" w="113.767578125" h="20"><a><fillColor><color rgba="#ffffebeb"/></fillColor></a></e><t id="59" x="864.603515625" y="335.7080078125"><a><text><string>Departamento</string></text></a></t></children></atr><lcaf id="5a"><points><p colinear="true" x="783.204081632653" y="237" c1x="33" c1y="56" c2x="33" c2y="56"/><p colinear="true" x="870.795918367347" y="208" c1x="33" c1y="56" c2x="33" c2y="56"/></points><startConnector><rConnector id="5b"><Owner><atr ref="36"/></Owner></rConnector></startConnector><endConnector><rConnector id="5c"><Owner><atr ref="4b"/></Owner></rConnector></endConnector></lcaf><lcaf id="5d"><points><p colinear="true" x="793" y="243.8" c1x="33" c1y="56" c2x="33" c2y="56"/><p colinear="true" x="913" y="234.2" c1x="33" c1y="56" c2x="33" c2y="56"/></points><startConnector><rConnector id="5e"><Owner><atr ref="36"/></Owner></rConnector></startConnector><endConnector><rConnector id="5f"><Owner><atr ref="4e"/></Owner></rConnector></endConnector></lcaf><lcaf id="60"><points><p colinear="true" x="793" y="251.07711554210272" c1x="33" c1y="56" c2x="33" c2y="56"/><p colinear="true" x="917" y="263.71617372262114" c1x="33" c1y="56" c2x="33" c2y="56"/></points><startConnector><rConnector id="61"><Owner><atr ref="36"/></Owner></rConnector></startConnector><endConnector><rConnector id="62"><Owner><atr ref="51"/></Owner></rConnector></endConnector></lcaf><lcaf id="63"><points><p colinear="true" x="787.1666666666666" y="257" c1x="33" c1y="56" c2x="33" c2y="56"/><p colinear="true" x="923.8333333333334" y="297" c1x="33" c1y="56" c2x="33" c2y="56"/></points><startConnector><rConnector id="64"><Owner><atr ref="36"/></Owner></rConnector></startConnector><endConnector><rConnector id="65"><Owner><atr ref="54"/></Owner></rConnector></endConnector></lcaf><lcaf id="66"><points><p colinear="true" x="769.1337280273438" y="257" c1x="33" c1y="56" c2x="33" c2y="56"/><p colinear="true" x="891.7500610351562" y="333" c1x="33" c1y="56" c2x="33" c2y="56"/></points><startConnector><rConnector id="67"><Owner><atr ref="36"/></Owner></rConnector></startConnector><endConnector><rConnector id="68"><Owner><atr ref="57"/></Owner></rConnector></endConnector></lcaf><rel id="69"><children><diamond id="6a" x="553" y="276" w="80" h="40"><a><fillColor><color rgba="#ffddddff"/></fillColor></a></diamond><t id="6b" x="578.0439453125" y="288.7080078125"><a><text><string>tiene</string></text></a></t></children></rel><llabelMuitos id="6c"><points><p colinear="true" x="593.327868852459" y="276" c1x="0" c1y="0" c2x="0" c2y="0"/><p colinear="true" x="594.672131147541" y="194" c1x="0" c1y="0" c2x="0" c2y="0"/></points><startConnector><rConnector id="6d"><Owner><rel ref="69"/></Owner></rConnector></startConnector><endConnector><rConnector id="6e"><Owner><ent ref="3"/></Owner></rConnector></endConnector><a><text><string>N</string></text></a></llabelMuitos><llabelMuitos id="6f"><points><p colinear="true" x="593.165211787451" y="316" c1x="0" c1y="0" c2x="0" c2y="0"/><p colinear="true" x="593.834788212549" y="397.0567375886525" c1x="0" c1y="0" c2x="0" c2y="0"/></points><startConnector><rConnector id="70"><Owner><rel ref="69"/></Owner></rConnector></startConnector><endConnector><rConnector id="71"><Owner><ent ref="6"/></Owner></rConnector></endConnector><a><text><string>M</string></text></a></llabelMuitos><atr id="72" nullable="false" attributeType="VARCHAR2(128)"><children><e id="73" x="682" y="410" w="80" h="20"><a><fillColor><color rgba="#ffffebeb"/></fillColor></a></e><t id="74" x="710.609375" y="412.7080078125"><a><text><string>tipo</string></text></a></t></children></atr><atr id="75" nullable="false" attributeType="VARCHAR2(128)"><children><e id="76" x="818" y="395" w="80" h="20"><a><fillColor><color rgba="#ffffebeb"/></fillColor></a></e><t id="77" x="830.091796875" y="397.7080078125"><a><text><string>Corriente</string></text></a></t></children></atr><atr id="78" nullable="false" attributeType="VARCHAR2(128)"><children><e id="79" x="814" y="452" w="80" h="20"><a><fillColor><color rgba="#ffffebeb"/></fillColor></a></e><t id="7a" x="830.5712890625" y="454.7080078125"><a><text><string>Ahorros</string></text></a></t></children></atr><lcaf id="7b"><points><p colinear="true" x="634" y="417.9765070921986" c1x="0" c1y="0" c2x="0" c2y="0"/><p colinear="true" x="682" y="419.0802304964539" c1x="0" c1y="0" c2x="0" c2y="0"/></points><startConnector><rConnector id="7c"><Owner><ent ref="6"/></Owner></rConnector></startConnector><endConnector><rConnector id="7d"><Owner><atr ref="72"/></Owner></rConnector></endConnector></lcaf><lcaf id="7e"><points><p colinear="true" x="762" y="415.5882352941176" c1x="0" c1y="0" c2x="0" c2y="0"/><p colinear="true" x="818" y="409.4117647058824" c1x="0" c1y="0" c2x="0" c2y="0"/></points><startConnector><rConnector id="7f"><Owner><atr ref="72"/></Owner></rConnector></startConnector><endConnector><rConnector id="80"><Owner><atr ref="75"/></Owner></rConnector></endConnector></lcaf><lcaf id="81"><points><p colinear="true" x="753.4285714285714" y="430" c1x="0" c1y="0" c2x="0" c2y="0"/><p colinear="true" x="822.5714285714286" y="452" c1x="0" c1y="0" c2x="0" c2y="0"/></points><startConnector><rConnector id="82"><Owner><atr ref="72"/></Owner></rConnector></startConnector><endConnector><rConnector id="83"><Owner><atr ref="78"/></Owner></rConnector></endConnector></lcaf><atrchave id="84" nullable="false" attributeType="NUMBER"><children><e id="85" x="515" y="496" w="80" h="20"><a><fillColor><color rgba="#ffffebeb"/></fillColor></a></e><t id="86" x="519.6474609375" y="498.7080078125"><a><fontUnderlined><boolean>true</boolean></fontUnderlined><fontBold><boolean>true</boolean></fontBold><text><string>Id_Cuenta</string></text></a></t></children></atrchave><atr id="87" nullable="false" attributeType="VARCHAR2(128)"><children><e id="88" x="616" y="494" w="80" h="20"><a><fillColor><color rgba="#ffffebeb"/></fillColor></a></e><t id="89" x="639.2685546875" y="496.7080078125"><a><text><string>Saldo</string></text></a></t></children></atr><lcaf id="8a"><points><p colinear="true" x="585.2303644047524" y="437.0567375886525" c1x="0" c1y="0" c2x="0" c2y="0"/><p colinear="true" x="559.3848177976238" y="496" c1x="0" c1y="0" c2x="0" c2y="0"/></points><startConnector><rConnector id="8b"><Owner><ent ref="6"/></Owner></rConnector></startConnector><endConnector><rConnector id="8c"><Owner><atrchave ref="84"/></Owner></rConnector></endConnector></lcaf><lcaf id="8d"><points><p colinear="true" x="608.2621747287707" y="437.0567375886525" c1x="0" c1y="0" c2x="0" c2y="0"/><p colinear="true" x="648.8689126356146" y="494" c1x="0" c1y="0" c2x="0" c2y="0"/></points><startConnector><rConnector id="8e"><Owner><ent ref="6"/></Owner></rConnector></startConnector><endConnector><rConnector id="8f"><Owner><atr ref="87"/></Owner></rConnector></endConnector></lcaf><entfraca id="90"><children><r id="91" x="199" y="390" w="80" h="40"><a><fillColor><color rgba="#ffebffe8"/></fillColor><strokeType><enum type="strokeType">DOUBLE</enum></strokeType><innerStrokeWidthFactor><double>3</double></innerStrokeWidthFactor></a></r><t id="92" x="215.4130859375" y="402.7080078125"><a><text><string>Agencia</string></text></a></t></children></entfraca><llabelDoubleUm id="93"><points><p colinear="true" x="371" y="414.6481939633845" c1x="0" c1y="0" c2x="0" c2y="0"/><p colinear="true" x="279" y="411.408543625268" c1x="0" c1y="0" c2x="0" c2y="0"/></points><startConnector><rConnector id="94"><Owner><rel ref="21"/></Owner></rConnector></startConnector><endConnector><rConnector id="95"><Owner><entfraca ref="90"/></Owner></rConnector></endConnector><a><innerStrokeWidthFactor><double>3</double></innerStrokeWidthFactor></a></llabelDoubleUm><llabelMuitos id="96"><points><p colinear="true" x="239" y="328.0567375886525" c1x="0" c1y="0" c2x="0" c2y="0"/><p colinear="true" x="239" y="390" c1x="0" c1y="0" c2x="0" c2y="0"/></points><startConnector><rConnector id="97"><Owner><rel ref="f"/></Owner></rConnector></startConnector><endConnector><rConnector id="98"><Owner><entfraca ref="90"/></Owner></rConnector></endConnector><a><text><string>N</string></text></a></llabelMuitos><lcaf id="99"><points><p colinear="true" x="175.85730702930474" y="474.0567375886525" c1x="0" c1y="0" c2x="0" c2y="0"/><p colinear="true" x="219.28538594139053" y="430" c1x="0" c1y="0" c2x="0" c2y="0"/></points><startConnector><rConnector id="9a"><Owner><atrchave ref="18"/></Owner></rConnector></startConnector><endConnector><rConnector id="9b"><Owner><entfraca ref="90"/></Owner></rConnector></endConnector></lcaf><lcaf id="9c"><points><p colinear="true" x="256.0925027974636" y="430" c1x="0" c1y="0" c2x="0" c2y="0"/><p colinear="true" x="295.45374860126816" y="476.0567375886525" c1x="0" c1y="0" c2x="0" c2y="0"/></points><startConnector><rConnector id="9d"><Owner><entfraca ref="90"/></Owner></rConnector></startConnector><endConnector><rConnector id="9e"><Owner><atr ref="1b"/></Owner></rConnector></endConnector></lcaf></figures></drawing>