<drawing><figures><lcaf id="0"><points><p colinear="true" x="1332.878048780488" y="141" c1x="1451" c1y="-25" c2x="1451" c2y="-25"/><p colinear="true" x="1401" y="160.53146853146853" c1x="1451" c1y="-25" c2x="1451" c2y="-25"/></points><startConnector><rConnector id="1"><Owner><atr id="2" nullable="false" attributeType="VARCHAR2(128)"><children><e id="3" x="1258" y="121" w="80" h="20"><a><fillColor><color rgba="#ffffebeb"/></fillColor></a></e><t id="4" x="1274.1611328125" y="123.7080078125"><a><text><string>Nombre</string></text></a></t></children></atr></Owner></rConnector></startConnector><endConnector><rConnector id="5"><Owner><ent id="6"><children><r id="7" x="1401" y="152" w="80" h="40"><a><fillColor><color rgba="#ffebffe8"/></fillColor></a></r><t id="8" x="1420.2080078125" y="164.7080078125"><a><text><string>Cliente</string></text></a></t></children></ent></Owner></rConnector></endConnector></lcaf><atr ref="2"/><ent id="9"><children><r id="a" x="172" y="149" w="80" h="40"><a><fillColor><color rgba="#ffebffe8"/></fillColor></a></r><t id="b" x="179.1875" y="161.7080078125"><a><text><string>Trabajador</string></text></a></t></children></ent><atr id="c" nullable="false" attributeType="VARCHAR2(128)"><children><e id="d" x="32" y="112" w="80" h="20"><a><fillColor><color rgba="#ffffebeb"/></fillColor></a></e><t id="e" x="54.2666015625" y="114.7080078125"><a><text><string>Cargo</string></text></a></t></children></atr><atr id="f" nullable="false" attributeType="VARCHAR2(128)"><children><e id="10" x="109" y="72" w="80" h="20"><a><fillColor><color rgba="#ffffebeb"/></fillColor></a></e><t id="11" x="125.1611328125" y="74.7080078125"><a><text><string>Nombre</string></text></a></t></children></atr><atr id="12" nullable="false" attributeType="VARCHAR2(128)"><children><e id="13" x="203" y="70" w="97" h="25"><a><fillColor><color rgba="#ffffebeb"/></fillColor></a></e><t id="14" x="212.0693359375" y="75.2080078125"><a><text><string>Id_empleado</string></text></a></t></children></atr><atr id="15" nullable="false" attributeType="VARCHAR2(128)"><children><e id="16" x="313" y="112" w="80" h="20"><a><fillColor><color rgba="#ffffebeb"/></fillColor></a></e><t id="17" x="335.5068359375" y="114.7080078125"><a><text><string>Turno</string></text></a></t></children></atr><lcaf id="18"><points><p colinear="true" x="101.7872340425532" y="132" c1x="225" c1y="-34" c2x="225" c2y="-34"/><p colinear="true" x="172" y="155.57142857142858" c1x="225" c1y="-34" c2x="225" c2y="-34"/></points><startConnector><rConnector id="19"><Owner><atr ref="c"/></Owner></rConnector></startConnector><endConnector><rConnector id="1a"><Owner><ent ref="9"/></Owner></rConnector></endConnector></lcaf><lcaf id="1b"><points><p colinear="true" x="156.24137931034483" y="92" c1x="225" c1y="-34" c2x="225" c2y="-34"/><p colinear="true" x="197.51724137931035" y="149" c1x="225" c1y="-34" c2x="225" c2y="-34"/></points><startConnector><rConnector id="1c"><Owner><atr ref="f"/></Owner></rConnector></startConnector><endConnector><rConnector id="1d"><Owner><ent ref="9"/></Owner></rConnector></endConnector></lcaf><lcaf id="1e"><points><p colinear="true" x="245.79190751445086" y="95" c1x="225" c1y="-34" c2x="225" c2y="-34"/><p colinear="true" x="221.1329479768786" y="149" c1x="225" c1y="-34" c2x="225" c2y="-34"/></points><startConnector><rConnector id="1f"><Owner><atr ref="12"/></Owner></rConnector></startConnector><endConnector><rConnector id="20"><Owner><ent ref="9"/></Owner></rConnector></endConnector></lcaf><lcaf id="21"><points><p colinear="true" x="323" y="132" c1x="225" c1y="-34" c2x="225" c2y="-34"/><p colinear="true" x="252" y="155.66666666666666" c1x="225" c1y="-34" c2x="225" c2y="-34"/></points><startConnector><rConnector id="22"><Owner><atr ref="15"/></Owner></rConnector></startConnector><endConnector><rConnector id="23"><Owner><ent ref="9"/></Owner></rConnector></endConnector></lcaf><ta id="24" x="19" y="6" w="106" h="40"><a><text><string>Entidad 1:
Trabajador</string></text></a></ta><ent id="25"><children><r id="26" x="177" y="329" w="80" h="40"><a><fillColor><color rgba="#ffebffe8"/></fillColor></a></r><t id="27" x="196.2080078125" y="341.7080078125"><a><text><string>Cliente</string></text></a></t></children></ent><atr id="28" nullable="false" attributeType="VARCHAR2(128)"><children><e id="29" x="37" y="292" w="80" h="20"><a><fillColor><color rgba="#ffffebeb"/></fillColor></a></e><t id="2a" x="53.1611328125" y="294.7080078125"><a><text><string>Nombre</string></text></a></t></children></atr><atr id="2b" nullable="false" attributeType="VARCHAR2(128)"><children><e id="2c" x="114" y="252" w="80" h="20"><a><fillColor><color rgba="#ffffebeb"/></fillColor></a></e><t id="2d" x="130.2666015625" y="254.7080078125"><a><text><string>Apellido</string></text></a></t></children></atr><atr id="2e" nullable="false" attributeType="VARCHAR2(128)"><children><e id="2f" x="208" y="250" w="97" h="25"><a><fillColor><color rgba="#ffffebeb"/></fillColor></a></e><t id="30" x="230.818359375" y="255.2080078125"><a><text><string>Telefono</string></text></a></t></children></atr><atr id="31" nullable="false" attributeType="VARCHAR2(128)"><children><e id="32" x="318" y="292" w="89" h="20"><a><fillColor><color rgba="#ffffebeb"/></fillColor></a></e><t id="33" x="331.6298828125" y="294.7080078125"><a><text><string>Id_Cliente</string></text></a></t></children></atr><lcaf id="34"><points><p colinear="true" x="106.7872340425532" y="312" c1x="230" c1y="146" c2x="230" c2y="146"/><p colinear="true" x="177" y="335.57142857142856" c1x="230" c1y="146" c2x="230" c2y="146"/></points><startConnector><rConnector id="35"><Owner><atr ref="28"/></Owner></rConnector></startConnector><endConnector><rConnector id="36"><Owner><ent ref="25"/></Owner></rConnector></endConnector></lcaf><lcaf id="37"><points><p colinear="true" x="161.24137931034483" y="272" c1x="230" c1y="146" c2x="230" c2y="146"/><p colinear="true" x="202.51724137931035" y="329" c1x="230" c1y="146" c2x="230" c2y="146"/></points><startConnector><rConnector id="38"><Owner><atr ref="2b"/></Owner></rConnector></startConnector><endConnector><rConnector id="39"><Owner><ent ref="25"/></Owner></rConnector></endConnector></lcaf><lcaf id="3a"><points><p colinear="true" x="250.79190751445086" y="275" c1x="230" c1y="146" c2x="230" c2y="146"/><p colinear="true" x="226.1329479768786" y="329" c1x="230" c1y="146" c2x="230" c2y="146"/></points><startConnector><rConnector id="3b"><Owner><atr ref="2e"/></Owner></rConnector></startConnector><endConnector><rConnector id="3c"><Owner><ent ref="25"/></Owner></rConnector></endConnector></lcaf><lcaf id="3d"><points><p colinear="true" x="331.5425531914894" y="312" c1x="230" c1y="146" c2x="230" c2y="146"/><p colinear="true" x="257" y="336.0790378006873" c1x="230" c1y="146" c2x="230" c2y="146"/></points><startConnector><rConnector id="3e"><Owner><atr ref="31"/></Owner></rConnector></startConnector><endConnector><rConnector id="3f"><Owner><ent ref="25"/></Owner></rConnector></endConnector></lcaf><ta id="40" x="14" y="207" w="106" h="40"><a><text><string>Entidad 2:
Cliente
</string></text></a></ta><ent id="41"><children><r id="42" x="184" y="525" w="80" h="40"><a><fillColor><color rgba="#ffebffe8"/></fillColor></a></r><t id="43" x="198.2421875" y="537.7080078125"><a><text><string>Sucursal</string></text></a></t></children></ent><atr id="44" nullable="false" attributeType="VARCHAR2(128)"><children><e id="45" x="44" y="488" w="126.822265625" h="27"><a><fillColor><color rgba="#ffffebeb"/></fillColor></a></e><t id="46" x="54" y="494.2080078125"><a><text><string>Nombre_Sucursal</string></text></a></t></children></atr><atr id="47" nullable="false" attributeType="VARCHAR2(128)"><children><e id="48" x="120" y="448" w="80" h="20"><a><fillColor><color rgba="#ffffebeb"/></fillColor></a></e><t id="49" x="132.2587890625" y="450.7080078125"><a><text><string>Direccion</string></text></a></t></children></atr><atr id="4a" nullable="false" attributeType="VARCHAR2(128)"><children><e id="4b" x="214" y="446" w="97" h="25"><a><fillColor><color rgba="#ffffebeb"/></fillColor></a></e><t id="4c" x="236.818359375" y="451.2080078125"><a><text><string>Telefono</string></text></a></t></children></atr><atr id="4d" nullable="false" attributeType="VARCHAR2(128)"><children><e id="4e" x="325" y="488" w="89" h="20"><a><fillColor><color rgba="#ffffebeb"/></fillColor></a></e><t id="4f" x="333.6640625" y="490.7080078125"><a><text><string>Id_Sucursal</string></text></a></t></children></atr><lcaf id="50"><points><p colinear="true" x="143.59388469827587" y="515" c1x="236" c1y="342" c2x="236" c2y="342"/><p colinear="true" x="184" y="530.0757620176402" c1x="236" c1y="342" c2x="236" c2y="342"/></points><startConnector><rConnector id="51"><Owner><atr ref="44"/></Owner></rConnector></startConnector><endConnector><rConnector id="52"><Owner><ent ref="41"/></Owner></rConnector></endConnector></lcaf><lcaf id="53"><points><p colinear="true" x="167.35632183908046" y="468" c1x="236" c1y="342" c2x="236" c2y="342"/><p colinear="true" x="209.28735632183907" y="525" c1x="236" c1y="342" c2x="236" c2y="342"/></points><startConnector><rConnector id="54"><Owner><atr ref="47"/></Owner></rConnector></startConnector><endConnector><rConnector id="55"><Owner><ent ref="41"/></Owner></rConnector></endConnector></lcaf><lcaf id="56"><points><p colinear="true" x="256.9364161849711" y="471" c1x="236" c1y="342" c2x="236" c2y="342"/><p colinear="true" x="232.90173410404623" y="525" c1x="236" c1y="342" c2x="236" c2y="342"/></points><startConnector><rConnector id="57"><Owner><atr ref="4a"/></Owner></rConnector></startConnector><endConnector><rConnector id="58"><Owner><ent ref="41"/></Owner></rConnector></endConnector></lcaf><lcaf id="59"><points><p colinear="true" x="338.5425531914894" y="508" c1x="236" c1y="342" c2x="236" c2y="342"/><p colinear="true" x="264" y="532.0790378006873" c1x="236" c1y="342" c2x="236" c2y="342"/></points><startConnector><rConnector id="5a"><Owner><atr ref="4d"/></Owner></rConnector></startConnector><endConnector><rConnector id="5b"><Owner><ent ref="41"/></Owner></rConnector></endConnector></lcaf><ta id="5c" x="30" y="382" w="106" h="40"><a><text><string>Entidad 3:
Sucursal
</string></text></a></ta><ent id="5d"><children><r id="5e" x="594" y="150" w="80" h="40"><a><fillColor><color rgba="#ffebffe8"/></fillColor></a></r><t id="5f" x="607.5126953125" y="162.7080078125"><a><text><string>Producto</string></text></a></t></children></ent><atr id="60" nullable="false" attributeType="VARCHAR2(128)"><children><e id="61" x="453" y="113" w="80" h="20"><a><fillColor><color rgba="#ffffebeb"/></fillColor></a></e><t id="62" x="479.0400390625" y="115.7080078125"><a><text><string>Peso</string></text></a></t></children></atr><atr id="63" nullable="false" attributeType="VARCHAR2(128)"><children><e id="64" x="530" y="73" w="80" h="20"><a><fillColor><color rgba="#ffffebeb"/></fillColor></a></e><t id="65" x="549.732421875" y="75.7080078125"><a><text><string>Estado</string></text></a></t></children></atr><atr id="66" nullable="false" attributeType="VARCHAR2(128)"><children><e id="67" x="624" y="71" w="97" h="25"><a><fillColor><color rgba="#ffffebeb"/></fillColor></a></e><t id="68" x="654.5498046875" y="76.2080078125"><a><text><string>Marca</string></text></a></t></children></atr><atr id="69" nullable="false" attributeType="VARCHAR2(128)"><children><e id="6a" x="734" y="113" w="87" h="20"><a><fillColor><color rgba="#ffffebeb"/></fillColor></a></e><t id="6b" x="740.9345703125" y="115.7080078125"><a><text><string>Id_Producto</string></text></a></t></children></atr><lcaf id="6c"><points><p colinear="true" x="523" y="133" c1x="646" c1y="-33" c2x="646" c2y="-33"/><p colinear="true" x="594" y="156.66666666666666" c1x="646" c1y="-33" c2x="646" c2y="-33"/></points><startConnector><rConnector id="6d"><Owner><atr ref="60"/></Owner></rConnector></startConnector><endConnector><rConnector id="6e"><Owner><ent ref="5d"/></Owner></rConnector></endConnector></lcaf><lcaf id="6f"><points><p colinear="true" x="577.3563218390805" y="93" c1x="646" c1y="-33" c2x="646" c2y="-33"/><p colinear="true" x="619.2873563218391" y="150" c1x="646" c1y="-33" c2x="646" c2y="-33"/></points><startConnector><rConnector id="70"><Owner><atr ref="63"/></Owner></rConnector></startConnector><endConnector><rConnector id="71"><Owner><ent ref="5d"/></Owner></rConnector></endConnector></lcaf><lcaf id="72"><points><p colinear="true" x="666.9364161849711" y="96" c1x="646" c1y="-33" c2x="646" c2y="-33"/><p colinear="true" x="642.9017341040462" y="150" c1x="646" c1y="-33" c2x="646" c2y="-33"/></points><startConnector><rConnector id="73"><Owner><atr ref="66"/></Owner></rConnector></startConnector><endConnector><rConnector id="74"><Owner><ent ref="5d"/></Owner></rConnector></endConnector></lcaf><lcaf id="75"><points><p colinear="true" x="746.968085106383" y="133" c1x="646" c1y="-33" c2x="646" c2y="-33"/><p colinear="true" x="674" y="156.89895470383274" c1x="646" c1y="-33" c2x="646" c2y="-33"/></points><startConnector><rConnector id="76"><Owner><atr ref="69"/></Owner></rConnector></startConnector><endConnector><rConnector id="77"><Owner><ent ref="5d"/></Owner></rConnector></endConnector></lcaf><ta id="78" x="440" y="7" w="106" h="40"><a><text><string>Entidad 4:
Producto

</string></text></a></ta><ent id="79"><children><r id="7a" x="605" y="355" w="80" h="40"><a><fillColor><color rgba="#ffebffe8"/></fillColor></a></r><t id="7b" x="610.9658203125" y="367.7080078125"><a><text><string>Proeevedor</string></text></a></t></children></ent><atr id="7c" nullable="false" attributeType="VARCHAR2(128)"><children><e id="7d" x="464" y="318" w="80" h="20"><a><fillColor><color rgba="#ffffebeb"/></fillColor></a></e><t id="7e" x="478.3154296875" y="320.7080078125"><a><text><string>Almacen</string></text></a></t></children></atr><atr id="7f" nullable="false" attributeType="VARCHAR2(128)"><children><e id="80" x="541" y="278" w="80" h="20"><a><fillColor><color rgba="#ffffebeb"/></fillColor></a></e><t id="81" x="557.1611328125" y="280.7080078125"><a><text><string>Nombre</string></text></a></t></children></atr><atr id="82" nullable="false" attributeType="VARCHAR2(128)"><children><e id="83" x="635" y="276" w="107" h="25"><a><fillColor><color rgba="#ffffebeb"/></fillColor></a></e><t id="84" x="644.3876953125" y="281.2080078125"><a><text><string>Id_Proeevedor</string></text></a></t></children></atr><atr id="85" nullable="false" attributeType="VARCHAR2(128)"><children><e id="86" x="745" y="318" w="87" h="20"><a><fillColor><color rgba="#ffffebeb"/></fillColor></a></e><t id="87" x="775.7763671875" y="320.7080078125"><a><text><string>Tipo</string></text></a></t></children></atr><lcaf id="88"><points><p colinear="true" x="534" y="338" c1x="657" c1y="172" c2x="657" c2y="172"/><p colinear="true" x="605" y="361.6666666666667" c1x="657" c1y="172" c2x="657" c2y="172"/></points><startConnector><rConnector id="89"><Owner><atr ref="7c"/></Owner></rConnector></startConnector><endConnector><rConnector id="8a"><Owner><ent ref="79"/></Owner></rConnector></endConnector></lcaf><lcaf id="8b"><points><p colinear="true" x="588.3563218390805" y="298" c1x="657" c1y="172" c2x="657" c2y="172"/><p colinear="true" x="630.2873563218391" y="355" c1x="657" c1y="172" c2x="657" c2y="172"/></points><startConnector><rConnector id="8c"><Owner><atr ref="7f"/></Owner></rConnector></startConnector><endConnector><rConnector id="8d"><Owner><ent ref="79"/></Owner></rConnector></endConnector></lcaf><lcaf id="8e"><points><p colinear="true" x="682.2138728323699" y="301" c1x="657" c1y="172" c2x="657" c2y="172"/><p colinear="true" x="655.0578034682081" y="355" c1x="657" c1y="172" c2x="657" c2y="172"/></points><startConnector><rConnector id="8f"><Owner><atr ref="82"/></Owner></rConnector></startConnector><endConnector><rConnector id="90"><Owner><ent ref="79"/></Owner></rConnector></endConnector></lcaf><lcaf id="91"><points><p colinear="true" x="757.968085106383" y="338" c1x="657" c1y="172" c2x="657" c2y="172"/><p colinear="true" x="685" y="361.89895470383277" c1x="657" c1y="172" c2x="657" c2y="172"/></points><startConnector><rConnector id="92"><Owner><atr ref="85"/></Owner></rConnector></startConnector><endConnector><rConnector id="93"><Owner><ent ref="79"/></Owner></rConnector></endConnector></lcaf><ta id="94" x="456" y="212" w="106" h="40"><a><text><string>Entidad 5:
Proeevedor

</string></text></a></ta><ent id="95"><children><r id="96" x="172" y="149" w="80" h="40"><a><fillColor><color rgba="#ffebffe8"/></fillColor></a></r><t id="97" x="179.1875" y="161.7080078125"><a><text><string>Trabajador</string></text></a></t></children></ent><atr id="98" nullable="false" attributeType="VARCHAR2(128)"><children><e id="99" x="32" y="112" w="80" h="20"><a><fillColor><color rgba="#ffffebeb"/></fillColor></a></e><t id="9a" x="54.2666015625" y="114.7080078125"><a><text><string>Cargo</string></text></a></t></children></atr><atr id="9b" nullable="false" attributeType="VARCHAR2(128)"><children><e id="9c" x="109" y="72" w="80" h="20"><a><fillColor><color rgba="#ffffebeb"/></fillColor></a></e><t id="9d" x="125.1611328125" y="74.7080078125"><a><text><string>Nombre</string></text></a></t></children></atr><atr id="9e" nullable="false" attributeType="VARCHAR2(128)"><children><e id="9f" x="203" y="70" w="97" h="25"><a><fillColor><color rgba="#ffffebeb"/></fillColor></a></e><t id="a0" x="212.0693359375" y="75.2080078125"><a><text><string>Id_empleado</string></text></a></t></children></atr><atr id="a1" nullable="false" attributeType="VARCHAR2(128)"><children><e id="a2" x="313" y="112" w="80" h="20"><a><fillColor><color rgba="#ffffebeb"/></fillColor></a></e><t id="a3" x="335.5068359375" y="114.7080078125"><a><text><string>Turno</string></text></a></t></children></atr><lcaf id="a4"><points><p colinear="true" x="101.7872340425532" y="132" c1x="225" c1y="-34" c2x="225" c2y="-34"/><p colinear="true" x="172" y="155.57142857142858" c1x="225" c1y="-34" c2x="225" c2y="-34"/></points><startConnector><rConnector id="a5"><Owner><atr ref="98"/></Owner></rConnector></startConnector><endConnector><rConnector id="a6"><Owner><ent ref="95"/></Owner></rConnector></endConnector></lcaf><lcaf id="a7"><points><p colinear="true" x="156.24137931034483" y="92" c1x="225" c1y="-34" c2x="225" c2y="-34"/><p colinear="true" x="197.51724137931035" y="149" c1x="225" c1y="-34" c2x="225" c2y="-34"/></points><startConnector><rConnector id="a8"><Owner><atr ref="9b"/></Owner></rConnector></startConnector><endConnector><rConnector id="a9"><Owner><ent ref="95"/></Owner></rConnector></endConnector></lcaf><lcaf id="aa"><points><p colinear="true" x="245.79190751445086" y="95" c1x="225" c1y="-34" c2x="225" c2y="-34"/><p colinear="true" x="221.1329479768786" y="149" c1x="225" c1y="-34" c2x="225" c2y="-34"/></points><startConnector><rConnector id="ab"><Owner><atr ref="9e"/></Owner></rConnector></startConnector><endConnector><rConnector id="ac"><Owner><ent ref="95"/></Owner></rConnector></endConnector></lcaf><lcaf id="ad"><points><p colinear="true" x="323" y="132" c1x="225" c1y="-34" c2x="225" c2y="-34"/><p colinear="true" x="252" y="155.66666666666666" c1x="225" c1y="-34" c2x="225" c2y="-34"/></points><startConnector><rConnector id="ae"><Owner><atr ref="a1"/></Owner></rConnector></startConnector><endConnector><rConnector id="af"><Owner><ent ref="95"/></Owner></rConnector></endConnector></lcaf><ta id="b0" x="19" y="6" w="106" h="40"><a><text><string>Entidad 1:
Trabajador</string></text></a></ta><ent id="b1"><children><r id="b2" x="1014" y="151" w="80" h="40"><a><fillColor><color rgba="#ffebffe8"/></fillColor></a></r><t id="b3" x="1021.1875" y="163.7080078125"><a><text><string>Trabajador</string></text></a></t></children></ent><atr id="b4" nullable="false" attributeType="VARCHAR2(128)"><children><e id="b5" x="874" y="114" w="80" h="20"><a><fillColor><color rgba="#ffffebeb"/></fillColor></a></e><t id="b6" x="896.2666015625" y="116.7080078125"><a><text><string>Cargo</string></text></a></t></children></atr><atr id="b7" nullable="false" attributeType="VARCHAR2(128)"><children><e id="b8" x="951" y="74" w="80" h="20"><a><fillColor><color rgba="#ffffebeb"/></fillColor></a></e><t id="b9" x="967.1611328125" y="76.7080078125"><a><text><string>Nombre</string></text></a></t></children></atr><atr id="ba" nullable="false" attributeType="VARCHAR2(128)"><children><e id="bb" x="1045" y="72" w="97" h="25"><a><fillColor><color rgba="#ffffebeb"/></fillColor></a></e><t id="bc" x="1054.0693359375" y="77.2080078125"><a><text><string>Id_empleado</string></text></a></t></children></atr><atr id="bd" nullable="false" attributeType="VARCHAR2(128)"><children><e id="be" x="1155" y="114" w="80" h="20"><a><fillColor><color rgba="#ffffebeb"/></fillColor></a></e><t id="bf" x="1177.5068359375" y="116.7080078125"><a><text><string>Turno</string></text></a></t></children></atr><lcaf id="c0"><points><p colinear="true" x="943.7872340425532" y="134" c1x="1067" c1y="-32" c2x="1067" c2y="-32"/><p colinear="true" x="1014" y="157.57142857142858" c1x="1067" c1y="-32" c2x="1067" c2y="-32"/></points><startConnector><rConnector id="c1"><Owner><atr ref="b4"/></Owner></rConnector></startConnector><endConnector><rConnector id="c2"><Owner><ent ref="b1"/></Owner></rConnector></endConnector></lcaf><lcaf id="c3"><points><p colinear="true" x="998.2413793103449" y="94" c1x="1067" c1y="-32" c2x="1067" c2y="-32"/><p colinear="true" x="1039.5172413793102" y="151" c1x="1067" c1y="-32" c2x="1067" c2y="-32"/></points><startConnector><rConnector id="c4"><Owner><atr ref="b7"/></Owner></rConnector></startConnector><endConnector><rConnector id="c5"><Owner><ent ref="b1"/></Owner></rConnector></endConnector></lcaf><lcaf id="c6"><points><p colinear="true" x="1087.791907514451" y="97" c1x="1067" c1y="-32" c2x="1067" c2y="-32"/><p colinear="true" x="1063.1329479768785" y="151" c1x="1067" c1y="-32" c2x="1067" c2y="-32"/></points><startConnector><rConnector id="c7"><Owner><atr ref="ba"/></Owner></rConnector></startConnector><endConnector><rConnector id="c8"><Owner><ent ref="b1"/></Owner></rConnector></endConnector></lcaf><lcaf id="c9"><points><p colinear="true" x="1165" y="134" c1x="1067" c1y="-32" c2x="1067" c2y="-32"/><p colinear="true" x="1094" y="157.66666666666666" c1x="1067" c1y="-32" c2x="1067" c2y="-32"/></points><startConnector><rConnector id="ca"><Owner><atr ref="bd"/></Owner></rConnector></startConnector><endConnector><rConnector id="cb"><Owner><ent ref="b1"/></Owner></rConnector></endConnector></lcaf><ta id="cc" x="861" y="8" w="106" h="40"><a><text><string>Entidad 1:
Trabajador</string></text></a></ta><ent id="cd"><children><r id="ce" x="1014" y="151" w="80" h="40"><a><fillColor><color rgba="#ffebffe8"/></fillColor></a></r><t id="cf" x="1021.1875" y="163.7080078125"><a><text><string>Trabajador</string></text></a></t></children></ent><atr id="d0" nullable="false" attributeType="VARCHAR2(128)"><children><e id="d1" x="874" y="114" w="80" h="20"><a><fillColor><color rgba="#ffffebeb"/></fillColor></a></e><t id="d2" x="896.2666015625" y="116.7080078125"><a><text><string>Cargo</string></text></a></t></children></atr><atr id="d3" nullable="false" attributeType="VARCHAR2(128)"><children><e id="d4" x="951" y="74" w="80" h="20"><a><fillColor><color rgba="#ffffebeb"/></fillColor></a></e><t id="d5" x="967.1611328125" y="76.7080078125"><a><text><string>Nombre</string></text></a></t></children></atr><atr id="d6" nullable="false" attributeType="VARCHAR2(128)"><children><e id="d7" x="1045" y="72" w="97" h="25"><a><fillColor><color rgba="#ffffebeb"/></fillColor></a></e><t id="d8" x="1054.0693359375" y="77.2080078125"><a><text><string>Id_empleado</string></text></a></t></children></atr><atr id="d9" nullable="false" attributeType="VARCHAR2(128)"><children><e id="da" x="1155" y="114" w="80" h="20"><a><fillColor><color rgba="#ffffebeb"/></fillColor></a></e><t id="db" x="1177.5068359375" y="116.7080078125"><a><text><string>Turno</string></text></a></t></children></atr><lcaf id="dc"><points><p colinear="true" x="943.7872340425532" y="134" c1x="1067" c1y="-32" c2x="1067" c2y="-32"/><p colinear="true" x="1014" y="157.57142857142858" c1x="1067" c1y="-32" c2x="1067" c2y="-32"/></points><startConnector><rConnector id="dd"><Owner><atr ref="d0"/></Owner></rConnector></startConnector><endConnector><rConnector id="de"><Owner><ent ref="cd"/></Owner></rConnector></endConnector></lcaf><lcaf id="df"><points><p colinear="true" x="998.2413793103449" y="94" c1x="1067" c1y="-32" c2x="1067" c2y="-32"/><p colinear="true" x="1039.5172413793102" y="151" c1x="1067" c1y="-32" c2x="1067" c2y="-32"/></points><startConnector><rConnector id="e0"><Owner><atr ref="d3"/></Owner></rConnector></startConnector><endConnector><rConnector id="e1"><Owner><ent ref="cd"/></Owner></rConnector></endConnector></lcaf><lcaf id="e2"><points><p colinear="true" x="1087.791907514451" y="97" c1x="1067" c1y="-32" c2x="1067" c2y="-32"/><p colinear="true" x="1063.1329479768785" y="151" c1x="1067" c1y="-32" c2x="1067" c2y="-32"/></points><startConnector><rConnector id="e3"><Owner><atr ref="d6"/></Owner></rConnector></startConnector><endConnector><rConnector id="e4"><Owner><ent ref="cd"/></Owner></rConnector></endConnector></lcaf><lcaf id="e5"><points><p colinear="true" x="1165" y="134" c1x="1067" c1y="-32" c2x="1067" c2y="-32"/><p colinear="true" x="1094" y="157.66666666666666" c1x="1067" c1y="-32" c2x="1067" c2y="-32"/></points><startConnector><rConnector id="e6"><Owner><atr ref="d9"/></Owner></rConnector></startConnector><endConnector><rConnector id="e7"><Owner><ent ref="cd"/></Owner></rConnector></endConnector></lcaf><ta id="e8" x="861" y="8" w="106" h="40"><a><text><string>Relacion 1:
atiende
</string></text></a></ta><ent ref="6"/><atr id="e9" nullable="false" attributeType="VARCHAR2(128)"><children><e id="ea" x="1335" y="81" w="80" h="20"><a><fillColor><color rgba="#ffffebeb"/></fillColor></a></e><t id="eb" x="1351.2666015625" y="83.7080078125"><a><text><string>Apellido</string></text></a></t></children></atr><atr id="ec" nullable="false" attributeType="VARCHAR2(128)"><children><e id="ed" x="1429" y="79" w="97" h="25"><a><fillColor><color rgba="#ffffebeb"/></fillColor></a></e><t id="ee" x="1451.818359375" y="84.2080078125"><a><text><string>Telefono</string></text></a></t></children></atr><atr id="ef" nullable="false" attributeType="VARCHAR2(128)"><children><e id="f0" x="1539" y="121" w="89" h="20"><a><fillColor><color rgba="#ffffebeb"/></fillColor></a></e><t id="f1" x="1552.6298828125" y="123.7080078125"><a><text><string>Id_Cliente</string></text></a></t></children></atr><lcaf id="f2"><points><p colinear="true" x="1383.1481481481483" y="101" c1x="1451" c1y="-25" c2x="1451" c2y="-25"/><p colinear="true" x="1424.7037037037037" y="152" c1x="1451" c1y="-25" c2x="1451" c2y="-25"/></points><startConnector><rConnector id="f3"><Owner><atr ref="e9"/></Owner></rConnector></startConnector><endConnector><rConnector id="f4"><Owner><ent ref="6"/></Owner></rConnector></endConnector></lcaf><lcaf id="f5"><points><p colinear="true" x="1471.832298136646" y="104" c1x="1451" c1y="-25" c2x="1451" c2y="-25"/><p colinear="true" x="1450.0683229813665" y="152" c1x="1451" c1y="-25" c2x="1451" c2y="-25"/></points><startConnector><rConnector id="f6"><Owner><atr ref="ec"/></Owner></rConnector></startConnector><endConnector><rConnector id="f7"><Owner><ent ref="6"/></Owner></rConnector></endConnector></lcaf><lcaf id="f8"><points><p colinear="true" x="1548.7439024390244" y="141" c1x="1451" c1y="-25" c2x="1451" c2y="-25"/><p colinear="true" x="1481" y="160.49122807017542" c1x="1451" c1y="-25" c2x="1451" c2y="-25"/></points><startConnector><rConnector id="f9"><Owner><atr ref="ef"/></Owner></rConnector></startConnector><endConnector><rConnector id="fa"><Owner><ent ref="6"/></Owner></rConnector></endConnector></lcaf><rel id="fb"><children><diamond id="fc" x="1202" y="150" w="80" h="40"><a><fillColor><color rgba="#ffddddff"/></fillColor></a></diamond><t id="fd" x="1219.7021484375" y="162.7080078125"><a><text><string>atiende</string></text></a></t></children></rel><lcaf id="fe"><points><p colinear="true" x="1202" y="170.2127659574468" c1x="0" c1y="0" c2x="0" c2y="0"/><p colinear="true" x="1094" y="170.7872340425532" c1x="0" c1y="0" c2x="0" c2y="0"/></points><startConnector><rConnector id="ff"><Owner><rel ref="fb"/></Owner></rConnector></startConnector><endConnector><rConnector id="100"><Owner><ent ref="cd"/></Owner></rConnector></endConnector></lcaf><lcaf id="101"><points><p colinear="true" x="1282" y="170.40201005025125" c1x="0" c1y="0" c2x="0" c2y="0"/><p colinear="true" x="1401" y="171.59798994974875" c1x="0" c1y="0" c2x="0" c2y="0"/></points><startConnector><rConnector id="102"><Owner><rel ref="fb"/></Owner></rConnector></startConnector><endConnector><rConnector id="103"><Owner><ent ref="6"/></Owner></rConnector></endConnector></lcaf><ent id="104"><children><r id="105" x="1043" y="340" w="80" h="40"><a><fillColor><color rgba="#ffebffe8"/></fillColor></a></r><t id="106" x="1048.9658203125" y="352.7080078125"><a><text><string>Proeevedor</string></text></a></t></children></ent><atr id="107" nullable="false" attributeType="VARCHAR2(128)"><children><e id="108" x="902" y="303" w="80" h="20"><a><fillColor><color rgba="#ffffebeb"/></fillColor></a></e><t id="109" x="916.3154296875" y="305.7080078125"><a><text><string>Almacen</string></text></a></t></children></atr><atr id="10a" nullable="false" attributeType="VARCHAR2(128)"><children><e id="10b" x="979" y="263" w="80" h="20"><a><fillColor><color rgba="#ffffebeb"/></fillColor></a></e><t id="10c" x="995.1611328125" y="265.7080078125"><a><text><string>Nombre</string></text></a></t></children></atr><atr id="10d" nullable="false" attributeType="VARCHAR2(128)"><children><e id="10e" x="1073" y="261" w="107" h="25"><a><fillColor><color rgba="#ffffebeb"/></fillColor></a></e><t id="10f" x="1082.3876953125" y="266.2080078125"><a><text><string>Id_Proeevedor</string></text></a></t></children></atr><atr id="110" nullable="false" attributeType="VARCHAR2(128)"><children><e id="111" x="1183" y="303" w="87" h="20"><a><fillColor><color rgba="#ffffebeb"/></fillColor></a></e><t id="112" x="1213.7763671875" y="305.7080078125"><a><text><string>Tipo</string></text></a></t></children></atr><lcaf id="113"><points><p colinear="true" x="972" y="323" c1x="1095" c1y="157" c2x="1095" c2y="157"/><p colinear="true" x="1043" y="346.6666666666667" c1x="1095" c1y="157" c2x="1095" c2y="157"/></points><startConnector><rConnector id="114"><Owner><atr ref="107"/></Owner></rConnector></startConnector><endConnector><rConnector id="115"><Owner><ent ref="104"/></Owner></rConnector></endConnector></lcaf><lcaf id="116"><points><p colinear="true" x="1026.3563218390805" y="283" c1x="1095" c1y="157" c2x="1095" c2y="157"/><p colinear="true" x="1068.287356321839" y="340" c1x="1095" c1y="157" c2x="1095" c2y="157"/></points><startConnector><rConnector id="117"><Owner><atr ref="10a"/></Owner></rConnector></startConnector><endConnector><rConnector id="118"><Owner><ent ref="104"/></Owner></rConnector></endConnector></lcaf><lcaf id="119"><points><p colinear="true" x="1120.21387283237" y="286" c1x="1095" c1y="157" c2x="1095" c2y="157"/><p colinear="true" x="1093.057803468208" y="340" c1x="1095" c1y="157" c2x="1095" c2y="157"/></points><startConnector><rConnector id="11a"><Owner><atr ref="10d"/></Owner></rConnector></startConnector><endConnector><rConnector id="11b"><Owner><ent ref="104"/></Owner></rConnector></endConnector></lcaf><lcaf id="11c"><points><p colinear="true" x="1195.968085106383" y="323" c1x="1095" c1y="157" c2x="1095" c2y="157"/><p colinear="true" x="1123" y="346.89895470383277" c1x="1095" c1y="157" c2x="1095" c2y="157"/></points><startConnector><rConnector id="11d"><Owner><atr ref="110"/></Owner></rConnector></startConnector><endConnector><rConnector id="11e"><Owner><ent ref="104"/></Owner></rConnector></endConnector></lcaf><ent id="11f"><children><r id="120" x="1452" y="338" w="80" h="40"><a><fillColor><color rgba="#ffebffe8"/></fillColor></a></r><t id="121" x="1466.2421875" y="350.7080078125"><a><text><string>Sucursal</string></text></a></t></children></ent><atr id="122" nullable="false" attributeType="VARCHAR2(128)"><children><e id="123" x="1311" y="306" w="126.822265625" h="27"><a><fillColor><color rgba="#ffffebeb"/></fillColor></a></e><t id="124" x="1321" y="312.2080078125"><a><text><string>Nombre_Sucursal</string></text></a></t></children></atr><atr id="125" nullable="false" attributeType="VARCHAR2(128)"><children><e id="126" x="1387" y="266" w="80" h="20"><a><fillColor><color rgba="#ffffebeb"/></fillColor></a></e><t id="127" x="1399.2587890625" y="268.7080078125"><a><text><string>Direccion</string></text></a></t></children></atr><atr id="128" nullable="false" attributeType="VARCHAR2(128)"><children><e id="129" x="1481" y="264" w="97" h="25"><a><fillColor><color rgba="#ffffebeb"/></fillColor></a></e><t id="12a" x="1503.818359375" y="269.2080078125"><a><text><string>Telefono</string></text></a></t></children></atr><atr id="12b" nullable="false" attributeType="VARCHAR2(128)"><children><e id="12c" x="1592" y="306" w="89" h="20"><a><fillColor><color rgba="#ffffebeb"/></fillColor></a></e><t id="12d" x="1600.6640625" y="308.7080078125"><a><text><string>Id_Sucursal</string></text></a></t></children></atr><lcaf id="12e"><points><p colinear="true" x="1415.6435927353896" y="333" c1x="1503" c1y="160" c2x="1503" c2y="160"/><p colinear="true" x="1452" y="344.9035221034623" c1x="1503" c1y="160" c2x="1503" c2y="160"/></points><startConnector><rConnector id="12f"><Owner><atr ref="122"/></Owner></rConnector></startConnector><endConnector><rConnector id="130"><Owner><ent ref="11f"/></Owner></rConnector></endConnector></lcaf><lcaf id="131"><points><p colinear="true" x="1434.9268292682927" y="286" c1x="1503" c1y="160" c2x="1503" c2y="160"/><p colinear="true" x="1476.1463414634147" y="338" c1x="1503" c1y="160" c2x="1503" c2y="160"/></points><startConnector><rConnector id="132"><Owner><atr ref="125"/></Owner></rConnector></startConnector><endConnector><rConnector id="133"><Owner><ent ref="11f"/></Owner></rConnector></endConnector></lcaf><lcaf id="134"><points><p colinear="true" x="1523.7484662576687" y="289" c1x="1503" c1y="160" c2x="1503" c2y="160"/><p colinear="true" x="1501.20245398773" y="338" c1x="1503" c1y="160" c2x="1503" c2y="160"/></points><startConnector><rConnector id="135"><Owner><atr ref="128"/></Owner></rConnector></startConnector><endConnector><rConnector id="136"><Owner><ent ref="11f"/></Owner></rConnector></endConnector></lcaf><lcaf id="137"><points><p colinear="true" x="1602.095238095238" y="326" c1x="1503" c1y="160" c2x="1503" c2y="160"/><p colinear="true" x="1532" y="346.37370242214536" c1x="1503" c1y="160" c2x="1503" c2y="160"/></points><startConnector><rConnector id="138"><Owner><atr ref="12b"/></Owner></rConnector></startConnector><endConnector><rConnector id="139"><Owner><ent ref="11f"/></Owner></rConnector></endConnector></lcaf><ta id="13a" x="866" y="201" w="106" h="40"><a><text><string>Relacion 2:
provee

</string></text></a></ta><rel id="13b"><children><diamond id="13c" x="1234" y="338" w="80" h="40"><a><fillColor><color rgba="#ffddddff"/></fillColor></a></diamond><t id="13d" x="1253.3603515625" y="350.7080078125"><a><text><string>provee</string></text></a></t></children></rel><lcaf id="13e"><points><p colinear="true" x="1234" y="358.41884816753924" c1x="0" c1y="0" c2x="0" c2y="0"/><p colinear="true" x="1123" y="359.5811518324607" c1x="0" c1y="0" c2x="0" c2y="0"/></points><startConnector><rConnector id="13f"><Owner><rel ref="13b"/></Owner></rConnector></startConnector><endConnector><rConnector id="140"><Owner><ent ref="104"/></Owner></rConnector></endConnector></lcaf><lcaf id="141"><points><p colinear="true" x="1314" y="358" c1x="0" c1y="0" c2x="0" c2y="0"/><p colinear="true" x="1452" y="358" c1x="0" c1y="0" c2x="0" c2y="0"/></points><startConnector><rConnector id="142"><Owner><rel ref="13b"/></Owner></rConnector></startConnector><endConnector><rConnector id="143"><Owner><ent ref="11f"/></Owner></rConnector></endConnector></lcaf><ta id="144" x="870" y="405" w="106" h="40"><a><text><string>Relacion 3:
vende

</string></text></a></ta><ent id="145"><children><r id="146" x="1449" y="542" w="80" h="40"><a><fillColor><color rgba="#ffebffe8"/></fillColor></a></r><t id="147" x="1462.5126953125" y="554.7080078125"><a><text><string>Producto</string></text></a></t></children></ent><atr id="148" nullable="false" attributeType="VARCHAR2(128)"><children><e id="149" x="1290" y="489" w="80" h="20"><a><fillColor><color rgba="#ffffebeb"/></fillColor></a></e><t id="14a" x="1316.0400390625" y="491.7080078125"><a><text><string>Peso</string></text></a></t></children></atr><atr id="14b" nullable="false" attributeType="VARCHAR2(128)"><children><e id="14c" x="1374" y="454" w="80" h="20"><a><fillColor><color rgba="#ffffebeb"/></fillColor></a></e><t id="14d" x="1393.732421875" y="456.7080078125"><a><text><string>Estado</string></text></a></t></children></atr><atr id="14e" nullable="false" attributeType="VARCHAR2(128)"><children><e id="14f" x="1468" y="452" w="97" h="25"><a><fillColor><color rgba="#ffffebeb"/></fillColor></a></e><t id="150" x="1498.5498046875" y="457.2080078125"><a><text><string>Marca</string></text></a></t></children></atr><atr id="151" nullable="false" attributeType="VARCHAR2(128)"><children><e id="152" x="1578" y="494" w="87" h="20"><a><fillColor><color rgba="#ffffebeb"/></fillColor></a></e><t id="153" x="1584.9345703125" y="496.7080078125"><a><text><string>Id_Producto</string></text></a></t></children></atr><lcaf id="154"><points><p colinear="true" x="1355.2380952380952" y="509" c1x="1490" c1y="348" c2x="1490" c2y="348"/><p colinear="true" x="1449" y="546.1509433962265" c1x="1490" c1y="348" c2x="1490" c2y="348"/></points><startConnector><rConnector id="155"><Owner><atr ref="148"/></Owner></rConnector></startConnector><endConnector><rConnector id="156"><Owner><ent ref="145"/></Owner></rConnector></endConnector></lcaf><lcaf id="157"><points><p colinear="true" x="1421.6530612244899" y="474" c1x="1490" c1y="348" c2x="1490" c2y="348"/><p colinear="true" x="1473.6938775510205" y="542" c1x="1490" c1y="348" c2x="1490" c2y="348"/></points><startConnector><rConnector id="158"><Owner><atr ref="14b"/></Owner></rConnector></startConnector><endConnector><rConnector id="159"><Owner><ent ref="145"/></Owner></rConnector></endConnector></lcaf><lcaf id="15a"><points><p colinear="true" x="1512.974358974359" y="477" c1x="1490" c1y="348" c2x="1490" c2y="348"/><p colinear="true" x="1494.6410256410256" y="542" c1x="1490" c1y="348" c2x="1490" c2y="348"/></points><startConnector><rConnector id="15b"><Owner><atr ref="14e"/></Owner></rConnector></startConnector><endConnector><rConnector id="15c"><Owner><ent ref="145"/></Owner></rConnector></endConnector></lcaf><lcaf id="15d"><points><p colinear="true" x="1598.655172413793" y="514" c1x="1490" c1y="348" c2x="1490" c2y="348"/><p colinear="true" x="1529" y="544.4905660377359" c1x="1490" c1y="348" c2x="1490" c2y="348"/></points><startConnector><rConnector id="15e"><Owner><atr ref="151"/></Owner></rConnector></startConnector><endConnector><rConnector id="15f"><Owner><ent ref="145"/></Owner></rConnector></endConnector></lcaf><rel id="160"><children><diamond id="161" x="1235" y="536" w="80" h="40"><a><fillColor><color rgba="#ffddddff"/></fillColor></a></diamond><t id="162" x="1256.765625" y="548.7080078125"><a><text><string>vende</string></text></a></t></children></rel><ent id="163"><children><r id="164" x="1007" y="540" w="80" h="40"><a><fillColor><color rgba="#ffebffe8"/></fillColor></a></r><t id="165" x="1014.1875" y="552.7080078125"><a><text><string>Trabajador</string></text></a></t></children></ent><atr id="166" nullable="false" attributeType="VARCHAR2(128)"><children><e id="167" x="867" y="503" w="80" h="20"><a><fillColor><color rgba="#ffffebeb"/></fillColor></a></e><t id="168" x="889.2666015625" y="505.7080078125"><a><text><string>Cargo</string></text></a></t></children></atr><atr id="169" nullable="false" attributeType="VARCHAR2(128)"><children><e id="16a" x="944" y="463" w="80" h="20"><a><fillColor><color rgba="#ffffebeb"/></fillColor></a></e><t id="16b" x="960.1611328125" y="465.7080078125"><a><text><string>Nombre</string></text></a></t></children></atr><atr id="16c" nullable="false" attributeType="VARCHAR2(128)"><children><e id="16d" x="1038" y="461" w="97" h="25"><a><fillColor><color rgba="#ffffebeb"/></fillColor></a></e><t id="16e" x="1047.0693359375" y="466.2080078125"><a><text><string>Id_empleado</string></text></a></t></children></atr><atr id="16f" nullable="false" attributeType="VARCHAR2(128)"><children><e id="170" x="1148" y="503" w="80" h="20"><a><fillColor><color rgba="#ffffebeb"/></fillColor></a></e><t id="171" x="1170.5068359375" y="505.7080078125"><a><text><string>Turno</string></text></a></t></children></atr><lcaf id="172"><points><p colinear="true" x="936.7872340425532" y="523" c1x="1060" c1y="357" c2x="1060" c2y="357"/><p colinear="true" x="1007" y="546.5714285714286" c1x="1060" c1y="357" c2x="1060" c2y="357"/></points><startConnector><rConnector id="173"><Owner><atr ref="166"/></Owner></rConnector></startConnector><endConnector><rConnector id="174"><Owner><ent ref="163"/></Owner></rConnector></endConnector></lcaf><lcaf id="175"><points><p colinear="true" x="991.2413793103449" y="483" c1x="1060" c1y="357" c2x="1060" c2y="357"/><p colinear="true" x="1032.5172413793102" y="540" c1x="1060" c1y="357" c2x="1060" c2y="357"/></points><startConnector><rConnector id="176"><Owner><atr ref="169"/></Owner></rConnector></startConnector><endConnector><rConnector id="177"><Owner><ent ref="163"/></Owner></rConnector></endConnector></lcaf><lcaf id="178"><points><p colinear="true" x="1080.791907514451" y="486" c1x="1060" c1y="357" c2x="1060" c2y="357"/><p colinear="true" x="1056.1329479768785" y="540" c1x="1060" c1y="357" c2x="1060" c2y="357"/></points><startConnector><rConnector id="179"><Owner><atr ref="16c"/></Owner></rConnector></startConnector><endConnector><rConnector id="17a"><Owner><ent ref="163"/></Owner></rConnector></endConnector></lcaf><lcaf id="17b"><points><p colinear="true" x="1158" y="523" c1x="1060" c1y="357" c2x="1060" c2y="357"/><p colinear="true" x="1087" y="546.6666666666666" c1x="1060" c1y="357" c2x="1060" c2y="357"/></points><startConnector><rConnector id="17c"><Owner><atr ref="16f"/></Owner></rConnector></startConnector><endConnector><rConnector id="17d"><Owner><ent ref="163"/></Owner></rConnector></endConnector></lcaf><ent id="17e"><children><r id="17f" x="1007" y="540" w="80" h="40"><a><fillColor><color rgba="#ffebffe8"/></fillColor></a></r><t id="180" x="1014.1875" y="552.7080078125"><a><text><string>Trabajador</string></text></a></t></children></ent><atr id="181" nullable="false" attributeType="VARCHAR2(128)"><children><e id="182" x="867" y="503" w="80" h="20"><a><fillColor><color rgba="#ffffebeb"/></fillColor></a></e><t id="183" x="889.2666015625" y="505.7080078125"><a><text><string>Cargo</string></text></a></t></children></atr><atr id="184" nullable="false" attributeType="VARCHAR2(128)"><children><e id="185" x="944" y="463" w="80" h="20"><a><fillColor><color rgba="#ffffebeb"/></fillColor></a></e><t id="186" x="960.1611328125" y="465.7080078125"><a><text><string>Nombre</string></text></a></t></children></atr><atr id="187" nullable="false" attributeType="VARCHAR2(128)"><children><e id="188" x="1038" y="461" w="97" h="25"><a><fillColor><color rgba="#ffffebeb"/></fillColor></a></e><t id="189" x="1047.0693359375" y="466.2080078125"><a><text><string>Id_empleado</string></text></a></t></children></atr><atr id="18a" nullable="false" attributeType="VARCHAR2(128)"><children><e id="18b" x="1148" y="503" w="80" h="20"><a><fillColor><color rgba="#ffffebeb"/></fillColor></a></e><t id="18c" x="1170.5068359375" y="505.7080078125"><a><text><string>Turno</string></text></a></t></children></atr><lcaf id="18d"><points><p colinear="true" x="936.7872340425532" y="523" c1x="1060" c1y="357" c2x="1060" c2y="357"/><p colinear="true" x="1007" y="546.5714285714286" c1x="1060" c1y="357" c2x="1060" c2y="357"/></points><startConnector><rConnector id="18e"><Owner><atr ref="181"/></Owner></rConnector></startConnector><endConnector><rConnector id="18f"><Owner><ent ref="17e"/></Owner></rConnector></endConnector></lcaf><lcaf id="190"><points><p colinear="true" x="991.2413793103449" y="483" c1x="1060" c1y="357" c2x="1060" c2y="357"/><p colinear="true" x="1032.5172413793102" y="540" c1x="1060" c1y="357" c2x="1060" c2y="357"/></points><startConnector><rConnector id="191"><Owner><atr ref="184"/></Owner></rConnector></startConnector><endConnector><rConnector id="192"><Owner><ent ref="17e"/></Owner></rConnector></endConnector></lcaf><lcaf id="193"><points><p colinear="true" x="1080.791907514451" y="486" c1x="1060" c1y="357" c2x="1060" c2y="357"/><p colinear="true" x="1056.1329479768785" y="540" c1x="1060" c1y="357" c2x="1060" c2y="357"/></points><startConnector><rConnector id="194"><Owner><atr ref="187"/></Owner></rConnector></startConnector><endConnector><rConnector id="195"><Owner><ent ref="17e"/></Owner></rConnector></endConnector></lcaf><lcaf id="196"><points><p colinear="true" x="1158" y="523" c1x="1060" c1y="357" c2x="1060" c2y="357"/><p colinear="true" x="1087" y="546.6666666666666" c1x="1060" c1y="357" c2x="1060" c2y="357"/></points><startConnector><rConnector id="197"><Owner><atr ref="18a"/></Owner></rConnector></startConnector><endConnector><rConnector id="198"><Owner><ent ref="17e"/></Owner></rConnector></endConnector></lcaf><lcaf id="199"><points><p colinear="true" x="1235" y="556.7017543859649" c1x="0" c1y="0" c2x="0" c2y="0"/><p colinear="true" x="1087" y="559.2982456140351" c1x="0" c1y="0" c2x="0" c2y="0"/></points><startConnector><rConnector id="19a"><Owner><rel ref="160"/></Owner></rConnector></startConnector><endConnector><rConnector id="19b"><Owner><ent ref="17e"/></Owner></rConnector></endConnector></lcaf><lcaf id="19c"><points><p colinear="true" x="1315" y="557.1214953271028" c1x="0" c1y="0" c2x="0" c2y="0"/><p colinear="true" x="1449" y="560.8785046728972" c1x="0" c1y="0" c2x="0" c2y="0"/></points><startConnector><rConnector id="19d"><Owner><rel ref="160"/></Owner></rConnector></startConnector><endConnector><rConnector id="19e"><Owner><ent ref="145"/></Owner></rConnector></endConnector></lcaf></figures></drawing>