<drawing><figures><lcaf id="0"><points><p colinear="true" x="194.84415584415584" y="210" c1x="24" c1y="148" c2x="24" c2y="148"/><p colinear="true" x="222.3116883116883" y="257" c1x="24" c1y="148" c2x="24" c2y="148"/></points><startConnector><rConnector id="1"><Owner><atr id="2" nullable="false" attributeType="VARCHAR2(128)"><children><e id="3" x="149" y="190" w="80" h="20"><a><fillColor><color rgba="#ffffebeb"/></fillColor></a></e><t id="4" x="165.2666015625" y="192.7080078125"><a><text><string>Apellido</string></text></a></t></children></atr></Owner></rConnector></startConnector><endConnector><rConnector id="5"><Owner><ent id="6"><children><r id="7" x="194" y="257" w="80" h="40"><a><fillColor><color rgba="#ffebffe8"/></fillColor></a></r><t id="8" x="213.2080078125" y="269.7080078125"><a><text><string>Cliente</string></text></a></t></children></ent></Owner></rConnector></endConnector></lcaf><lcaf id="9"><points><p colinear="true" x="122" y="242" c1x="24" c1y="148" c2x="24" c2y="148"/><p colinear="true" x="194" y="264.5" c1x="24" c1y="148" c2x="24" c2y="148"/></points><startConnector><rConnector id="a"><Owner><atr id="b" nullable="false" attributeType="VARCHAR2(128)"><children><e id="c" x="50" y="222" w="80" h="20"><a><fillColor><color rgba="#ffffebeb"/></fillColor></a></e><t id="d" x="66.1611328125" y="224.7080078125"><a><text><string>Nombre</string></text></a></t></children></atr></Owner></rConnector></startConnector><endConnector><rConnector id="e"><Owner><ent id="f"><children><r id="10" x="194" y="257" w="80" h="40"><a><fillColor><color rgba="#ffebffe8"/></fillColor></a></r><t id="11" x="213.2080078125" y="269.7080078125"><a><text><string>Cliente</string></text></a></t></children></ent></Owner></rConnector></endConnector></lcaf><atr ref="b"/><lcaf id="12"><points><p colinear="true" x="349.72340425531917" y="240" c1x="24" c1y="148" c2x="24" c2y="148"/><p colinear="true" x="274" y="264.2108843537415" c1x="24" c1y="148" c2x="24" c2y="148"/></points><startConnector><rConnector id="13"><Owner><atr id="14" nullable="false" attributeType="VARCHAR2(128)"><children><e id="15" x="341" y="220" w="80" h="20"><a><fillColor><color rgba="#ffffebeb"/></fillColor></a></e><t id="16" x="355.318359375" y="222.7080078125"><a><text><string>Telefono</string></text></a></t></children></atr></Owner></rConnector></startConnector><endConnector><rConnector id="17"><Owner><ent ref="f"/></Owner></rConnector></endConnector></lcaf><atr ref="14"/><lcaf id="18"><points><p colinear="true" x="276.6363636363636" y="210" c1x="24" c1y="148" c2x="24" c2y="148"/><p colinear="true" x="246.72727272727272" y="257" c1x="24" c1y="148" c2x="24" c2y="148"/></points><startConnector><rConnector id="19"><Owner><atr id="1a" nullable="false" attributeType="VARCHAR2(128)"><children><e id="1b" x="243" y="190" w="80" h="20"><a><fillColor><color rgba="#ffffebeb"/></fillColor></a></e><t id="1c" x="252.1298828125" y="192.7080078125"><a><text><string>Id_Cliente</string></text></a></t></children></atr></Owner></rConnector></startConnector><endConnector><rConnector id="1d"><Owner><ent ref="f"/></Owner></rConnector></endConnector></lcaf><lcaf id="1e"><points><p colinear="true" x="194.84415584415584" y="210" c1x="24" c1y="148" c2x="24" c2y="148"/><p colinear="true" x="222.3116883116883" y="257" c1x="24" c1y="148" c2x="24" c2y="148"/></points><startConnector><rConnector id="1f"><Owner><atr id="20" nullable="false" attributeType="VARCHAR2(128)"><children><e id="21" x="149" y="190" w="80" h="20"><a><fillColor><color rgba="#ffffebeb"/></fillColor></a></e><t id="22" x="165.2666015625" y="192.7080078125"><a><text><string>Apellido</string></text></a></t></children></atr></Owner></rConnector></startConnector><endConnector><rConnector id="23"><Owner><ent ref="f"/></Owner></rConnector></endConnector></lcaf><ent ref="f"/><lcaf id="24"><points><p colinear="true" x="276.6363636363636" y="210" c1x="24" c1y="148" c2x="24" c2y="148"/><p colinear="true" x="246.72727272727272" y="257" c1x="24" c1y="148" c2x="24" c2y="148"/></points><startConnector><rConnector id="25"><Owner><atr id="26" nullable="false" attributeType="VARCHAR2(128)"><children><e id="27" x="243" y="190" w="80" h="20"><a><fillColor><color rgba="#ffffebeb"/></fillColor></a></e><t id="28" x="252.1298828125" y="192.7080078125"><a><text><string>Id_Cliente</string></text></a></t></children></atr></Owner></rConnector></startConnector><endConnector><rConnector id="29"><Owner><ent ref="6"/></Owner></rConnector></endConnector></lcaf><lcaf id="2a"><points><p colinear="true" x="122" y="242" c1x="24" c1y="148" c2x="24" c2y="148"/><p colinear="true" x="194" y="264.5" c1x="24" c1y="148" c2x="24" c2y="148"/></points><startConnector><rConnector id="2b"><Owner><atr id="2c" nullable="false" attributeType="VARCHAR2(128)"><children><e id="2d" x="50" y="222" w="80" h="20"><a><fillColor><color rgba="#ffffebeb"/></fillColor></a></e><t id="2e" x="66.1611328125" y="224.7080078125"><a><text><string>Nombre</string></text></a></t></children></atr></Owner></rConnector></startConnector><endConnector><rConnector id="2f"><Owner><ent ref="6"/></Owner></rConnector></endConnector></lcaf><lcaf id="30"><points><p colinear="true" x="349.72340425531917" y="240" c1x="24" c1y="148" c2x="24" c2y="148"/><p colinear="true" x="274" y="264.2108843537415" c1x="24" c1y="148" c2x="24" c2y="148"/></points><startConnector><rConnector id="31"><Owner><atr id="32" nullable="false" attributeType="VARCHAR2(128)"><children><e id="33" x="341" y="220" w="80" h="20"><a><fillColor><color rgba="#ffffebeb"/></fillColor></a></e><t id="34" x="355.318359375" y="222.7080078125"><a><text><string>Telefono</string></text></a></t></children></atr></Owner></rConnector></startConnector><endConnector><rConnector id="35"><Owner><ent ref="6"/></Owner></rConnector></endConnector></lcaf><ent ref="6"/><atr ref="32"/><atr ref="20"/><atr ref="2"/><atr ref="2c"/><atr ref="26"/><atr ref="1a"/><lcaf id="36"><points><p colinear="true" x="1196" y="132.63324538258576" c1x="153" c1y="2" c2x="153" c2y="2"/><p colinear="true" x="1495" y="137.36675461741424" c1x="153" c1y="2" c2x="153" c2y="2"/></points><startConnector><rConnector id="37"><Owner><rel id="38"><children><diamond id="39" x="1116" y="112" w="80" h="40"><a><fillColor><color rgba="#ffddddff"/></fillColor></a></diamond><t id="3a" x="1133.2041015625" y="124.7080078125"><a><text><string>Atiende</string></text></a></t></children></rel></Owner></rConnector></startConnector><endConnector><rConnector id="3b"><Owner><ent id="3c"><children><r id="3d" x="1495" y="118" w="80" h="40"><a><fillColor><color rgba="#ffebffe8"/></fillColor></a></r><t id="3e" x="1514.2080078125" y="130.7080078125"><a><text><string>Cliente</string></text></a></t></children></ent></Owner></rConnector></endConnector></lcaf><ent id="3f"><children><r id="40" x="1495" y="118" w="80" h="40"><a><fillColor><color rgba="#ffebffe8"/></fillColor></a></r><t id="41" x="1514.2080078125" y="130.7080078125"><a><text><string>Cliente</string></text></a></t></children></ent><atr id="42" nullable="false" attributeType="VARCHAR2(128)"><children><e id="43" x="1351" y="83" w="80" h="20"><a><fillColor><color rgba="#ffffebeb"/></fillColor></a></e><t id="44" x="1367.1611328125" y="85.7080078125"><a><text><string>Nombre</string></text></a></t></children></atr><atr id="45" nullable="false" attributeType="VARCHAR2(128)"><children><e id="46" x="1450" y="51" w="80" h="20"><a><fillColor><color rgba="#ffffebeb"/></fillColor></a></e><t id="47" x="1466.2666015625" y="53.7080078125"><a><text><string>Apellido</string></text></a></t></children></atr><atr id="48" nullable="false" attributeType="VARCHAR2(128)"><children><e id="49" x="1544" y="51" w="80" h="20"><a><fillColor><color rgba="#ffffebeb"/></fillColor></a></e><t id="4a" x="1553.1298828125" y="53.7080078125"><a><text><string>Id_Cliente</string></text></a></t></children></atr><atr id="4b" nullable="false" attributeType="VARCHAR2(128)"><children><e id="4c" x="1642" y="81" w="80" h="20"><a><fillColor><color rgba="#ffffebeb"/></fillColor></a></e><t id="4d" x="1656.318359375" y="83.7080078125"><a><text><string>Telefono</string></text></a></t></children></atr><lcaf id="4e"><points><p colinear="true" x="1423" y="103" c1x="1325" c1y="9" c2x="1325" c2y="9"/><p colinear="true" x="1495" y="125.5" c1x="1325" c1y="9" c2x="1325" c2y="9"/></points><startConnector><rConnector id="4f"><Owner><atr ref="42"/></Owner></rConnector></startConnector><endConnector><rConnector id="50"><Owner><ent ref="3f"/></Owner></rConnector></endConnector></lcaf><lcaf id="51"><points><p colinear="true" x="1495.844155844156" y="71" c1x="1325" c1y="9" c2x="1325" c2y="9"/><p colinear="true" x="1523.3116883116884" y="118" c1x="1325" c1y="9" c2x="1325" c2y="9"/></points><startConnector><rConnector id="52"><Owner><atr ref="45"/></Owner></rConnector></startConnector><endConnector><rConnector id="53"><Owner><ent ref="3f"/></Owner></rConnector></endConnector></lcaf><lcaf id="54"><points><p colinear="true" x="1577.6363636363635" y="71" c1x="1325" c1y="9" c2x="1325" c2y="9"/><p colinear="true" x="1547.7272727272727" y="118" c1x="1325" c1y="9" c2x="1325" c2y="9"/></points><startConnector><rConnector id="55"><Owner><atr ref="48"/></Owner></rConnector></startConnector><endConnector><rConnector id="56"><Owner><ent ref="3f"/></Owner></rConnector></endConnector></lcaf><lcaf id="57"><points><p colinear="true" x="1650.723404255319" y="101" c1x="1325" c1y="9" c2x="1325" c2y="9"/><p colinear="true" x="1575" y="125.21088435374149" c1x="1325" c1y="9" c2x="1325" c2y="9"/></points><startConnector><rConnector id="58"><Owner><atr ref="4b"/></Owner></rConnector></startConnector><endConnector><rConnector id="59"><Owner><ent ref="3f"/></Owner></rConnector></endConnector></lcaf><ent id="5a"><children><r id="5b" x="1041" y="114" w="80" h="40"><a><fillColor><color rgba="#ffebffe8"/></fillColor></a></r><t id="5c" x="1048.1875" y="126.7080078125"><a><text><string>Trabajador</string></text></a></t></children></ent><atr id="5d" nullable="false" attributeType="VARCHAR2(128)"><children><e id="5e" x="896" y="93" w="80" h="20"><a><fillColor><color rgba="#ffffebeb"/></fillColor></a></e><t id="5f" x="918.2666015625" y="95.7080078125"><a><text><string>Cargo</string></text></a></t></children></atr><atr id="60" nullable="false" attributeType="VARCHAR2(128)"><children><e id="61" x="993" y="62" w="80" h="20"><a><fillColor><color rgba="#ffffebeb"/></fillColor></a></e><t id="62" x="1009.1611328125" y="64.7080078125"><a><text><string>Nombre</string></text></a></t></children></atr><atr id="63" nullable="false" attributeType="VARCHAR2(128)"><children><e id="64" x="1088" y="60" w="102" h="20"><a><fillColor><color rgba="#ffffebeb"/></fillColor></a></e><t id="65" x="1099.5693359375" y="62.7080078125"><a><text><string>Id_empleado</string></text></a></t></children></atr><atr id="66" nullable="false" attributeType="VARCHAR2(128)"><children><e id="67" x="1183" y="88" w="80" h="20"><a><fillColor><color rgba="#ffffebeb"/></fillColor></a></e><t id="68" x="1205.5068359375" y="90.7080078125"><a><text><string>Turno</string></text></a></t></children></atr><lcaf id="69"><points><p colinear="true" x="976" y="111.55172413793103" c1x="869" c1y="18" c2x="869" c2y="18"/><p colinear="true" x="1041" y="125.44827586206895" c1x="869" c1y="18" c2x="869" c2y="18"/></points><startConnector><rConnector id="6a"><Owner><atr ref="5d"/></Owner></rConnector></startConnector><endConnector><rConnector id="6b"><Owner><ent ref="5a"/></Owner></rConnector></endConnector></lcaf><lcaf id="6c"><points><p colinear="true" x="1040.741935483871" y="82" c1x="869" c1y="18" c2x="869" c2y="18"/><p colinear="true" x="1065.516129032258" y="114" c1x="869" c1y="18" c2x="869" c2y="18"/></points><startConnector><rConnector id="6d"><Owner><atr ref="60"/></Owner></rConnector></startConnector><endConnector><rConnector id="6e"><Owner><ent ref="5a"/></Owner></rConnector></endConnector></lcaf><lcaf id="6f"><points><p colinear="true" x="1129.9375" y="80" c1x="869" c1y="18" c2x="869" c2y="18"/><p colinear="true" x="1099.125" y="114" c1x="869" c1y="18" c2x="869" c2y="18"/></points><startConnector><rConnector id="70"><Owner><atr ref="63"/></Owner></rConnector></startConnector><endConnector><rConnector id="71"><Owner><ent ref="5a"/></Owner></rConnector></endConnector></lcaf><lcaf id="72"><points><p colinear="true" x="1183.5555555555557" y="108" c1x="869" c1y="18" c2x="869" c2y="18"/><p colinear="true" x="1121" y="123.85915492957747" c1x="869" c1y="18" c2x="869" c2y="18"/></points><startConnector><rConnector id="73"><Owner><atr ref="66"/></Owner></rConnector></startConnector><endConnector><rConnector id="74"><Owner><ent ref="5a"/></Owner></rConnector></endConnector></lcaf><ent id="75"><children><r id="76" x="1020" y="281" w="80" h="40"><a><fillColor><color rgba="#ffebffe8"/></fillColor></a></r><t id="77" x="1027.1875" y="293.7080078125"><a><text><string>Trabajador</string></text></a></t></children></ent><atr id="78" nullable="false" attributeType="VARCHAR2(128)"><children><e id="79" x="874" y="259" w="80" h="20"><a><fillColor><color rgba="#ffffebeb"/></fillColor></a></e><t id="7a" x="896.2666015625" y="261.7080078125"><a><text><string>Cargo</string></text></a></t></children></atr><atr id="7b" nullable="false" attributeType="VARCHAR2(128)"><children><e id="7c" x="972" y="228" w="80" h="20"><a><fillColor><color rgba="#ffffebeb"/></fillColor></a></e><t id="7d" x="988.1611328125" y="230.7080078125"><a><text><string>Nombre</string></text></a></t></children></atr><atr id="7e" nullable="false" attributeType="VARCHAR2(128)"><children><e id="7f" x="1067" y="222" w="97" h="25"><a><fillColor><color rgba="#ffffebeb"/></fillColor></a></e><t id="80" x="1075.97265625" y="227.2080078125"><a><text><string>Id_empleadp</string></text></a></t></children></atr><atr id="81" nullable="false" attributeType="VARCHAR2(128)"><children><e id="82" x="1162" y="255" w="80" h="20"><a><fillColor><color rgba="#ffffebeb"/></fillColor></a></e><t id="83" x="1184.5068359375" y="257.7080078125"><a><text><string>Turno</string></text></a></t></children></atr><lcaf id="84"><points><p colinear="true" x="954" y="277.7671232876712" c1x="848" c1y="185" c2x="848" c2y="185"/><p colinear="true" x="1020" y="292.2328767123288" c1x="848" c1y="185" c2x="848" c2y="185"/></points><startConnector><rConnector id="85"><Owner><atr ref="78"/></Owner></rConnector></startConnector><endConnector><rConnector id="86"><Owner><ent ref="75"/></Owner></rConnector></endConnector></lcaf><lcaf id="87"><points><p colinear="true" x="1019.6190476190476" y="248" c1x="848" c1y="185" c2x="848" c2y="185"/><p colinear="true" x="1044.7619047619048" y="281" c1x="848" c1y="185" c2x="848" c2y="185"/></points><startConnector><rConnector id="88"><Owner><atr ref="7b"/></Owner></rConnector></startConnector><endConnector><rConnector id="89"><Owner><ent ref="75"/></Owner></rConnector></endConnector></lcaf><lcaf id="8a"><points><p colinear="true" x="1105.0676691729323" y="247" c1x="848" c1y="185" c2x="848" c2y="185"/><p colinear="true" x="1076.6917293233082" y="281" c1x="848" c1y="185" c2x="848" c2y="185"/></points><startConnector><rConnector id="8b"><Owner><atr ref="7e"/></Owner></rConnector></startConnector><endConnector><rConnector id="8c"><Owner><ent ref="75"/></Owner></rConnector></endConnector></lcaf><lcaf id="8d"><points><p colinear="true" x="1162.5555555555557" y="275" c1x="848" c1y="185" c2x="848" c2y="185"/><p colinear="true" x="1100" y="290.85915492957747" c1x="848" c1y="185" c2x="848" c2y="185"/></points><startConnector><rConnector id="8e"><Owner><atr ref="81"/></Owner></rConnector></startConnector><endConnector><rConnector id="8f"><Owner><ent ref="75"/></Owner></rConnector></endConnector></lcaf><ent id="90"><children><r id="91" x="1503" y="480" w="112.953125" h="40"><a><fillColor><color rgba="#ffebffe8"/></fillColor></a></r><t id="92" x="1533.7919921875" y="492.7080078125"><a><text><string>Almacen</string></text></a></t></children></ent><atr id="93" nullable="false" attributeType="VARCHAR2(128)"><children><e id="94" x="1358" y="459" w="126.67578125" h="22"><a><fillColor><color rgba="#ffffebeb"/></fillColor></a></e><t id="95" x="1368" y="462.7080078125"><a><text><string>Nombre_Almacen</string></text></a></t></children></atr><atr id="96" nullable="false" attributeType="VARCHAR2(128)"><children><e id="97" x="1456" y="430" w="80" h="21"><a><fillColor><color rgba="#ffffebeb"/></fillColor></a></e><t id="98" x="1469.3193359375" y="433.2080078125"><a><text><string>Cantidad</string></text></a></t></children></atr><atr id="99" nullable="false" attributeType="VARCHAR2(128)"><children><e id="9a" x="1551" y="430" w="80" h="20"><a><fillColor><color rgba="#ffffebeb"/></fillColor></a></e><t id="9b" x="1558.076171875" y="432.7080078125"><a><text><string>Id_Prducto</string></text></a></t></children></atr><atr id="9c" nullable="false" attributeType="VARCHAR2(128)"><children><e id="9d" x="1646" y="459" w="80" h="20"><a><fillColor><color rgba="#ffffebeb"/></fillColor></a></e><t id="9e" x="1673.080078125" y="461.7080078125"><a><text><string>Lote</string></text></a></t></children></atr><lcaf id="9f"><points><p colinear="true" x="1471.9887369791666" y="481" c1x="1332" c1y="388" c2x="1332" c2y="388"/><p colinear="true" x="1503" y="487.73481131675317" c1x="1332" c1y="388" c2x="1332" c2y="388"/></points><startConnector><rConnector id="a0"><Owner><atr ref="93"/></Owner></rConnector></startConnector><endConnector><rConnector id="a1"><Owner><ent ref="90"/></Owner></rConnector></endConnector></lcaf><lcaf id="a2"><points><p colinear="true" x="1507.2017463235295" y="451" c1x="1332" c1y="388" c2x="1332" c2y="388"/><p colinear="true" x="1538.1399028361345" y="480" c1x="1332" c1y="388" c2x="1332" c2y="388"/></points><startConnector><rConnector id="a3"><Owner><atr ref="96"/></Owner></rConnector></startConnector><endConnector><rConnector id="a4"><Owner><ent ref="90"/></Owner></rConnector></endConnector></lcaf><lcaf id="a5"><points><p colinear="true" x="1585.74609375" y="450" c1x="1332" c1y="388" c2x="1332" c2y="388"/><p colinear="true" x="1569.984375" y="480" c1x="1332" c1y="388" c2x="1332" c2y="388"/></points><startConnector><rConnector id="a6"><Owner><atr ref="99"/></Owner></rConnector></startConnector><endConnector><rConnector id="a7"><Owner><ent ref="90"/></Owner></rConnector></endConnector></lcaf><lcaf id="a8"><points><p colinear="true" x="1646" y="478.80055572707624" c1x="1332" c1y="388" c2x="1332" c2y="388"/><p colinear="true" x="1615.953125" y="486.1624575486261" c1x="1332" c1y="388" c2x="1332" c2y="388"/></points><startConnector><rConnector id="a9"><Owner><atr ref="9c"/></Owner></rConnector></startConnector><endConnector><rConnector id="aa"><Owner><ent ref="90"/></Owner></rConnector></endConnector></lcaf><ent id="ab"><children><r id="ac" x="1014" y="477" w="80" h="40"><a><fillColor><color rgba="#ffebffe8"/></fillColor></a></r><t id="ad" x="1027.5126953125" y="489.7080078125"><a><text><string>Producto</string></text></a></t></children></ent><atr id="ae" nullable="false" attributeType="VARCHAR2(128)"><children><e id="af" x="868" y="455" w="100" h="20"><a><fillColor><color rgba="#ffffebeb"/></fillColor></a></e><t id="b0" x="879.7822265625" y="457.7080078125"><a><text><string>Costo_Venta</string></text></a></t></children></atr><atr id="b1" nullable="false" attributeType="VARCHAR2(128)"><children><e id="b2" x="945" y="419" w="108.693359375" h="20"><a><fillColor><color rgba="#ffffebeb"/></fillColor></a></e><t id="b3" x="955" y="421.7080078125"><a><text><string>Costo_Compra</string></text></a></t></children></atr><atr id="b4" nullable="false" attributeType="VARCHAR2(128)"><children><e id="b5" x="1066" y="417" w="80" h="20"><a><fillColor><color rgba="#ffffebeb"/></fillColor></a></e><t id="b6" x="1088.0498046875" y="419.7080078125"><a><text><string>Marca</string></text></a></t></children></atr><atr id="b7" nullable="false" attributeType="VARCHAR2(128)"><children><e id="b8" x="1156" y="451" w="87" h="20"><a><fillColor><color rgba="#ffffebeb"/></fillColor></a></e><t id="b9" x="1170.578125" y="453.7080078125"><a><text><string>Categoria</string></text></a></t></children></atr><lcaf id="ba"><points><p colinear="true" x="960.5" y="475" c1x="842" c1y="381" c2x="842" c2y="381"/><p colinear="true" x="1014" y="487.5882352941176" c1x="842" c1y="381" c2x="842" c2y="381"/></points><startConnector><rConnector id="bb"><Owner><atr ref="ae"/></Owner></rConnector></startConnector><endConnector><rConnector id="bc"><Owner><ent ref="ab"/></Owner></rConnector></endConnector></lcaf><lcaf id="bd"><points><p colinear="true" x="1007.3839326746323" y="439" c1x="842" c1y="381" c2x="842" c2y="381"/><p colinear="true" x="1037.9254940257354" y="477" c1x="842" c1y="381" c2x="842" c2y="381"/></points><startConnector><rConnector id="be"><Owner><atr ref="b1"/></Owner></rConnector></startConnector><endConnector><rConnector id="bf"><Owner><ent ref="ab"/></Owner></rConnector></endConnector></lcaf><lcaf id="c0"><points><p colinear="true" x="1098.5714285714287" y="437" c1x="842" c1y="381" c2x="842" c2y="381"/><p colinear="true" x="1068.857142857143" y="477" c1x="842" c1y="381" c2x="842" c2y="381"/></points><startConnector><rConnector id="c1"><Owner><atr ref="b4"/></Owner></rConnector></startConnector><endConnector><rConnector id="c2"><Owner><ent ref="ab"/></Owner></rConnector></endConnector></lcaf><lcaf id="c3"><points><p colinear="true" x="1159.0833333333333" y="471" c1x="842" c1y="381" c2x="842" c2y="381"/><p colinear="true" x="1094" y="487.10309278350513" c1x="842" c1y="381" c2x="842" c2y="381"/></points><startConnector><rConnector id="c4"><Owner><atr ref="b7"/></Owner></rConnector></startConnector><endConnector><rConnector id="c5"><Owner><ent ref="ab"/></Owner></rConnector></endConnector></lcaf><ent id="c6"><children><r id="c7" x="1486" y="281" w="80" h="40"><a><fillColor><color rgba="#ffebffe8"/></fillColor></a></r><t id="c8" x="1500.2421875" y="293.7080078125"><a><text><string>Sucursal</string></text></a></t></children></ent><atr id="c9" nullable="false" attributeType="VARCHAR2(128)"><children><e id="ca" x="1337" y="260" w="80" h="20"><a><fillColor><color rgba="#ffffebeb"/></fillColor></a></e><t id="cb" x="1353.1611328125" y="262.7080078125"><a><text><string>Nombre</string></text></a></t></children></atr><atr id="cc" nullable="false" attributeType="VARCHAR2(128)"><children><e id="cd" x="1436" y="229" w="80" h="20"><a><fillColor><color rgba="#ffffebeb"/></fillColor></a></e><t id="ce" x="1448.2587890625" y="231.7080078125"><a><text><string>Direccion</string></text></a></t></children></atr><atr id="cf" nullable="false" attributeType="VARCHAR2(128)"><children><e id="d0" x="1530" y="228" w="80" h="20"><a><fillColor><color rgba="#ffffebeb"/></fillColor></a></e><t id="d1" x="1544.318359375" y="230.7080078125"><a><text><string>Telefono</string></text></a></t></children></atr><atr id="d2" nullable="false" attributeType="VARCHAR2(128)"><children><e id="d3" x="1625" y="256" w="93" h="20"><a><fillColor><color rgba="#ffffebeb"/></fillColor></a></e><t id="d4" x="1635.6640625" y="258.7080078125"><a><text><string>Id_Sucursal</string></text></a></t></children></atr><lcaf id="d5"><points><p colinear="true" x="1417" y="278.32214765100673" c1x="1311" c1y="186" c2x="1311" c2y="186"/><p colinear="true" x="1486" y="292.67785234899327" c1x="1311" c1y="186" c2x="1311" c2y="186"/></points><startConnector><rConnector id="d6"><Owner><atr ref="c9"/></Owner></rConnector></startConnector><endConnector><rConnector id="d7"><Owner><ent ref="c6"/></Owner></rConnector></endConnector></lcaf><lcaf id="d8"><points><p colinear="true" x="1484.0645161290322" y="249" c1x="1311" c1y="186" c2x="1311" c2y="186"/><p colinear="true" x="1509.8709677419354" y="281" c1x="1311" c1y="186" c2x="1311" c2y="186"/></points><startConnector><rConnector id="d9"><Owner><atr ref="cc"/></Owner></rConnector></startConnector><endConnector><rConnector id="da"><Owner><ent ref="c6"/></Owner></rConnector></endConnector></lcaf><lcaf id="db"><points><p colinear="true" x="1563.015873015873" y="248" c1x="1311" c1y="186" c2x="1311" c2y="186"/><p colinear="true" x="1539.968253968254" y="281" c1x="1311" c1y="186" c2x="1311" c2y="186"/></points><startConnector><rConnector id="dc"><Owner><atr ref="cf"/></Owner></rConnector></startConnector><endConnector><rConnector id="dd"><Owner><ent ref="c6"/></Owner></rConnector></endConnector></lcaf><lcaf id="de"><points><p colinear="true" x="1629.9285714285713" y="276" c1x="1311" c1y="186" c2x="1311" c2y="186"/><p colinear="true" x="1566" y="291.3780068728522" c1x="1311" c1y="186" c2x="1311" c2y="186"/></points><startConnector><rConnector id="df"><Owner><atr ref="d2"/></Owner></rConnector></startConnector><endConnector><rConnector id="e0"><Owner><ent ref="c6"/></Owner></rConnector></endConnector></lcaf><rel id="e1"><children><diamond id="e2" x="1242" y="277" w="93" h="40"><a><fillColor><color rgba="#ffddddff"/></fillColor></a></diamond><t id="e3" x="1258.6171875" y="289.7080078125"><a><text><string>pertenece</string></text></a></t></children></rel><lcaf id="e4"><points><p colinear="true" x="1242" y="297.8140043763676" c1x="848" c1y="17" c2x="848" c2y="17"/><p colinear="true" x="1100" y="300.29978118161927" c1x="848" c1y="17" c2x="848" c2y="17"/></points><startConnector><rConnector id="e5"><Owner><rel ref="e1"/></Owner></rConnector></startConnector><endConnector><rConnector id="e6"><Owner><ent ref="75"/></Owner></rConnector></endConnector></lcaf><lcaf id="e7"><points><p colinear="true" x="1335" y="297.78315789473686" c1x="848" c1y="17" c2x="848" c2y="17"/><p colinear="true" x="1486" y="300.3263157894737" c1x="848" c1y="17" c2x="848" c2y="17"/></points><startConnector><rConnector id="e8"><Owner><rel ref="e1"/></Owner></rConnector></startConnector><endConnector><rConnector id="e9"><Owner><ent ref="c6"/></Owner></rConnector></endConnector></lcaf><rel id="ea"><children><diamond id="eb" x="1253" y="477" w="91" h="40"><a><fillColor><color rgba="#ffddddff"/></fillColor></a></diamond><t id="ec" x="1272.4169921875" y="489.7080078125"><a><text><string>proviene</string></text></a></t></children></rel><lcaf id="ed"><points><p colinear="true" x="1253" y="497" c1x="847" c1y="26" c2x="847" c2y="26"/><p colinear="true" x="1094" y="497" c1x="847" c1y="26" c2x="847" c2y="26"/></points><startConnector><rConnector id="ee"><Owner><rel ref="ea"/></Owner></rConnector></startConnector><endConnector><rConnector id="ef"><Owner><ent ref="ab"/></Owner></rConnector></endConnector></lcaf><lcaf id="f0"><points><p colinear="true" x="1344" y="497.52303547373145" c1x="847" c1y="26" c2x="847" c2y="26"/><p colinear="true" x="1503" y="499.35078581050743" c1x="847" c1y="26" c2x="847" c2y="26"/></points><startConnector><rConnector id="f1"><Owner><rel ref="ea"/></Owner></rConnector></startConnector><endConnector><rConnector id="f2"><Owner><ent ref="90"/></Owner></rConnector></endConnector></lcaf><ta id="f3" x="878" y="30" w="106" h="40"><a><text><string>Relacion 1 : atiende</string></text></a></ta><ta id="f4" x="870" y="170" w="106" h="40"><a><text><string>Relacion 2 : pertenece
</string></text></a></ta><ta id="f5" x="878" y="357" w="106" h="40"><a><text><string>Relacion 3 : proviene</string></text></a></ta><ent id="f6"><children><r id="f7" x="193" y="103" w="80" h="40"><a><fillColor><color rgba="#ffebffe8"/></fillColor></a></r><t id="f8" x="200.1875" y="115.7080078125"><a><text><string>Trabajador</string></text></a></t></children></ent><atr id="f9" nullable="false" attributeType="VARCHAR2(128)"><children><e id="fa" x="48" y="82" w="80" h="20"><a><fillColor><color rgba="#ffffebeb"/></fillColor></a></e><t id="fb" x="70.2666015625" y="84.7080078125"><a><text><string>Cargo</string></text></a></t></children></atr><atr id="fc" nullable="false" attributeType="VARCHAR2(128)"><children><e id="fd" x="145" y="51" w="80" h="20"><a><fillColor><color rgba="#ffffebeb"/></fillColor></a></e><t id="fe" x="161.1611328125" y="53.7080078125"><a><text><string>Nombre</string></text></a></t></children></atr><atr id="ff" nullable="false" attributeType="VARCHAR2(128)"><children><e id="100" x="240" y="49" w="102" h="20"><a><fillColor><color rgba="#ffffebeb"/></fillColor></a></e><t id="101" x="251.5693359375" y="51.7080078125"><a><text><string>Id_empleado</string></text></a></t></children></atr><atr id="102" nullable="false" attributeType="VARCHAR2(128)"><children><e id="103" x="335" y="77" w="80" h="20"><a><fillColor><color rgba="#ffffebeb"/></fillColor></a></e><t id="104" x="357.5068359375" y="79.7080078125"><a><text><string>Turno</string></text></a></t></children></atr><lcaf id="105"><points><p colinear="true" x="128" y="100.55172413793103" c1x="21" c1y="7" c2x="21" c2y="7"/><p colinear="true" x="193" y="114.44827586206895" c1x="21" c1y="7" c2x="21" c2y="7"/></points><startConnector><rConnector id="106"><Owner><atr ref="f9"/></Owner></rConnector></startConnector><endConnector><rConnector id="107"><Owner><ent ref="f6"/></Owner></rConnector></endConnector></lcaf><lcaf id="108"><points><p colinear="true" x="192.74193548387098" y="71" c1x="21" c1y="7" c2x="21" c2y="7"/><p colinear="true" x="217.51612903225805" y="103" c1x="21" c1y="7" c2x="21" c2y="7"/></points><startConnector><rConnector id="109"><Owner><atr ref="fc"/></Owner></rConnector></startConnector><endConnector><rConnector id="10a"><Owner><ent ref="f6"/></Owner></rConnector></endConnector></lcaf><lcaf id="10b"><points><p colinear="true" x="281.9375" y="69" c1x="21" c1y="7" c2x="21" c2y="7"/><p colinear="true" x="251.125" y="103" c1x="21" c1y="7" c2x="21" c2y="7"/></points><startConnector><rConnector id="10c"><Owner><atr ref="ff"/></Owner></rConnector></startConnector><endConnector><rConnector id="10d"><Owner><ent ref="f6"/></Owner></rConnector></endConnector></lcaf><lcaf id="10e"><points><p colinear="true" x="335.55555555555554" y="97" c1x="21" c1y="7" c2x="21" c2y="7"/><p colinear="true" x="273" y="112.85915492957747" c1x="21" c1y="7" c2x="21" c2y="7"/></points><startConnector><rConnector id="10f"><Owner><atr ref="102"/></Owner></rConnector></startConnector><endConnector><rConnector id="110"><Owner><ent ref="f6"/></Owner></rConnector></endConnector></lcaf><ta id="111" x="30" y="19" w="106" h="40"><a><text><string>Relacion 1 : atiende</string></text></a></ta><rel id="112"><children><diamond id="113" x="1269" y="114" w="80" h="40"><a><fillColor><color rgba="#ffddddff"/></fillColor></a></diamond><t id="114" x="1286.2041015625" y="126.7080078125"><a><text><string>Atiende</string></text></a></t></children></rel><lcaf id="115"><points><p colinear="true" x="1269" y="134" c1x="153" c1y="2" c2x="153" c2y="2"/><p colinear="true" x="1121" y="134" c1x="153" c1y="2" c2x="153" c2y="2"/></points><startConnector><rConnector id="116"><Owner><rel ref="112"/></Owner></rConnector></startConnector><endConnector><rConnector id="117"><Owner><ent ref="5a"/></Owner></rConnector></endConnector></lcaf><lcaf id="118"><points><p colinear="true" x="1349" y="134.7079646017699" c1x="153" c1y="2" c2x="153" c2y="2"/><p colinear="true" x="1495" y="137.2920353982301" c1x="153" c1y="2" c2x="153" c2y="2"/></points><startConnector><rConnector id="119"><Owner><rel ref="112"/></Owner></rConnector></startConnector><endConnector><rConnector id="11a"><Owner><ent ref="3f"/></Owner></rConnector></endConnector></lcaf><ent id="11b"><children><r id="11c" x="193" y="103" w="80" h="40"><a><fillColor><color rgba="#ffebffe8"/></fillColor></a></r><t id="11d" x="200.1875" y="115.7080078125"><a><text><string>Trabajador</string></text></a></t></children></ent><atr id="11e" nullable="false" attributeType="VARCHAR2(128)"><children><e id="11f" x="48" y="82" w="80" h="20"><a><fillColor><color rgba="#ffffebeb"/></fillColor></a></e><t id="120" x="70.2666015625" y="84.7080078125"><a><text><string>Cargo</string></text></a></t></children></atr><atr id="121" nullable="false" attributeType="VARCHAR2(128)"><children><e id="122" x="145" y="51" w="80" h="20"><a><fillColor><color rgba="#ffffebeb"/></fillColor></a></e><t id="123" x="161.1611328125" y="53.7080078125"><a><text><string>Nombre</string></text></a></t></children></atr><atr id="124" nullable="false" attributeType="VARCHAR2(128)"><children><e id="125" x="240" y="49" w="102" h="20"><a><fillColor><color rgba="#ffffebeb"/></fillColor></a></e><t id="126" x="251.5693359375" y="51.7080078125"><a><text><string>Id_empleado</string></text></a></t></children></atr><atr id="127" nullable="false" attributeType="VARCHAR2(128)"><children><e id="128" x="335" y="77" w="80" h="20"><a><fillColor><color rgba="#ffffebeb"/></fillColor></a></e><t id="129" x="357.5068359375" y="79.7080078125"><a><text><string>Turno</string></text></a></t></children></atr><lcaf id="12a"><points><p colinear="true" x="128" y="100.55172413793103" c1x="21" c1y="7" c2x="21" c2y="7"/><p colinear="true" x="193" y="114.44827586206895" c1x="21" c1y="7" c2x="21" c2y="7"/></points><startConnector><rConnector id="12b"><Owner><atr ref="11e"/></Owner></rConnector></startConnector><endConnector><rConnector id="12c"><Owner><ent ref="11b"/></Owner></rConnector></endConnector></lcaf><lcaf id="12d"><points><p colinear="true" x="192.74193548387098" y="71" c1x="21" c1y="7" c2x="21" c2y="7"/><p colinear="true" x="217.51612903225805" y="103" c1x="21" c1y="7" c2x="21" c2y="7"/></points><startConnector><rConnector id="12e"><Owner><atr ref="121"/></Owner></rConnector></startConnector><endConnector><rConnector id="12f"><Owner><ent ref="11b"/></Owner></rConnector></endConnector></lcaf><lcaf id="130"><points><p colinear="true" x="281.9375" y="69" c1x="21" c1y="7" c2x="21" c2y="7"/><p colinear="true" x="251.125" y="103" c1x="21" c1y="7" c2x="21" c2y="7"/></points><startConnector><rConnector id="131"><Owner><atr ref="124"/></Owner></rConnector></startConnector><endConnector><rConnector id="132"><Owner><ent ref="11b"/></Owner></rConnector></endConnector></lcaf><lcaf id="133"><points><p colinear="true" x="335.55555555555554" y="97" c1x="21" c1y="7" c2x="21" c2y="7"/><p colinear="true" x="273" y="112.85915492957747" c1x="21" c1y="7" c2x="21" c2y="7"/></points><startConnector><rConnector id="134"><Owner><atr ref="127"/></Owner></rConnector></startConnector><endConnector><rConnector id="135"><Owner><ent ref="11b"/></Owner></rConnector></endConnector></lcaf><ta id="136" x="30" y="19" w="106" h="40"><a><text><string>Relacion 1 : atiende</string></text></a></ta><ent id="137"><children><r id="138" x="193" y="103" w="80" h="40"><a><fillColor><color rgba="#ffebffe8"/></fillColor></a></r><t id="139" x="200.1875" y="115.7080078125"><a><text><string>Trabajador</string></text></a></t></children></ent><atr id="13a" nullable="false" attributeType="VARCHAR2(128)"><children><e id="13b" x="48" y="82" w="80" h="20"><a><fillColor><color rgba="#ffffebeb"/></fillColor></a></e><t id="13c" x="70.2666015625" y="84.7080078125"><a><text><string>Cargo</string></text></a></t></children></atr><atr id="13d" nullable="false" attributeType="VARCHAR2(128)"><children><e id="13e" x="145" y="51" w="80" h="20"><a><fillColor><color rgba="#ffffebeb"/></fillColor></a></e><t id="13f" x="161.1611328125" y="53.7080078125"><a><text><string>Nombre</string></text></a></t></children></atr><atr id="140" nullable="false" attributeType="VARCHAR2(128)"><children><e id="141" x="240" y="49" w="102" h="20"><a><fillColor><color rgba="#ffffebeb"/></fillColor></a></e><t id="142" x="251.5693359375" y="51.7080078125"><a><text><string>Id_empleado</string></text></a></t></children></atr><atr id="143" nullable="false" attributeType="VARCHAR2(128)"><children><e id="144" x="335" y="77" w="80" h="20"><a><fillColor><color rgba="#ffffebeb"/></fillColor></a></e><t id="145" x="357.5068359375" y="79.7080078125"><a><text><string>Turno</string></text></a></t></children></atr><lcaf id="146"><points><p colinear="true" x="128" y="100.55172413793103" c1x="21" c1y="7" c2x="21" c2y="7"/><p colinear="true" x="193" y="114.44827586206895" c1x="21" c1y="7" c2x="21" c2y="7"/></points><startConnector><rConnector id="147"><Owner><atr ref="13a"/></Owner></rConnector></startConnector><endConnector><rConnector id="148"><Owner><ent ref="137"/></Owner></rConnector></endConnector></lcaf><lcaf id="149"><points><p colinear="true" x="192.74193548387098" y="71" c1x="21" c1y="7" c2x="21" c2y="7"/><p colinear="true" x="217.51612903225805" y="103" c1x="21" c1y="7" c2x="21" c2y="7"/></points><startConnector><rConnector id="14a"><Owner><atr ref="13d"/></Owner></rConnector></startConnector><endConnector><rConnector id="14b"><Owner><ent ref="137"/></Owner></rConnector></endConnector></lcaf><lcaf id="14c"><points><p colinear="true" x="281.9375" y="69" c1x="21" c1y="7" c2x="21" c2y="7"/><p colinear="true" x="251.125" y="103" c1x="21" c1y="7" c2x="21" c2y="7"/></points><startConnector><rConnector id="14d"><Owner><atr ref="140"/></Owner></rConnector></startConnector><endConnector><rConnector id="14e"><Owner><ent ref="137"/></Owner></rConnector></endConnector></lcaf><lcaf id="14f"><points><p colinear="true" x="335.55555555555554" y="97" c1x="21" c1y="7" c2x="21" c2y="7"/><p colinear="true" x="273" y="112.85915492957747" c1x="21" c1y="7" c2x="21" c2y="7"/></points><startConnector><rConnector id="150"><Owner><atr ref="143"/></Owner></rConnector></startConnector><endConnector><rConnector id="151"><Owner><ent ref="137"/></Owner></rConnector></endConnector></lcaf><ta id="152" x="30" y="19" w="106" h="40"><a><text><string>Entidad 1 : Trabajador
</string></text></a></ta><ent ref="3c"/><atr id="153" nullable="false" attributeType="VARCHAR2(128)"><children><e id="154" x="1351" y="83" w="80" h="20"><a><fillColor><color rgba="#ffffebeb"/></fillColor></a></e><t id="155" x="1367.1611328125" y="85.7080078125"><a><text><string>Nombre</string></text></a></t></children></atr><atr id="156" nullable="false" attributeType="VARCHAR2(128)"><children><e id="157" x="1450" y="51" w="80" h="20"><a><fillColor><color rgba="#ffffebeb"/></fillColor></a></e><t id="158" x="1466.2666015625" y="53.7080078125"><a><text><string>Apellido</string></text></a></t></children></atr><atr id="159" nullable="false" attributeType="VARCHAR2(128)"><children><e id="15a" x="1544" y="51" w="80" h="20"><a><fillColor><color rgba="#ffffebeb"/></fillColor></a></e><t id="15b" x="1553.1298828125" y="53.7080078125"><a><text><string>Id_Cliente</string></text></a></t></children></atr><atr id="15c" nullable="false" attributeType="VARCHAR2(128)"><children><e id="15d" x="1642" y="81" w="80" h="20"><a><fillColor><color rgba="#ffffebeb"/></fillColor></a></e><t id="15e" x="1656.318359375" y="83.7080078125"><a><text><string>Telefono</string></text></a></t></children></atr><lcaf id="15f"><points><p colinear="true" x="1423" y="103" c1x="1325" c1y="9" c2x="1325" c2y="9"/><p colinear="true" x="1495" y="125.5" c1x="1325" c1y="9" c2x="1325" c2y="9"/></points><startConnector><rConnector id="160"><Owner><atr ref="153"/></Owner></rConnector></startConnector><endConnector><rConnector id="161"><Owner><ent ref="3c"/></Owner></rConnector></endConnector></lcaf><lcaf id="162"><points><p colinear="true" x="1495.844155844156" y="71" c1x="1325" c1y="9" c2x="1325" c2y="9"/><p colinear="true" x="1523.3116883116884" y="118" c1x="1325" c1y="9" c2x="1325" c2y="9"/></points><startConnector><rConnector id="163"><Owner><atr ref="156"/></Owner></rConnector></startConnector><endConnector><rConnector id="164"><Owner><ent ref="3c"/></Owner></rConnector></endConnector></lcaf><lcaf id="165"><points><p colinear="true" x="1577.6363636363635" y="71" c1x="1325" c1y="9" c2x="1325" c2y="9"/><p colinear="true" x="1547.7272727272727" y="118" c1x="1325" c1y="9" c2x="1325" c2y="9"/></points><startConnector><rConnector id="166"><Owner><atr ref="159"/></Owner></rConnector></startConnector><endConnector><rConnector id="167"><Owner><ent ref="3c"/></Owner></rConnector></endConnector></lcaf><lcaf id="168"><points><p colinear="true" x="1650.723404255319" y="101" c1x="1325" c1y="9" c2x="1325" c2y="9"/><p colinear="true" x="1575" y="125.21088435374149" c1x="1325" c1y="9" c2x="1325" c2y="9"/></points><startConnector><rConnector id="169"><Owner><atr ref="15c"/></Owner></rConnector></startConnector><endConnector><rConnector id="16a"><Owner><ent ref="3c"/></Owner></rConnector></endConnector></lcaf><ent id="16b"><children><r id="16c" x="184" y="468" w="80" h="40"><a><fillColor><color rgba="#ffebffe8"/></fillColor></a></r><t id="16d" x="198.3154296875" y="480.7080078125"><a><text><string>Almacen</string></text></a></t></children></ent><atr id="16e" nullable="false" attributeType="VARCHAR2(128)"><children><e id="16f" x="44" y="431" w="126.67578125" h="20"><a><fillColor><color rgba="#ffffebeb"/></fillColor></a></e><t id="170" x="54" y="433.7080078125"><a><text><string>Nombre_Almacen</string></text></a></t></children></atr><atr id="171" nullable="false" attributeType="VARCHAR2(128)"><children><e id="172" x="121" y="390" w="80" h="20"><a><fillColor><color rgba="#ffffebeb"/></fillColor></a></e><t id="173" x="148.080078125" y="392.7080078125"><a><text><string>Lote</string></text></a></t></children></atr><atr id="174" nullable="false" attributeType="VARCHAR2(128)"><children><e id="175" x="215" y="389" w="97" h="25"><a><fillColor><color rgba="#ffffebeb"/></fillColor></a></e><t id="176" x="226.814453125" y="394.2080078125"><a><text><string>Id_producto</string></text></a></t></children></atr><atr id="177" nullable="false" attributeType="VARCHAR2(128)"><children><e id="178" x="325" y="433" w="80" h="20"><a><fillColor><color rgba="#ffffebeb"/></fillColor></a></e><t id="179" x="338.3193359375" y="435.7080078125"><a><text><string>Cantidad</string></text></a></t></children></atr><lcaf id="17a"><points><p colinear="true" x="132.15961602393617" y="451" c1x="237" c1y="285" c2x="237" c2y="285"/><p colinear="true" x="184" y="471.8850847968392" c1x="237" c1y="285" c2x="237" c2y="285"/></points><startConnector><rConnector id="17b"><Owner><atr ref="16e"/></Owner></rConnector></startConnector><endConnector><rConnector id="17c"><Owner><ent ref="16b"/></Owner></rConnector></endConnector></lcaf><lcaf id="17d"><points><p colinear="true" x="168.1590909090909" y="410" c1x="237" c1y="285" c2x="237" c2y="285"/><p colinear="true" x="209.6818181818182" y="468" c1x="237" c1y="285" c2x="237" c2y="285"/></points><startConnector><rConnector id="17e"><Owner><atr ref="171"/></Owner></rConnector></startConnector><endConnector><rConnector id="17f"><Owner><ent ref="16b"/></Owner></rConnector></endConnector></lcaf><lcaf id="180"><points><p colinear="true" x="257.7919075144509" y="414" c1x="237" c1y="285" c2x="237" c2y="285"/><p colinear="true" x="233.1329479768786" y="468" c1x="237" c1y="285" c2x="237" c2y="285"/></points><startConnector><rConnector id="181"><Owner><atr ref="174"/></Owner></rConnector></startConnector><endConnector><rConnector id="182"><Owner><ent ref="16b"/></Owner></rConnector></endConnector></lcaf><lcaf id="183"><points><p colinear="true" x="333.6666666666667" y="453" c1x="237" c1y="285" c2x="237" c2y="285"/><p colinear="true" x="264" y="475.2340425531915" c1x="237" c1y="285" c2x="237" c2y="285"/></points><startConnector><rConnector id="184"><Owner><atr ref="177"/></Owner></rConnector></startConnector><endConnector><rConnector id="185"><Owner><ent ref="16b"/></Owner></rConnector></endConnector></lcaf><ta id="186" x="31" y="325" w="106" h="40"><a><text><string>Entidad 3:
Almacen
</string></text></a></ta><ta id="187" x="29" y="146" w="106" h="40"><a><text><string>Entidad 2:
Cliente


</string></text></a></ta><ent id="188"><children><r id="189" x="586" y="150" w="80" h="40"><a><fillColor><color rgba="#ffebffe8"/></fillColor></a></r><t id="18a" x="599.5126953125" y="162.7080078125"><a><text><string>Producto</string></text></a></t></children></ent><atr id="18b" nullable="false" attributeType="VARCHAR2(128)"><children><e id="18c" x="458" y="116" w="89" h="20"><a><fillColor><color rgba="#ffffebeb"/></fillColor></a></e><t id="18d" x="464.2822265625" y="118.7080078125"><a><text><string>Costo_Venta</string></text></a></t></children></atr><atr id="18e" nullable="false" attributeType="VARCHAR2(128)"><children><e id="18f" x="515" y="74" w="108.693359375" h="20"><a><fillColor><color rgba="#ffffebeb"/></fillColor></a></e><t id="190" x="525" y="76.7080078125"><a><text><string>Costo_Compra</string></text></a></t></children></atr><atr id="191" nullable="false" attributeType="VARCHAR2(128)"><children><e id="192" x="638" y="71" w="83" h="25"><a><fillColor><color rgba="#ffffebeb"/></fillColor></a></e><t id="193" x="661.5498046875" y="76.2080078125"><a><text><string>Marca</string></text></a></t></children></atr><atr id="194" nullable="false" attributeType="VARCHAR2(128)"><children><e id="195" x="739" y="116" w="80" h="23"><a><fillColor><color rgba="#ffffebeb"/></fillColor></a></e><t id="196" x="750.078125" y="120.2080078125"><a><text><string>Categoria</string></text></a></t></children></atr><lcaf id="197"><points><p colinear="true" x="530.5681818181819" y="136" c1x="651" c1y="-30" c2x="651" c2y="-30"/><p colinear="true" x="586" y="155.74898785425103" c1x="651" c1y="-30" c2x="651" c2y="-30"/></points><startConnector><rConnector id="198"><Owner><atr ref="18b"/></Owner></rConnector></startConnector><endConnector><rConnector id="199"><Owner><ent ref="188"/></Owner></rConnector></endConnector></lcaf><lcaf id="19a"><points><p colinear="true" x="575.9342750726744" y="94" c1x="651" c1y="-30" c2x="651" c2y="-30"/><p colinear="true" x="612.8248092296511" y="150" c1x="651" c1y="-30" c2x="651" c2y="-30"/></points><startConnector><rConnector id="19b"><Owner><atr ref="18e"/></Owner></rConnector></startConnector><endConnector><rConnector id="19c"><Owner><ent ref="188"/></Owner></rConnector></endConnector></lcaf><lcaf id="19d"><points><p colinear="true" x="671.7687861271676" y="96" c1x="651" c1y="-30" c2x="651" c2y="-30"/><p colinear="true" x="638.3699421965318" y="150" c1x="651" c1y="-30" c2x="651" c2y="-30"/></points><startConnector><rConnector id="19e"><Owner><atr ref="191"/></Owner></rConnector></startConnector><endConnector><rConnector id="19f"><Owner><ent ref="188"/></Owner></rConnector></endConnector></lcaf><lcaf id="1a0"><points><p colinear="true" x="739" y="138.61111111111111" c1x="651" c1y="-30" c2x="651" c2y="-30"/><p colinear="true" x="666" y="158.88888888888889" c1x="651" c1y="-30" c2x="651" c2y="-30"/></points><startConnector><rConnector id="1a1"><Owner><atr ref="194"/></Owner></rConnector></startConnector><endConnector><rConnector id="1a2"><Owner><ent ref="188"/></Owner></rConnector></endConnector></lcaf><ta id="1a3" x="445" y="10" w="106" h="40"><a><text><string>Entidad 4:
Producto
</string></text></a></ta><ent id="1a4"><children><r id="1a5" x="606" y="355" w="80" h="40"><a><fillColor><color rgba="#ffebffe8"/></fillColor></a></r><t id="1a6" x="620.2421875" y="367.7080078125"><a><text><string>Sucursal</string></text></a></t></children></ent><atr id="1a7" nullable="false" attributeType="VARCHAR2(128)"><children><e id="1a8" x="470" y="316" w="89" h="20"><a><fillColor><color rgba="#ffffebeb"/></fillColor></a></e><t id="1a9" x="490.6611328125" y="318.7080078125"><a><text><string>Nombre</string></text></a></t></children></atr><atr id="1aa" nullable="false" attributeType="VARCHAR2(128)"><children><e id="1ab" x="523" y="276" w="108.693359375" h="20"><a><fillColor><color rgba="#ffffebeb"/></fillColor></a></e><t id="1ac" x="549.60546875" y="278.7080078125"><a><text><string>Direccion</string></text></a></t></children></atr><atr id="1ad" nullable="false" attributeType="VARCHAR2(128)"><children><e id="1ae" x="646" y="273" w="83" h="25"><a><fillColor><color rgba="#ffffebeb"/></fillColor></a></e><t id="1af" x="661.818359375" y="278.2080078125"><a><text><string>Telefono</string></text></a></t></children></atr><atr id="1b0" nullable="false" attributeType="VARCHAR2(128)"><children><e id="1b1" x="730" y="308" w="87" h="23"><a><fillColor><color rgba="#ffffebeb"/></fillColor></a></e><t id="1b2" x="737.6640625" y="312.2080078125"><a><text><string>Id_Sucursal</string></text></a></t></children></atr><lcaf id="1b3"><points><p colinear="true" x="541.3367346938776" y="336" c1x="659" c1y="172" c2x="659" c2y="172"/><p colinear="true" x="606" y="360.09505703422053" c1x="659" c1y="172" c2x="659" c2y="172"/></points><startConnector><rConnector id="1b4"><Owner><atr ref="1a7"/></Owner></rConnector></startConnector><endConnector><rConnector id="1b5"><Owner><ent ref="1a4"/></Owner></rConnector></endConnector></lcaf><lcaf id="1b6"><points><p colinear="true" x="585.0605359023876" y="296" c1x="659" c1y="172" c2x="659" c2y="172"/><p colinear="true" x="630.5722875702247" y="355" c1x="659" c1y="172" c2x="659" c2y="172"/></points><startConnector><rConnector id="1b7"><Owner><atr ref="1aa"/></Owner></rConnector></startConnector><endConnector><rConnector id="1b8"><Owner><ent ref="1a4"/></Owner></rConnector></endConnector></lcaf><lcaf id="1b9"><points><p colinear="true" x="681.7039106145252" y="298" c1x="659" c1y="172" c2x="659" c2y="172"/><p colinear="true" x="655.2737430167598" y="355" c1x="659" c1y="172" c2x="659" c2y="172"/></points><startConnector><rConnector id="1ba"><Owner><atr ref="1ad"/></Owner></rConnector></startConnector><endConnector><rConnector id="1bb"><Owner><ent ref="1a4"/></Owner></rConnector></endConnector></lcaf><lcaf id="1bc"><points><p colinear="true" x="747.081081081081" y="331" c1x="659" c1y="172" c2x="659" c2y="172"/><p colinear="true" x="686" y="357.5882352941176" c1x="659" c1y="172" c2x="659" c2y="172"/></points><startConnector><rConnector id="1bd"><Owner><atr ref="1b0"/></Owner></rConnector></startConnector><endConnector><rConnector id="1be"><Owner><ent ref="1a4"/></Owner></rConnector></endConnector></lcaf><ta id="1bf" x="453" y="216" w="106" h="40"><a><text><string>Entidad 5:
Producto
</string></text></a></ta></figures></drawing>