<drawing><figures><lcaf id="0"><points><p colinear="true" x="512.7068422559405" y="331" c1x="64.40062983109055" c1y="72" c2x="64.40062983109055" c2y="72"/><p colinear="true" x="512.1498425422274" y="369" c1x="64.40062983109055" c1y="72" c2x="64.40062983109055" c2y="72"/></points><startConnector><rConnector id="1"><Owner><ent id="2"><children><r id="3" x="473" y="291" w="80" h="40"><a><fillColor><color rgba="#ffebffe8"/></fillColor></a></r><t id="4" x="492.84375" y="303.7080078125"><a><text><string>Cuarto</string></text></a></t></children></ent></Owner></rConnector></startConnector><endConnector><rConnector id="5"><Owner><disjuncao id="6"><children><circ id="7" x="502" y="369" w="20" h="20"><a><fillColor><color rgba="#fff5f2e0"/></fillColor></a></circ><tn id="8" x="506" y="370"><a><fontBold><boolean>true</boolean></fontBold><fontSize><double>16</double></fontSize><text><string>d</string></text></a></tn></children></disjuncao></Owner></rConnector></endConnector></lcaf><ent id="9"><children><r id="a" x="131" y="102" w="106.560546875" h="40"><a><fillColor><color rgba="#ffebffe8"/></fillColor></a></r><t id="b" x="141" y="114.7080078125"><a><text><string>Departamento</string></text></a></t></children></ent><ent ref="2"/><ent id="c"><children><r id="d" x="155" y="412" w="100" h="40"><a><fillColor><color rgba="#ffebffe8"/></fillColor></a></r><t id="e" x="168.2646484375" y="424.7080078125"><a><text><string>Amenidades</string></text></a></t></children></ent><ent id="f"><children><r id="10" x="377" y="442" w="80" h="40"><a><fillColor><color rgba="#ffebffe8"/></fillColor></a></r><t id="11" x="390.4130859375" y="454.7080078125"><a><text><string>Estandar</string></text></a></t></children></ent><ent id="12"><children><r id="13" x="476" y="480" w="80" h="40"><a><fillColor><color rgba="#ffebffe8"/></fillColor></a></r><t id="14" x="503.15625" y="492.7080078125"><a><text><string>Lujo</string></text></a></t></children></ent><ent id="15"><children><r id="16" x="591" y="441" w="80" h="40"><a><fillColor><color rgba="#ffebffe8"/></fillColor></a></r><t id="17" x="600.384765625" y="453.7080078125"><a><text><string>SuperLujo</string></text></a></t></children></ent><rel id="18"><children><diamond id="19" x="304" y="102" w="80" h="40"><a><fillColor><color rgba="#ffddddff"/></fillColor></a></diamond><t id="1a" x="329.0439453125" y="114.7080078125"><a><text><string>tiene</string></text></a></t></children></rel><llabelUm id="1b"><points><p colinear="true" x="304" y="122" c1x="63" c1y="72" c2x="63" c2y="72"/><p colinear="true" x="237.560546875" y="122" c1x="63" c1y="72" c2x="63" c2y="72"/></points><startConnector><rConnector id="1c"><Owner><rel ref="18"/></Owner></rConnector></startConnector><endConnector><rConnector id="1d"><Owner><ent ref="9"/></Owner></rConnector></endConnector></llabelUm><rel id="1e"><children><diamond id="1f" x="473" y="192" w="80" h="40"><a><fillColor><color rgba="#ffddddff"/></fillColor></a></diamond><t id="20" x="498.0439453125" y="204.7080078125"><a><text><string>tiene</string></text></a></t></children></rel><llabelDoubleMuitos id="21"><points><p colinear="true" x="513" y="192" c1x="63" c1y="72" c2x="63" c2y="72"/><p colinear="true" x="513" y="142" c1x="63" c1y="72" c2x="63" c2y="72"/></points><startConnector><rConnector id="22"><Owner><rel ref="1e"/></Owner></rConnector></startConnector><endConnector><rConnector id="23"><Owner><ent id="24"><children><r id="25" x="473" y="102" w="80" h="40"><a><fillColor><color rgba="#ffebffe8"/></fillColor></a></r><t id="26" x="497.2646484375" y="114.7080078125"><a><text><string>Hotel</string></text></a></t></children></ent></Owner></rConnector></endConnector><a><innerStrokeWidthFactor><double>3</double></innerStrokeWidthFactor><text><string>N</string></text></a></llabelDoubleMuitos><llabelDoubleMuitos id="27"><points><p colinear="true" x="384" y="122" c1x="63" c1y="72" c2x="63" c2y="72"/><p colinear="true" x="473" y="122" c1x="63" c1y="72" c2x="63" c2y="72"/></points><startConnector><rConnector id="28"><Owner><rel ref="18"/></Owner></rConnector></startConnector><endConnector><rConnector id="29"><Owner><ent ref="24"/></Owner></rConnector></endConnector><a><innerStrokeWidthFactor><double>3</double></innerStrokeWidthFactor><text><string>N</string></text></a></llabelDoubleMuitos><disjuncao ref="6"/><generalizacaoLine id="2a"><points><p colinear="true" x="502" y="387.9360608552632" c1x="63" c1y="72" c2x="63" c2y="72"/><p colinear="true" x="439.9531404841678" y="442" c1x="63" c1y="72" c2x="63" c2y="72"/></points><startConnector><rConnector id="2b"><Owner><disjuncao ref="6"/></Owner></rConnector></startConnector><endConnector><rConnector id="2c"><Owner><ent ref="f"/></Owner></rConnector></endConnector></generalizacaoLine><generalizacaoLine id="2d"><points><p colinear="true" x="512.3385620492254" y="389.4453125" c1x="63" c1y="72" c2x="63" c2y="72"/><p colinear="true" x="515.337624114622" y="480" c1x="63" c1y="72" c2x="63" c2y="72"/></points><startConnector><rConnector id="2e"><Owner><disjuncao ref="6"/></Owner></rConnector></startConnector><endConnector><rConnector id="2f"><Owner><ent ref="12"/></Owner></rConnector></endConnector></generalizacaoLine><generalizacaoLine id="30"><points><p colinear="true" x="522" y="386.0947019432773" c1x="63" c1y="72" c2x="63" c2y="72"/><p colinear="true" x="601.8965846668259" y="441" c1x="63" c1y="72" c2x="63" c2y="72"/></points><startConnector><rConnector id="31"><Owner><disjuncao ref="6"/></Owner></rConnector></startConnector><endConnector><rConnector id="32"><Owner><ent ref="15"/></Owner></rConnector></endConnector></generalizacaoLine><rel id="33"><children><diamond id="34" x="164" y="290" w="80" h="40"><a><fillColor><color rgba="#ffddddff"/></fillColor></a></diamond><t id="35" x="189.0439453125" y="302.7080078125"><a><text><string>tiene</string></text></a></t></children></rel><llabelMuitos id="36"><points><p colinear="true" x="244" y="310.1294498381877" c1x="63" c1y="72" c2x="63" c2y="72"/><p colinear="true" x="473" y="310.8705501618123" c1x="63" c1y="72" c2x="63" c2y="72"/></points><startConnector><rConnector id="37"><Owner><rel ref="33"/></Owner></rConnector></startConnector><endConnector><rConnector id="38"><Owner><ent ref="2"/></Owner></rConnector></endConnector><a><text><string>N</string></text></a></llabelMuitos><llabelMuitos id="39"><points><p colinear="true" x="204.1639344262295" y="330" c1x="63" c1y="72" c2x="63" c2y="72"/><p colinear="true" x="204.8360655737705" y="412" c1x="63" c1y="72" c2x="63" c2y="72"/></points><startConnector><rConnector id="3a"><Owner><rel ref="33"/></Owner></rConnector></startConnector><endConnector><rConnector id="3b"><Owner><ent ref="c"/></Owner></rConnector></endConnector><a><text><string>M</string></text></a></llabelMuitos><ent id="3c"><children><r id="3d" x="758" y="291" w="80" h="40"><a><fillColor><color rgba="#ffebffe8"/></fillColor></a></r><t id="3e" x="773.8388671875" y="303.7080078125"><a><text><string>Reserva</string></text></a></t></children></ent><rel id="3f"><children><diamond id="40" x="622" y="292" w="87" h="40"><a><fillColor><color rgba="#ffddddff"/></fillColor></a></diamond><t id="41" x="637.0556640625" y="304.7080078125"><a><text><string>comparte</string></text></a></t></children></rel><llabelDoubleUm id="42"><points><p colinear="true" x="622" y="311.71475409836063" c1x="63" c1y="72" c2x="63" c2y="72"/><p colinear="true" x="553" y="311.26229508196724" c1x="63" c1y="72" c2x="63" c2y="72"/></points><startConnector><rConnector id="43"><Owner><rel ref="3f"/></Owner></rConnector></startConnector><endConnector><rConnector id="44"><Owner><ent ref="2"/></Owner></rConnector></endConnector><a><innerStrokeWidthFactor><double>3</double></innerStrokeWidthFactor></a></llabelDoubleUm><llabelDoubleUm id="45"><points><p colinear="true" x="709" y="311.6716981132075" c1x="63" c1y="72" c2x="63" c2y="72"/><p colinear="true" x="758" y="311.3018867924528" c1x="63" c1y="72" c2x="63" c2y="72"/></points><startConnector><rConnector id="46"><Owner><rel ref="3f"/></Owner></rConnector></startConnector><endConnector><rConnector id="47"><Owner><ent ref="3c"/></Owner></rConnector></endConnector><a><innerStrokeWidthFactor><double>3</double></innerStrokeWidthFactor></a></llabelDoubleUm><rel id="48"><children><diamond id="49" x="758" y="190" w="80" h="40"><a><fillColor><color rgba="#ffddddff"/></fillColor></a></diamond><t id="4a" x="778.212890625" y="202.7080078125"><a><text><string>realiza</string></text></a></t></children></rel><ent id="4b"><children><r id="4c" x="756" y="106" w="81" h="40"><a><fillColor><color rgba="#ffebffe8"/></fillColor></a></r><t id="4d" x="775.7080078125" y="118.7080078125"><a><text><string>Cliente</string></text></a></t></children></ent><llabelMuitos id="4e"><points><p colinear="true" x="797.6428571428571" y="190" c1x="63" c1y="72" c2x="63" c2y="72"/><p colinear="true" x="796.8571428571429" y="146" c1x="63" c1y="72" c2x="63" c2y="72"/></points><startConnector><rConnector id="4f"><Owner><rel ref="48"/></Owner></rConnector></startConnector><endConnector><rConnector id="50"><Owner><ent ref="4b"/></Owner></rConnector></endConnector><a><text><string>N</string></text></a></llabelMuitos><llabelUm id="51"><points><p colinear="true" x="798" y="230" c1x="63" c1y="72" c2x="63" c2y="72"/><p colinear="true" x="798" y="291" c1x="63" c1y="72" c2x="63" c2y="72"/></points><startConnector><rConnector id="52"><Owner><rel ref="48"/></Owner></rConnector></startConnector><endConnector><rConnector id="53"><Owner><ent ref="3c"/></Owner></rConnector></endConnector></llabelUm><ent id="54"><children><r id="55" x="942" y="86" w="80" h="40"><a><fillColor><color rgba="#ffebffe8"/></fillColor></a></r><t id="56" x="950.48828125" y="98.7080078125"><a><text><string>Extranjero</string></text></a></t></children></ent><ent id="57"><children><r id="58" x="942" y="142" w="80" h="40"><a><fillColor><color rgba="#ffebffe8"/></fillColor></a></r><t id="59" x="956.447265625" y="154.7080078125"><a><text><string>Nacional</string></text></a></t></children></ent><disjuncao id="5a"><children><circ id="5b" x="872" y="114" w="21" h="20"><a><fillColor><color rgba="#fff5f2e0"/></fillColor></a></circ><tn id="5c" x="876.1999999999999" y="115"><a><fontBold><boolean>true</boolean></fontBold><fontSize><double>16</double></fontSize><text><string>d</string></text></a></tn></children></disjuncao><lcaf id="5d"><points><p colinear="true" x="837" y="125.16299509447674" c1x="63" c1y="72" c2x="63" c2y="72"/><p colinear="true" x="872" y="124.43965752180233" c1x="63" c1y="72" c2x="63" c2y="72"/></points><startConnector><rConnector id="5e"><Owner><ent ref="4b"/></Owner></rConnector></startConnector><endConnector><rConnector id="5f"><Owner><disjuncao ref="5a"/></Owner></rConnector></endConnector></lcaf><generalizacaoLine id="60"><points><p colinear="true" x="893" y="122.29966237437186" c1x="63" c1y="72" c2x="63" c2y="72"/><p colinear="true" x="942" y="113.32569095477388" c1x="63" c1y="72" c2x="63" c2y="72"/></points><startConnector><rConnector id="61"><Owner><disjuncao ref="5a"/></Owner></rConnector></startConnector><endConnector><rConnector id="62"><Owner><ent ref="54"/></Owner></rConnector></endConnector></generalizacaoLine><generalizacaoLine id="63"><points><p colinear="true" x="893" y="128.20921011306532" c1x="63" c1y="72" c2x="63" c2y="72"/><p colinear="true" x="942" y="146.81312814070353" c1x="63" c1y="72" c2x="63" c2y="72"/></points><startConnector><rConnector id="64"><Owner><disjuncao ref="5a"/></Owner></rConnector></startConnector><endConnector><rConnector id="65"><Owner><ent ref="57"/></Owner></rConnector></endConnector></generalizacaoLine><atr id="66" nullable="false" attributeType="VARCHAR2(128)"><children><e id="67" x="62" y="172" w="80" h="20"><a><fillColor><color rgba="#ffffebeb"/></fillColor></a></e><t id="68" x="78.1611328125" y="174.7080078125"><a><text><string>Nombre</string></text></a></t></children></atr><atrchave id="69" nullable="false" attributeType="NUMBER"><children><e id="6a" x="169" y="173" w="149.76171875" h="20"><a><fillColor><color rgba="#ffffebeb"/></fillColor></a></e><t id="6b" x="183.0078125" y="175.7080078125"><a><fontUnderlined><boolean>true</boolean></fontUnderlined><fontBold><boolean>true</boolean></fontBold><text><string>ID_Departamento</string></text></a></t></children></atrchave><lcaf id="6c"><points><p colinear="true" x="156.853515625" y="142" c1x="0" c1y="16" c2x="0" c2y="16"/><p colinear="true" x="115.71337890625" y="172" c1x="0" c1y="16" c2x="0" c2y="16"/></points><startConnector><rConnector id="6d"><Owner><ent ref="9"/></Owner></rConnector></startConnector><endConnector><rConnector id="6e"><Owner><atr ref="66"/></Owner></rConnector></endConnector></lcaf><lcaf id="6f"><points><p colinear="true" x="203.82144915471312" y="142" c1x="0" c1y="16" c2x="0" c2y="16"/><p colinear="true" x="234.11027151639342" y="173" c1x="0" c1y="16" c2x="0" c2y="16"/></points><startConnector><rConnector id="70"><Owner><ent ref="9"/></Owner></rConnector></startConnector><endConnector><rConnector id="71"><Owner><atrchave ref="69"/></Owner></rConnector></endConnector></lcaf><atrchave id="72" nullable="false" attributeType="NUMBER"><children><e id="73" x="340" y="44" w="80" h="20"><a><fillColor><color rgba="#ffffebeb"/></fillColor></a></e><t id="74" x="356.978515625" y="46.7080078125"><a><fontUnderlined><boolean>true</boolean></fontUnderlined><fontBold><boolean>true</boolean></fontBold><text><string>Codigo</string></text></a></t></children></atrchave><atr id="75" nullable="false" attributeType="VARCHAR2(128)"><children><e id="76" x="399" y="19" w="80" h="20"><a><fillColor><color rgba="#ffffebeb"/></fillColor></a></e><t id="77" x="415.1611328125" y="21.7080078125"><a><text><string>Nombre</string></text></a></t></children></atr><atrderivado id="78"><children><e id="79" x="487" y="19" w="106.560546875" h="20"><a><strokeDashes><doubleArray><double>5</double></doubleArray></strokeDashes><fillColor><color rgba="#ffffebeb"/></fillColor></a></e><t id="7a" x="497" y="21.7080078125"><a><text><string>Departamento</string></text></a></t></children></atrderivado><lcaf id="7b"><points><p colinear="true" x="399.55882352941177" y="64" c1x="0" c1y="16" c2x="0" c2y="16"/><p colinear="true" x="473.88235294117646" y="102" c1x="0" c1y="16" c2x="0" c2y="16"/></points><startConnector><rConnector id="7c"><Owner><atrchave ref="72"/></Owner></rConnector></startConnector><endConnector><rConnector id="7d"><Owner><ent ref="24"/></Owner></rConnector></endConnector></lcaf><lcaf id="7e"><points><p colinear="true" x="446.9569892473118" y="39" c1x="0" c1y="16" c2x="0" c2y="16"/><p colinear="true" x="497.0860215053763" y="102" c1x="0" c1y="16" c2x="0" c2y="16"/></points><startConnector><rConnector id="7f"><Owner><atr ref="75"/></Owner></rConnector></startConnector><endConnector><rConnector id="80"><Owner><ent ref="24"/></Owner></rConnector></endConnector></lcaf><lcaf id="81"><points><p colinear="true" x="537.346910702285" y="39" c1x="0" c1y="16" c2x="0" c2y="16"/><p colinear="true" x="518.8667254704301" y="102" c1x="0" c1y="16" c2x="0" c2y="16"/></points><startConnector><rConnector id="82"><Owner><atrderivado ref="78"/></Owner></rConnector></startConnector><endConnector><rConnector id="83"><Owner><ent ref="24"/></Owner></rConnector></endConnector></lcaf><atr id="84" nullable="false" attributeType="VARCHAR2(128)"><children><e id="85" x="566" y="54" w="87" h="20"><a><fillColor><color rgba="#ffffebeb"/></fillColor></a></e><t id="86" x="581.7587890625" y="56.7080078125"><a><text><string>Direccion</string></text></a></t></children></atr><lcaf id="87"><points><p colinear="true" x="592.8620689655172" y="74" c1x="0" c1y="16" c2x="0" c2y="16"/><p colinear="true" x="546.2758620689656" y="102" c1x="0" c1y="16" c2x="0" c2y="16"/></points><startConnector><rConnector id="88"><Owner><atr ref="84"/></Owner></rConnector></startConnector><endConnector><rConnector id="89"><Owner><ent ref="24"/></Owner></rConnector></endConnector></lcaf><atrchave id="8a" nullable="false" attributeType="NUMBER"><children><e id="8b" x="56" y="374" w="125.990234375" h="20"><a><fillColor><color rgba="#ffffebeb"/></fillColor></a></e><t id="8c" x="66" y="376.7080078125"><a><fontUnderlined><boolean>true</boolean></fontUnderlined><fontBold><boolean>true</boolean></fontBold><text><string>Id_Amenidades</string></text></a></t></children></atrchave><atr id="8d" nullable="false" attributeType="VARCHAR2(128)"><children><e id="8e" x="76" y="474" w="80" h="20"><a><fillColor><color rgba="#ffffebeb"/></fillColor></a></e><t id="8f" x="92.1611328125" y="476.7080078125"><a><text><string>Nombre</string></text></a></t></children></atr><lcaf id="90"><points><p colinear="true" x="136.91280110677081" y="394" c1x="0" c1y="16" c2x="0" c2y="16"/><p colinear="true" x="169.16463216145831" y="412" c1x="0" c1y="16" c2x="0" c2y="16"/></points><startConnector><rConnector id="91"><Owner><atrchave ref="8a"/></Owner></rConnector></startConnector><endConnector><rConnector id="92"><Owner><ent ref="c"/></Owner></rConnector></endConnector></lcaf><lcaf id="93"><points><p colinear="true" x="133.1153846153846" y="474" c1x="0" c1y="16" c2x="0" c2y="16"/><p colinear="true" x="170.76923076923077" y="452" c1x="0" c1y="16" c2x="0" c2y="16"/></points><startConnector><rConnector id="94"><Owner><atr ref="8d"/></Owner></rConnector></startConnector><endConnector><rConnector id="95"><Owner><ent ref="c"/></Owner></rConnector></endConnector></lcaf><atr id="96" nullable="false" attributeType="VARCHAR2(128)"><children><e id="97" x="441" y="568" w="117.171875" h="20"><a><fillColor><color rgba="#ffffebeb"/></fillColor></a></e><t id="98" x="451" y="570.7080078125"><a><text><string>TarifaAnticipada</string></text></a></t></children></atr><atr id="99" nullable="false" attributeType="VARCHAR2(128)"><children><e id="9a" x="580" y="536" w="118.5546875" h="20"><a><fillColor><color rgba="#ffffebeb"/></fillColor></a></e><t id="9b" x="590" y="538.7080078125"><a><text><string>SIN/CON Balcon</string></text></a></t></children></atr><atr id="9c" nullable="false" attributeType="VARCHAR2(128)"><children><e id="9d" x="702" y="499" w="117.171875" h="20"><a><fillColor><color rgba="#ffffebeb"/></fillColor></a></e><t id="9e" x="712" y="501.7080078125"><a><text><string>TarifaAnticipada</string></text></a></t></children></atr><lcaf id="9f"><points><p colinear="true" x="511.791266025641" y="520" c1x="0" c1y="16" c2x="0" c2y="16"/><p colinear="true" x="501.6903044871795" y="568" c1x="0" c1y="16" c2x="0" c2y="16"/></points><startConnector><rConnector id="a0"><Owner><ent ref="12"/></Owner></rConnector></startConnector><endConnector><rConnector id="a1"><Owner><atr ref="96"/></Owner></rConnector></endConnector></lcaf><lcaf id="a2"><points><p colinear="true" x="632.9476102941177" y="481" c1x="0" c1y="16" c2x="0" c2y="16"/><p colinear="true" x="638.3035386029412" y="536" c1x="0" c1y="16" c2x="0" c2y="16"/></points><startConnector><rConnector id="a3"><Owner><ent ref="15"/></Owner></rConnector></startConnector><endConnector><rConnector id="a4"><Owner><atr ref="99"/></Owner></rConnector></endConnector></lcaf><lcaf id="a5"><points><p colinear="true" x="671" y="475.81642249954785" c1x="0" c1y="16" c2x="0" c2y="16"/><p colinear="true" x="733.5888671875" y="499" c1x="0" c1y="16" c2x="0" c2y="16"/></points><startConnector><rConnector id="a6"><Owner><ent ref="15"/></Owner></rConnector></startConnector><endConnector><rConnector id="a7"><Owner><atr ref="9c"/></Owner></rConnector></endConnector></lcaf><atr id="a8" nullable="false" attributeType="VARCHAR2(128)"><children><e id="a9" x="312" y="265" w="80" h="20"><a><fillColor><color rgba="#ffffebeb"/></fillColor></a></e><t id="aa" x="326.5732421875" y="267.7080078125"><a><text><string>ValorDia</string></text></a></t></children></atr><atr id="ab" nullable="false" attributeType="VARCHAR2(128)"><children><e id="ac" x="314" y="330" w="92" h="20"><a><fillColor><color rgba="#ffffebeb"/></fillColor></a></e><t id="ad" x="321.7060546875" y="332.7080078125"><a><text><string>Num_Camas</string></text></a></t></children></atr><lcaf id="ae"><points><p colinear="true" x="392" y="283.944099378882" c1x="0" c1y="16" c2x="0" c2y="16"/><p colinear="true" x="473" y="302.055900621118" c1x="0" c1y="16" c2x="0" c2y="16"/></points><startConnector><rConnector id="af"><Owner><atr ref="a8"/></Owner></rConnector></startConnector><endConnector><rConnector id="b0"><Owner><ent ref="2"/></Owner></rConnector></endConnector></lcaf><lcaf id="b1"><points><p colinear="true" x="406" y="331.281045751634" c1x="0" c1y="16" c2x="0" c2y="16"/><p colinear="true" x="473" y="318.58169934640523" c1x="0" c1y="16" c2x="0" c2y="16"/></points><startConnector><rConnector id="b2"><Owner><atr ref="ab"/></Owner></rConnector></startConnector><endConnector><rConnector id="b3"><Owner><ent ref="2"/></Owner></rConnector></endConnector></lcaf><atr id="b4" nullable="false" attributeType="VARCHAR2(128)"><children><e id="b5" x="593" y="366" w="102.623046875" h="20"><a><fillColor><color rgba="#ffffebeb"/></fillColor></a></e><t id="b6" x="603" y="368.7080078125"><a><text><string>Valor_Pagado</string></text></a></t></children></atr><lcaf id="b7"><points><p colinear="true" x="658.8786010742188" y="332" c1x="0" c1y="16" c2x="0" c2y="16"/><p colinear="true" x="647.6222229003906" y="366" c1x="0" c1y="16" c2x="0" c2y="16"/></points><startConnector><rConnector id="b8"><Owner><rel ref="3f"/></Owner></rConnector></startConnector><endConnector><rConnector id="b9"><Owner><atr ref="b4"/></Owner></rConnector></endConnector></lcaf><atr id="ba" nullable="false" attributeType="VARCHAR2(128)"><children><e id="bb" x="623" y="241" w="80" h="20"><a><fillColor><color rgba="#ffffebeb"/></fillColor></a></e><t id="bc" x="640.2890625" y="243.7080078125"><a><text><string>Alquiler</string></text></a></t></children></atr><atr id="bd" nullable="false" attributeType="VARCHAR2(128)"><children><e id="be" x="556" y="206" w="80" h="20"><a><fillColor><color rgba="#ffffebeb"/></fillColor></a></e><t id="bf" x="578.451171875" y="208.7080078125"><a><text><string>Fecha</string></text></a></t></children></atr><atr id="c0" nullable="false" attributeType="VARCHAR2(128)"><children><e id="c1" x="609" y="161" w="103.1796875" h="20"><a><fillColor><color rgba="#ffffebeb"/></fillColor></a></e><t id="c2" x="619" y="163.7080078125"><a><text><string>Hora_Entrada</string></text></a></t></children></atr><atr id="c3" nullable="false" attributeType="VARCHAR2(128)"><children><e id="c4" x="670" y="201" w="80" h="20"><a><fillColor><color rgba="#ffffebeb"/></fillColor></a></e><t id="c5" x="673.53125" y="203.7080078125"><a><text><string>Hora_Salida</string></text></a></t></children></atr><lcaf id="c6"><points><p colinear="true" x="663.4098360655738" y="261" c1x="0" c1y="16" c2x="0" c2y="16"/><p colinear="true" x="664.6803278688525" y="292" c1x="0" c1y="16" c2x="0" c2y="16"/></points><startConnector><rConnector id="c7"><Owner><atr ref="ba"/></Owner></rConnector></startConnector><endConnector><rConnector id="c8"><Owner><rel ref="3f"/></Owner></rConnector></endConnector></lcaf><lcaf id="c9"><points><p colinear="true" x="615.1428571428571" y="226" c1x="0" c1y="16" c2x="0" c2y="16"/><p colinear="true" x="643.8571428571429" y="241" c1x="0" c1y="16" c2x="0" c2y="16"/></points><startConnector><rConnector id="ca"><Owner><atr ref="bd"/></Owner></rConnector></startConnector><endConnector><rConnector id="cb"><Owner><atr ref="ba"/></Owner></rConnector></endConnector></lcaf><lcaf id="cc"><points><p colinear="true" x="660.89111328125" y="181" c1x="0" c1y="16" c2x="0" c2y="16"/><p colinear="true" x="662.69873046875" y="241" c1x="0" c1y="16" c2x="0" c2y="16"/></points><startConnector><rConnector id="cd"><Owner><atr ref="c0"/></Owner></rConnector></startConnector><endConnector><rConnector id="ce"><Owner><atr ref="ba"/></Owner></rConnector></endConnector></lcaf><lcaf id="cf"><points><p colinear="true" x="698.25" y="221" c1x="0" c1y="16" c2x="0" c2y="16"/><p colinear="true" x="674.75" y="241" c1x="0" c1y="16" c2x="0" c2y="16"/></points><startConnector><rConnector id="d0"><Owner><atr ref="c3"/></Owner></rConnector></startConnector><endConnector><rConnector id="d1"><Owner><atr ref="ba"/></Owner></rConnector></endConnector></lcaf><atr id="d2" nullable="false" attributeType="VARCHAR2(128)"><children><e id="d3" x="707" y="355" w="80" h="20"><a><fillColor><color rgba="#ffffebeb"/></fillColor></a></e><t id="d4" x="728.8564453125" y="357.7080078125"><a><text><string>att.17</string></text></a></t></children></atr><atr id="d5" nullable="false" attributeType="VARCHAR2(128)"><children><e id="d6" x="756" y="397" w="80" h="20"><a><fillColor><color rgba="#ffffebeb"/></fillColor></a></e><t id="d7" x="777.8564453125" y="399.7080078125"><a><text><string>att.18</string></text></a></t></children></atr><atr id="d8" nullable="false" attributeType="VARCHAR2(128)"><children><e id="d9" x="832" y="424" w="80" h="20"><a><fillColor><color rgba="#ffffebeb"/></fillColor></a></e><t id="da" x="853.8564453125" y="426.7080078125"><a><text><string>att.19</string></text></a></t></children></atr><atrchave id="db" nullable="false" attributeType="NUMBER"><children><e id="dc" x="871" y="366" w="80" h="20"><a><fillColor><color rgba="#ffffebeb"/></fillColor></a></e><t id="dd" x="872.15234375" y="368.7080078125"><a><fontUnderlined><boolean>true</boolean></fontUnderlined><fontBold><boolean>true</boolean></fontBold><text><string>Id_Reserva</string></text></a></t></children></atrchave><atrderivado id="de"><children><e id="df" x="883" y="276" w="103.9296875" h="20"><a><strokeDashes><doubleArray><double>5</double></doubleArray></strokeDashes><fillColor><color rgba="#ffffebeb"/></fillColor></a></e><t id="e0" x="893" y="278.7080078125"><a><text><string>Datos_Cliente</string></text></a></t></children></atrderivado><atrderivado id="e1"><children><e id="e2" x="881" y="327" w="102.658203125" h="20"><a><strokeDashes><doubleArray><double>5</double></doubleArray></strokeDashes><fillColor><color rgba="#ffffebeb"/></fillColor></a></e><t id="e3" x="891" y="329.7080078125"><a><text><string>Datos_Cuarto</string></text></a></t></children></atrderivado><lcaf id="e4"><points><p colinear="true" x="779.1111111111111" y="331" c1x="0" c1y="16" c2x="0" c2y="16"/><p colinear="true" x="756.4444444444445" y="355" c1x="0" c1y="16" c2x="0" c2y="16"/></points><startConnector><rConnector id="e5"><Owner><ent ref="3c"/></Owner></rConnector></startConnector><endConnector><rConnector id="e6"><Owner><atr ref="d2"/></Owner></rConnector></endConnector></lcaf><lcaf id="e7"><points><p colinear="true" x="797.5833333333334" y="331" c1x="0" c1y="16" c2x="0" c2y="16"/><p colinear="true" x="796.2083333333334" y="397" c1x="0" c1y="16" c2x="0" c2y="16"/></points><startConnector><rConnector id="e8"><Owner><ent ref="3c"/></Owner></rConnector></startConnector><endConnector><rConnector id="e9"><Owner><atr ref="d5"/></Owner></rConnector></endConnector></lcaf><lcaf id="ea"><points><p colinear="true" x="810.0325203252032" y="331" c1x="0" c1y="16" c2x="0" c2y="16"/><p colinear="true" x="865.9837398373984" y="424" c1x="0" c1y="16" c2x="0" c2y="16"/></points><startConnector><rConnector id="eb"><Owner><ent ref="3c"/></Owner></rConnector></startConnector><endConnector><rConnector id="ec"><Owner><atr ref="d8"/></Owner></rConnector></endConnector></lcaf><lcaf id="ed"><points><p colinear="true" x="832.7692307692307" y="331" c1x="0" c1y="16" c2x="0" c2y="16"/><p colinear="true" x="893.6153846153846" y="366" c1x="0" c1y="16" c2x="0" c2y="16"/></points><startConnector><rConnector id="ee"><Owner><ent ref="3c"/></Owner></rConnector></startConnector><endConnector><rConnector id="ef"><Owner><atrchave ref="db"/></Owner></rConnector></endConnector></lcaf><lcaf id="f0"><points><p colinear="true" x="838" y="303.69885634429454" c1x="0" c1y="16" c2x="0" c2y="16"/><p colinear="true" x="883" y="295.4850697316259" c1x="0" c1y="16" c2x="0" c2y="16"/></points><startConnector><rConnector id="f1"><Owner><ent ref="3c"/></Owner></rConnector></startConnector><endConnector><rConnector id="f2"><Owner><atrderivado ref="de"/></Owner></rConnector></endConnector></lcaf><atrchaveparcial id="f3" nullable="false" attributeType="NUMBER"><children><e id="f4" x="346" y="218" w="66" h="27"><a><fillColor><color rgba="#ffffebeb"/></fillColor></a></e><t id="f5" x="352.2109375" y="224.2080078125"><a><strokeDashes><doubleArray><double>3</double></doubleArray></strokeDashes><fontBold><boolean>true</boolean></fontBold><text><string>Numero</string></text></a></t></children></atrchaveparcial><atrchaveparcial id="f6" nullable="false" attributeType="NUMBER"><children><e id="f7" x="373" y="176" w="62" h="27"><a><fillColor><color rgba="#ffffebeb"/></fillColor></a></e><t id="f8" x="389.873046875" y="182.2080078125"><a><strokeDashes><doubleArray><double>3</double></doubleArray></strokeDashes><fontBold><boolean>true</boolean></fontBold><text><string>Piso</string></text></a></t></children></atrchaveparcial><lcaf id="f9"><points><p colinear="true" x="401.75471698113205" y="245" c1x="0" c1y="16" c2x="0" c2y="16"/><p colinear="true" x="479.28930817610063" y="291" c1x="0" c1y="16" c2x="0" c2y="16"/></points><startConnector><rConnector id="fa"><Owner><atrchaveparcial ref="f3"/></Owner></rConnector></startConnector><endConnector><rConnector id="fb"><Owner><ent ref="2"/></Owner></rConnector></endConnector></lcaf><lcaf id="fc"><points><p colinear="true" x="416.1111111111111" y="203" c1x="0" c1y="16" c2x="0" c2y="16"/><p colinear="true" x="495.0576131687243" y="291" c1x="0" c1y="16" c2x="0" c2y="16"/></points><startConnector><rConnector id="fd"><Owner><atrchaveparcial ref="f6"/></Owner></rConnector></startConnector><endConnector><rConnector id="fe"><Owner><ent ref="2"/></Owner></rConnector></endConnector></lcaf><lcaf id="ff"><points><p colinear="true" x="838" y="318.74217937813063" c1x="0" c1y="16" c2x="0" c2y="16"/><p colinear="true" x="881" y="327.065022209621" c1x="0" c1y="16" c2x="0" c2y="16"/></points><startConnector><rConnector id="100"><Owner><ent ref="3c"/></Owner></rConnector></startConnector><endConnector><rConnector id="101"><Owner><atrderivado ref="e1"/></Owner></rConnector></endConnector></lcaf><atr id="102" nullable="false" attributeType="VARCHAR2(128)"><children><e id="103" x="758" y="67" w="80" h="20"><a><fillColor><color rgba="#ffffebeb"/></fillColor></a></e><t id="104" x="774.1611328125" y="69.7080078125"><a><text><string>Nombre</string></text></a></t></children></atr><atr id="105" nullable="false" attributeType="VARCHAR2(128)"><children><e id="106" x="685" y="32" w="80" h="20"><a><fillColor><color rgba="#ffffebeb"/></fillColor></a></e><t id="107" x="701.1611328125" y="34.7080078125"><a><text><string>Nombre</string></text></a></t></children></atr><atr id="108" nullable="false" attributeType="VARCHAR2(128)"><children><e id="109" x="759" y="5" w="80" h="20"><a><fillColor><color rgba="#ffffebeb"/></fillColor></a></e><t id="10a" x="767.7900390625" y="7.7080078125"><a><text><string>Ap_Pterno</string></text></a></t></children></atr><atr id="10b" nullable="false" attributeType="VARCHAR2(128)"><children><e id="10c" x="831" y="30" w="80" h="20"><a><fillColor><color rgba="#ffffebeb"/></fillColor></a></e><t id="10d" x="834.748046875" y="32.7080078125"><a><text><string>Ap_Materno</string></text></a></t></children></atr><lcaf id="10e"><points><p colinear="true" x="797.6938775510204" y="87" c1x="0" c1y="0" c2x="0" c2y="0"/><p colinear="true" x="797.1122448979592" y="106" c1x="0" c1y="0" c2x="0" c2y="0"/></points><startConnector><rConnector id="10f"><Owner><atr ref="102"/></Owner></rConnector></startConnector><endConnector><rConnector id="110"><Owner><ent ref="4b"/></Owner></rConnector></endConnector></lcaf><lcaf id="111"><points><p colinear="true" x="745.8571428571429" y="52" c1x="0" c1y="0" c2x="0" c2y="0"/><p colinear="true" x="777.1428571428571" y="67" c1x="0" c1y="0" c2x="0" c2y="0"/></points><startConnector><rConnector id="112"><Owner><atr ref="105"/></Owner></rConnector></startConnector><endConnector><rConnector id="113"><Owner><atr ref="102"/></Owner></rConnector></endConnector></lcaf><lcaf id="114"><points><p colinear="true" x="798.8387096774194" y="25" c1x="0" c1y="0" c2x="0" c2y="0"/><p colinear="true" x="798.1612903225806" y="67" c1x="0" c1y="0" c2x="0" c2y="0"/></points><startConnector><rConnector id="115"><Owner><atr ref="108"/></Owner></rConnector></startConnector><endConnector><rConnector id="116"><Owner><atr ref="102"/></Owner></rConnector></endConnector></lcaf><lcaf id="117"><points><p colinear="true" x="851.2702702702703" y="50" c1x="0" c1y="0" c2x="0" c2y="0"/><p colinear="true" x="817.7297297297298" y="67" c1x="0" c1y="0" c2x="0" c2y="0"/></points><startConnector><rConnector id="118"><Owner><atr ref="10b"/></Owner></rConnector></startConnector><endConnector><rConnector id="119"><Owner><atr ref="102"/></Owner></rConnector></endConnector></lcaf><atr id="11a" nullable="false" attributeType="VARCHAR2(128)"><children><e id="11b" x="942" y="30" w="80" h="20"><a><fillColor><color rgba="#ffffebeb"/></fillColor></a></e><t id="11c" x="952.169921875" y="32.7080078125"><a><text><string>Pasaporte</string></text></a></t></children></atr><atr id="11d" nullable="false" attributeType="VARCHAR2(128)"><children><e id="11e" x="1027" y="60" w="80" h="20"><a><fillColor><color rgba="#ffffebeb"/></fillColor></a></e><t id="11f" x="1055.005859375" y="62.7080078125"><a><text><string>Pais</string></text></a></t></children></atr><atr id="120" nullable="false" attributeType="VARCHAR2(128)"><children><e id="121" x="982" y="223" w="80" h="20"><a><fillColor><color rgba="#ffffebeb"/></fillColor></a></e><t id="122" x="1010.36328125" y="225.7080078125"><a><text><string>DNI</string></text></a></t></children></atr><lcaf id="123"><points><p colinear="true" x="993.2676056338028" y="182" c1x="0" c1y="0" c2x="0" c2y="0"/><p colinear="true" x="1016.3661971830986" y="223" c1x="0" c1y="0" c2x="0" c2y="0"/></points><startConnector><rConnector id="124"><Owner><ent ref="57"/></Owner></rConnector></startConnector><endConnector><rConnector id="125"><Owner><atr ref="120"/></Owner></rConnector></endConnector></lcaf><lcaf id="126"><points><p colinear="true" x="982" y="86" c1x="0" c1y="0" c2x="0" c2y="0"/><p colinear="true" x="982" y="50" c1x="0" c1y="0" c2x="0" c2y="0"/></points><startConnector><rConnector id="127"><Owner><ent ref="54"/></Owner></rConnector></startConnector><endConnector><rConnector id="128"><Owner><atr ref="11a"/></Owner></rConnector></endConnector></lcaf><lcaf id="129"><points><p colinear="true" x="1022" y="89.05882352941177" c1x="0" c1y="0" c2x="0" c2y="0"/><p colinear="true" x="1043.388888888889" y="80" c1x="0" c1y="0" c2x="0" c2y="0"/></points><startConnector><rConnector id="12a"><Owner><ent ref="54"/></Owner></rConnector></startConnector><endConnector><rConnector id="12b"><Owner><atr ref="11d"/></Owner></rConnector></endConnector></lcaf><ent ref="24"/><lcaf id="12c"><points><p colinear="true" x="512.7068422559405" y="331" c1x="69.40062983109055" c1y="77" c2x="69.40062983109055" c2y="77"/><p colinear="true" x="512.1498425422274" y="369" c1x="69.40062983109055" c1y="77" c2x="69.40062983109055" c2y="77"/></points><startConnector><rConnector id="12d"><Owner><ent ref="2"/></Owner></rConnector></startConnector><endConnector><rConnector id="12e"><Owner><disjuncao ref="6"/></Owner></rConnector></endConnector></lcaf><atrmulti id="12f" nullable="false" attributeType="VARCHAR2(128)"><children><e id="130" x="837" y="71" w="80" h="20"><a><fillColor><color rgba="#ffffebeb"/></fillColor><strokeType><enum type="strokeType">DOUBLE</enum></strokeType><innerStrokeWidthFactor><double>3</double></innerStrokeWidthFactor></a></e><t id="131" x="851.318359375" y="73.7080078125"><a><text><string>Telefono</string></text></a></t></children></atrmulti><lcaf id="132"><points><p colinear="true" x="859.1111111111111" y="91" c1x="0" c1y="0" c2x="0" c2y="0"/><p colinear="true" x="832.2777777777778" y="106" c1x="0" c1y="0" c2x="0" c2y="0"/></points><startConnector><rConnector id="133"><Owner><atrmulti ref="12f"/></Owner></rConnector></startConnector><endConnector><rConnector id="134"><Owner><ent ref="4b"/></Owner></rConnector></endConnector></lcaf><atrchave id="135" nullable="false" attributeType="NUMBER"><children><e id="136" x="830" y="165" w="80" h="20"><a><fillColor><color rgba="#ffffebeb"/></fillColor></a></e><t id="137" x="834.84375" y="167.7080078125"><a><fontUnderlined><boolean>true</boolean></fontUnderlined><fontBold><boolean>true</boolean></fontBold><text><string>Id_Cliente</string></text></a></t></children></atrchave><lcaf id="138"><points><p colinear="true" x="855" y="165" c1x="0" c1y="0" c2x="0" c2y="0"/><p colinear="true" x="826.5" y="146" c1x="0" c1y="0" c2x="0" c2y="0"/></points><startConnector><rConnector id="139"><Owner><atrchave ref="135"/></Owner></rConnector></startConnector><endConnector><rConnector id="13a"><Owner><ent ref="4b"/></Owner></rConnector></endConnector></lcaf><llabelDoubleMuitos id="13b"><points><p colinear="true" x="513" y="232" c1x="0" c1y="0" c2x="0" c2y="0"/><p colinear="true" x="513" y="291" c1x="0" c1y="0" c2x="0" c2y="0"/></points><startConnector><rConnector id="13c"><Owner><rel ref="1e"/></Owner></rConnector></startConnector><endConnector><rConnector id="13d"><Owner><ent ref="2"/></Owner></rConnector></endConnector><a><innerStrokeWidthFactor><double>3</double></innerStrokeWidthFactor><text><string>M</string></text></a></llabelDoubleMuitos><rel id="13e"><children><diamond id="13f" x="614" y="105" w="80" h="40"><a><fillColor><color rgba="#ffddddff"/></fillColor></a></diamond><t id="140" x="624.984375" y="117.7080078125"><a><text><string>hospedan</string></text></a></t></children></rel><llabelMuitos id="141"><points><p colinear="true" x="694" y="125.28070175438597" c1x="0" c1y="0" c2x="0" c2y="0"/><p colinear="true" x="756" y="125.71578947368421" c1x="0" c1y="0" c2x="0" c2y="0"/></points><startConnector><rConnector id="142"><Owner><rel ref="13e"/></Owner></rConnector></startConnector><endConnector><rConnector id="143"><Owner><ent ref="4b"/></Owner></rConnector></endConnector><a><text><string>N</string></text></a></llabelMuitos><llabelUm id="144"><points><p colinear="true" x="614" y="124.14893617021276" c1x="0" c1y="0" c2x="0" c2y="0"/><p colinear="true" x="553" y="122.85106382978724" c1x="0" c1y="0" c2x="0" c2y="0"/></points><startConnector><rConnector id="145"><Owner><rel ref="13e"/></Owner></rConnector></startConnector><endConnector><rConnector id="146"><Owner><ent ref="24"/></Owner></rConnector></endConnector></llabelUm><lcaf id="147"><points><p colinear="true" x="837" y="122.15626523447557" c1x="-4.528663486577443" c1y="67.54539820111802" c2x="-4.528663486577443" c2y="67.54539820111802"/><p colinear="true" x="831.0249702182768" y="122.72333757267441"/><p colinear="true" x="854" y="121"/><p colinear="true" x="860" y="121"/><p colinear="true" x="866.0249702182768" y="122"/><p colinear="true" x="872" y="122.80609488809641" c1x="-4.528663486577443" c1y="67.54539820111802" c2x="-4.528663486577443" c2y="67.54539820111802"/></points><startConnector><rConnector id="148"><Owner><ent ref="4b"/></Owner></rConnector></startConnector><endConnector><rConnector id="149"><Owner><disjuncao ref="5a"/></Owner></rConnector></endConnector></lcaf><lcaf id="14a"><points><p colinear="true" x="553" y="323.06665477575393" c1x="0" c1y="0" c2x="0" c2y="0"/><p colinear="true" x="582.6993235894746" y="332.02594189644384"/><p colinear="true" x="582.1423238757615" y="370.02594189644384"/><p colinear="true" x="522" y="377.91150574266214" c1x="0" c1y="0" c2x="0" c2y="0"/></points><startConnector><rConnector id="14b"><Owner><ent ref="2"/></Owner></rConnector></startConnector><endConnector><rConnector id="14c"><Owner><disjuncao ref="6"/></Owner></rConnector></endConnector></lcaf></figures></drawing>