<drawing><figures><ent id="0"><children><r id="1" x="522" y="154" w="80" h="40"><a><fillColor><color rgba="#ffebffe8"/></fillColor></a></r><t id="2" x="539.2333984375" y="166.7080078125"><a><text><string>Usuario</string></text></a></t></children></ent><atr id="3" nullable="false" attributeType="VARCHAR2(128)"><children><e id="4" x="391" y="80" w="80" h="25"><a><fillColor><color rgba="#ffffebeb"/></fillColor></a></e><t id="5" x="410.404296875" y="85.2080078125"><a><text><string>Codigo</string></text></a></t></children></atr><atr id="6" nullable="false" attributeType="VARCHAR2(128)"><children><e id="7" x="461" y="28" w="86" h="31"><a><fillColor><color rgba="#ffffebeb"/></fillColor></a></e><t id="8" x="480.1611328125" y="36.2080078125"><a><text><string>Nombre</string></text></a></t></children></atr><atr id="9" nullable="false" attributeType="VARCHAR2(128)"><children><e id="a" x="568" y="33" w="80" h="26"><a><fillColor><color rgba="#ffffebeb"/></fillColor></a></e><t id="b" x="584.2666015625" y="38.7080078125"><a><text><string>Apellido</string></text></a></t></children></atr><atr id="c" nullable="false" attributeType="VARCHAR2(128)"><children><e id="d" x="630" y="85" w="90" h="22"><a><fillColor><color rgba="#ffffebeb"/></fillColor></a></e><t id="e" x="649.318359375" y="88.7080078125"><a><text><string>Telefono</string></text></a></t></children></atr><lcaf id="f"><points><p colinear="true" x="451.09202453987734" y="105" c1x="369" c1y="-26" c2x="369" c2y="-26"/><p colinear="true" x="529.8527607361963" y="154" c1x="369" c1y="-26" c2x="369" c2y="-26"/></points><startConnector><rConnector id="10"><Owner><atr ref="3"/></Owner></rConnector></startConnector><endConnector><rConnector id="11"><Owner><ent ref="0"/></Owner></rConnector></endConnector></lcaf><lcaf id="12"><points><p colinear="true" x="510.8888888888889" y="59" c1x="369" c1y="-26" c2x="369" c2y="-26"/><p colinear="true" x="553.1111111111111" y="154" c1x="369" c1y="-26" c2x="369" c2y="-26"/></points><startConnector><rConnector id="13"><Owner><atr ref="6"/></Owner></rConnector></startConnector><endConnector><rConnector id="14"><Owner><ent ref="0"/></Owner></rConnector></endConnector></lcaf><lcaf id="15"><points><p colinear="true" x="603.328125" y="59" c1x="369" c1y="-26" c2x="369" c2y="-26"/><p colinear="true" x="569.1875" y="154" c1x="369" c1y="-26" c2x="369" c2y="-26"/></points><startConnector><rConnector id="16"><Owner><atr ref="9"/></Owner></rConnector></startConnector><endConnector><rConnector id="17"><Owner><ent ref="0"/></Owner></rConnector></endConnector></lcaf><lcaf id="18"><points><p colinear="true" x="659.0641025641025" y="107" c1x="369" c1y="-26" c2x="369" c2y="-26"/><p colinear="true" x="590.974358974359" y="154" c1x="369" c1y="-26" c2x="369" c2y="-26"/></points><startConnector><rConnector id="19"><Owner><atr ref="c"/></Owner></rConnector></startConnector><endConnector><rConnector id="1a"><Owner><ent ref="0"/></Owner></rConnector></endConnector></lcaf><ent id="1b"><children><r id="1c" x="147" y="359" w="80" h="40"/><t id="1d" x="172.0732421875" y="371.7080078125"><a><text><string>Libro</string></text></a></t></children></ent><atr id="1e" nullable="false" attributeType="VARCHAR2(128)"><children><e id="1f" x="25" y="413" w="80" h="20"/><t id="20" x="48.20703125" y="415.7080078125"><a><text><string>Titulo</string></text></a></t></children></atr><atr id="21" nullable="false" attributeType="VARCHAR2(128)"><children><e id="22" x="74" y="484" w="78.29296875" h="34"/><t id="23" x="91.3466796875" y="493.7080078125"><a><text><string>Genero</string></text></a></t></children></atr><atr id="24" nullable="false" attributeType="VARCHAR2(128)"><children><e id="25" x="186" y="489" w="78" h="26"/><t id="26" x="209.771484375" y="494.7080078125"><a><text><string>ISBN</string></text></a></t></children></atr><atr id="27" nullable="false" attributeType="VARCHAR2(128)"><children><e id="28" x="277" y="420" w="72" h="27"/><t id="29" x="288.3583984375" y="426.2080078125"><a><text><string>Editorial</string></text></a></t></children></atr><lcaf id="2a"><points><p colinear="true" x="92.72727272727272" y="413" c1x="266" c1y="222" c2x="266" c2y="222"/><p colinear="true" x="147" y="393.42622950819674" c1x="266" c1y="222" c2x="266" c2y="222"/></points><startConnector><rConnector id="2b"><Owner><atr ref="1e"/></Owner></rConnector></startConnector><endConnector><rConnector id="2c"><Owner><ent ref="1b"/></Owner></rConnector></endConnector></lcaf><lcaf id="2d"><points><p colinear="true" x="123.43754802766395" y="484" c1x="266" c1y="222" c2x="266" c2y="222"/><p colinear="true" x="174.8928662909836" y="399" c1x="266" c1y="222" c2x="266" c2y="222"/></points><startConnector><rConnector id="2e"><Owner><atr ref="21"/></Owner></rConnector></startConnector><endConnector><rConnector id="2f"><Owner><ent ref="1b"/></Owner></rConnector></endConnector></lcaf><lcaf id="30"><points><p colinear="true" x="220.98373983739836" y="489" c1x="266" c1y="222" c2x="266" c2y="222"/><p colinear="true" x="193.1788617886179" y="399" c1x="266" c1y="222" c2x="266" c2y="222"/></points><startConnector><rConnector id="31"><Owner><atr ref="24"/></Owner></rConnector></startConnector><endConnector><rConnector id="32"><Owner><ent ref="1b"/></Owner></rConnector></endConnector></lcaf><lcaf id="33"><points><p colinear="true" x="281.7889908256881" y="420" c1x="266" c1y="222" c2x="266" c2y="222"/><p colinear="true" x="227" y="396.3015873015873" c1x="266" c1y="222" c2x="266" c2y="222"/></points><startConnector><rConnector id="34"><Owner><atr ref="27"/></Owner></rConnector></startConnector><endConnector><rConnector id="35"><Owner><ent ref="1b"/></Owner></rConnector></endConnector></lcaf><ent id="36"><children><r id="37" x="587" y="358" w="80" h="40"/><t id="38" x="598.67578125" y="370.7080078125"><a><text><string>Prestamo</string></text></a></t></children></ent><atr id="39" nullable="false" attributeType="VARCHAR2(128)"><children><e id="3a" x="696" y="473" w="96.865234375" h="43"/><t id="3b" x="706.7216796875" y="487.2080078125"><a><text><string>Fecha_retiro</string></text></a></t></children></atr><atr id="3c" nullable="false" attributeType="VARCHAR2(128)"><children><e id="3d" x="411" y="467" w="127.044921875" h="32"/><t id="3e" x="421" y="475.7080078125"><a><text><string>Fecha_devolucion</string></text></a></t></children></atr><atr id="3f" nullable="false" attributeType="VARCHAR2(128)"><children><e id="40" x="784" y="423" w="96" h="34"/><t id="41" x="788.171875" y="432.7080078125"><a><text><string>Cod_prestamo</string></text></a></t></children></atr><atr id="42" nullable="false" attributeType="VARCHAR2(128)"><children><e id="43" x="573" y="500" w="88" h="25"/><t id="44" x="589.2587890625" y="505.2080078125"><a><text><string>Direccion</string></text></a></t></children></atr><lcaf id="45"><points><p colinear="true" x="722.7605032859442" y="473" c1x="779" c1y="20" c2x="779" c2y="20"/><p colinear="true" x="647.1601059549356" y="398" c1x="779" c1y="20" c2x="779" c2y="20"/></points><startConnector><rConnector id="46"><Owner><atr ref="39"/></Owner></rConnector></startConnector><endConnector><rConnector id="47"><Owner><ent ref="36"/></Owner></rConnector></endConnector></lcaf><lcaf id="48"><points><p colinear="true" x="497.7571335565476" y="467" c1x="779" c1y="20" c2x="779" c2y="20"/><p colinear="true" x="597.9566592261905" y="398" c1x="779" c1y="20" c2x="779" c2y="20"/></points><startConnector><rConnector id="49"><Owner><atr ref="3c"/></Owner></rConnector></startConnector><endConnector><rConnector id="4a"><Owner><ent ref="36"/></Owner></rConnector></endConnector></lcaf><lcaf id="4b"><points><p colinear="true" x="784" y="425.4829268292683" c1x="779" c1y="20" c2x="779" c2y="20"/><p colinear="true" x="667" y="390.0975609756098" c1x="779" c1y="20" c2x="779" c2y="20"/></points><startConnector><rConnector id="4c"><Owner><atr ref="3f"/></Owner></rConnector></startConnector><endConnector><rConnector id="4d"><Owner><ent ref="36"/></Owner></rConnector></endConnector></lcaf><lcaf id="4e"><points><p colinear="true" x="617.9293680297397" y="500" c1x="779" c1y="20" c2x="779" c2y="20"/><p colinear="true" x="625.5130111524163" y="398" c1x="779" c1y="20" c2x="779" c2y="20"/></points><startConnector><rConnector id="4f"><Owner><atr ref="42"/></Owner></rConnector></startConnector><endConnector><rConnector id="50"><Owner><ent ref="36"/></Owner></rConnector></endConnector></lcaf><ent id="51"><children><r id="52" x="124" y="116" w="80" h="40"/><t id="53" x="147.53515625" y="128.7080078125"><a><text><string>Autor</string></text></a></t></children></ent><atr id="54" nullable="false" attributeType="VARCHAR2(128)"><children><e id="55" x="23" y="112" w="68.705078125" h="49"/><t id="56" x="33.513671875" y="129.2080078125"><a><text><string>Nombre</string></text></a></t></children></atr><atr id="57" nullable="false" attributeType="VARCHAR2(128)"><children><e id="58" x="63" y="57" w="81" h="37"/><t id="59" x="81.7001953125" y="68.2080078125"><a><text><string>Genero</string></text></a></t></children></atr><atr id="5a" nullable="false" attributeType="VARCHAR2(128)"><children><e id="5b" x="226" y="118" w="100.75390625" h="32"/><t id="5c" x="236" y="126.7080078125"><a><text><string>Codigo_autor</string></text></a></t></children></atr><lcaf id="5d"><points><p colinear="true" x="91.705078125" y="136.33894347431942" c1x="23" c1y="197" c2x="23" c2y="197"/><p colinear="true" x="124" y="136.18753376615052" c1x="23" c1y="197" c2x="23" c2y="197"/></points><startConnector><rConnector id="5e"><Owner><atr ref="54"/></Owner></rConnector></startConnector><endConnector><rConnector id="5f"><Owner><ent ref="51"/></Owner></rConnector></endConnector></lcaf><lcaf id="60"><points><p colinear="true" x="122" y="94" c1x="23" c1y="197" c2x="23" c2y="197"/><p colinear="true" x="144" y="116" c1x="23" c1y="197" c2x="23" c2y="197"/></points><startConnector><rConnector id="61"><Owner><atr ref="57"/></Owner></rConnector></startConnector><endConnector><rConnector id="62"><Owner><ent ref="51"/></Owner></rConnector></endConnector></lcaf><lcaf id="63"><points><p colinear="true" x="226" y="134.89657090220206" c1x="41.86274509803923" c1y="184" c2x="41.86274509803923" c2y="184"/><p colinear="true" x="204" y="135.2881102594852" c1x="41.86274509803923" c1y="184" c2x="41.86274509803923" c2y="184"/></points><startConnector><rConnector id="64"><Owner><atr ref="5a"/></Owner></rConnector></startConnector><endConnector><rConnector id="65"><Owner><ent ref="51"/></Owner></rConnector></endConnector></lcaf><ent id="66"><children><r id="67" x="881" y="178" w="89" h="40"/><t id="68" x="888.55078125" y="190.7080078125"><a><text><string>Bibliotecario</string></text></a></t></children></ent><atr id="69" nullable="false" attributeType="VARCHAR2(128)"><children><e id="6a" x="855" y="34" w="97.6484375" h="35"/><t id="6b" x="877.8759765625" y="44.2080078125"><a><text><string>Nombre </string></text></a></t></children></atr><atr id="6c" nullable="false" attributeType="VARCHAR2(128)"><children><e id="6d" x="758" y="101" w="122.78125" h="31"/><t id="6e" x="772.36328125" y="109.2080078125"><a><text><string>Id_Bibliotecario</string></text></a></t></children></atr><atr id="6f" nullable="false" attributeType="VARCHAR2(128)"><children><e id="70" x="988" y="48" w="97" h="27"/><t id="71" x="1012.7666015625" y="54.2080078125"><a><text><string>Apellido</string></text></a></t></children></atr><atr id="72" nullable="false" attributeType="VARCHAR2(128)"><children><e id="73" x="1014" y="162" w="93" h="33"/><t id="74" x="1043.0068359375" y="171.2080078125"><a><text><string>Turno</string></text></a></t></children></atr><lcaf id="75"><points><p colinear="true" x="906.4134758959044" y="69" c1x="428" c1y="232" c2x="428" c2y="232"/><p colinear="true" x="922.5408489761093" y="178" c1x="428" c1y="232" c2x="428" c2y="232"/></points><startConnector><rConnector id="76"><Owner><atr ref="69"/></Owner></rConnector></startConnector><endConnector><rConnector id="77"><Owner><ent ref="66"/></Owner></rConnector></endConnector></lcaf><lcaf id="78"><points><p colinear="true" x="839.5709355828221" y="132" c1x="428" c1y="232" c2x="428" c2y="232"/><p colinear="true" x="899.4608895705521" y="178" c1x="428" c1y="232" c2x="428" c2y="232"/></points><startConnector><rConnector id="79"><Owner><atr ref="6c"/></Owner></rConnector></startConnector><endConnector><rConnector id="7a"><Owner><ent ref="66"/></Owner></rConnector></endConnector></lcaf><lcaf id="7b"><points><p colinear="true" x="1025.521978021978" y="75" c1x="428" c1y="232" c2x="428" c2y="232"/><p colinear="true" x="941.7637362637363" y="178" c1x="428" c1y="232" c2x="428" c2y="232"/></points><startConnector><rConnector id="7c"><Owner><atr ref="6f"/></Owner></rConnector></startConnector><endConnector><rConnector id="7d"><Owner><ent ref="66"/></Owner></rConnector></endConnector></lcaf><lcaf id="7e"><points><p colinear="true" x="1014" y="185.21666666666667" c1x="428" c1y="232" c2x="428" c2y="232"/><p colinear="true" x="970" y="191.57222222222222" c1x="428" c1y="232" c2x="428" c2y="232"/></points><startConnector><rConnector id="7f"><Owner><atr ref="72"/></Owner></rConnector></startConnector><endConnector><rConnector id="80"><Owner><ent ref="66"/></Owner></rConnector></endConnector></lcaf><atr id="81" nullable="false" attributeType="VARCHAR2(128)"><children><e id="82" x="159" y="59" w="86" h="31"><a><fillColor><color rgba="#ffffebeb"/></fillColor></a></e><t id="83" x="167.705078125" y="67.2080078125"><a><text><string>Num_libros</string></text></a></t></children></atr><lcaf id="84"><points><p colinear="true" x="176.35772357723576" y="116" c1x="0" c1y="0" c2x="0" c2y="0"/><p colinear="true" x="192.4227642276423" y="90" c1x="0" c1y="0" c2x="0" c2y="0"/></points><startConnector><rConnector id="85"><Owner><ent ref="51"/></Owner></rConnector></startConnector><endConnector><rConnector id="86"><Owner><atr ref="81"/></Owner></rConnector></endConnector></lcaf><rel id="87"><children><diamond id="88" x="137" y="236" w="80" h="40"><a><fillColor><color rgba="#ffddddff"/></fillColor></a></diamond><t id="89" x="155.654296875" y="248.7080078125"><a><text><string>escribe</string></text></a></t></children></rel><rel id="8a"><children><diamond id="8b" x="379" y="239" w="80" h="40"><a><fillColor><color rgba="#ffddddff"/></fillColor></a></diamond><t id="8c" x="410.205078125" y="251.7080078125"><a><text><string>lee</string></text></a></t></children></rel><lcaf id="8d"><points><p colinear="true" x="174.83333333333331" y="236" c1x="0" c1y="0" c2x="0" c2y="0"/><p colinear="true" x="166.16666666666669" y="156" c1x="0" c1y="0" c2x="0" c2y="0"/></points><startConnector><rConnector id="8e"><Owner><rel ref="87"/></Owner></rConnector></startConnector><endConnector><rConnector id="8f"><Owner><ent ref="51"/></Owner></rConnector></endConnector></lcaf><lcaf id="90"><points><p colinear="true" x="178.6260162601626" y="276" c1x="0" c1y="0" c2x="0" c2y="0"/><p colinear="true" x="185.3739837398374" y="359" c1x="0" c1y="0" c2x="0" c2y="0"/></points><startConnector><rConnector id="91"><Owner><rel ref="87"/></Owner></rConnector></startConnector><endConnector><rConnector id="92"><Owner><ent ref="1b"/></Owner></rConnector></endConnector></lcaf><lcaf id="93"><points><p colinear="true" x="380.33333333333337" y="279" c1x="0" c1y="0" c2x="0" c2y="0"/><p colinear="true" x="225.66666666666666" y="359" c1x="0" c1y="0" c2x="0" c2y="0"/></points><startConnector><rConnector id="94"><Owner><rel ref="8a"/></Owner></rConnector></startConnector><endConnector><rConnector id="95"><Owner><ent ref="1b"/></Owner></rConnector></endConnector></lcaf><lcaf id="96"><points><p colinear="true" x="452.6470588235294" y="239" c1x="0" c1y="0" c2x="0" c2y="0"/><p colinear="true" x="528.3529411764706" y="194" c1x="0" c1y="0" c2x="0" c2y="0"/></points><startConnector><rConnector id="97"><Owner><rel ref="8a"/></Owner></rConnector></startConnector><endConnector><rConnector id="98"><Owner><ent ref="0"/></Owner></rConnector></endConnector></lcaf><rel id="99"><children><diamond id="9a" x="727" y="266" w="80" h="40"><a><fillColor><color rgba="#ffddddff"/></fillColor></a></diamond><t id="9b" x="747.212890625" y="278.7080078125"><a><text><string>realiza</string></text></a></t></children></rel><lcaf id="9c"><points><p colinear="true" x="736.5652173913044" y="306" c1x="0" c1y="0" c2x="0" c2y="0"/><p colinear="true" x="657.4347826086956" y="358" c1x="0" c1y="0" c2x="0" c2y="0"/></points><startConnector><rConnector id="9d"><Owner><rel ref="99"/></Owner></rConnector></startConnector><endConnector><rConnector id="9e"><Owner><ent ref="36"/></Owner></rConnector></endConnector></lcaf><lcaf id="9f"><points><p colinear="true" x="803.0227272727273" y="266" c1x="0" c1y="0" c2x="0" c2y="0"/><p colinear="true" x="889.4772727272727" y="218" c1x="0" c1y="0" c2x="0" c2y="0"/></points><startConnector><rConnector id="a0"><Owner><rel ref="99"/></Owner></rConnector></startConnector><endConnector><rConnector id="a1"><Owner><ent ref="66"/></Owner></rConnector></endConnector></lcaf></figures></drawing>