<drawing><figures><ent id="0"><children><r id="1" x="160" y="168" w="80" h="40"><a><fillColor><color rgba="#ffebffe8"/></fillColor></a></r><t id="2" x="179.2080078125" y="180.7080078125"><a><text><string>Cliente</string></text></a></t></children></ent><atr id="3" nullable="false" attributeType="VARCHAR2(128)"><children><e id="4" x="11" y="127" w="80" h="20"><a><fillColor><color rgba="#ffffebeb"/></fillColor></a></e><t id="5" x="27.1611328125" y="129.7080078125"><a><text><string>Nombre</string></text></a></t></children></atr><atr id="6" nullable="false" attributeType="VARCHAR2(128)"><children><e id="7" x="71" y="56" w="86" h="31"><a><fillColor><color rgba="#ffffebeb"/></fillColor></a></e><t id="8" x="76.0166015625" y="64.2080078125"><a><text><string>num. cuenta</string></text></a></t></children></atr><atr id="9" nullable="false" attributeType="VARCHAR2(128)"><children><e id="a" x="183" y="52" w="80" h="26"><a><fillColor><color rgba="#ffffebeb"/></fillColor></a></e><t id="b" x="197.318359375" y="57.7080078125"><a><text><string>Telefono</string></text></a></t></children></atr><atr id="c" nullable="false" attributeType="VARCHAR2(128)"><children><e id="d" x="295" y="67" w="80" h="20"><a><fillColor><color rgba="#ffffebeb"/></fillColor></a></e><t id="e" x="311.2666015625" y="69.7080078125"><a><text><string>Apellido</string></text></a></t></children></atr><lcaf id="f"><points><p colinear="true" x="80.2156862745098" y="147" c1x="-14" c1y="-12" c2x="-14" c2y="-12"/><p colinear="true" x="160" y="174.30872483221475" c1x="-14" c1y="-12" c2x="-14" c2y="-12"/></points><startConnector><rConnector id="10"><Owner><atr ref="3"/></Owner></rConnector></startConnector><endConnector><rConnector id="11"><Owner><ent ref="0"/></Owner></rConnector></endConnector></lcaf><lcaf id="12"><points><p colinear="true" x="125.44206008583691" y="87" c1x="-14" c1y="-12" c2x="-14" c2y="-12"/><p colinear="true" x="185.23605150214593" y="168" c1x="-14" c1y="-12" c2x="-14" c2y="-12"/></points><startConnector><rConnector id="13"><Owner><atr ref="6"/></Owner></rConnector></startConnector><endConnector><rConnector id="14"><Owner><ent ref="0"/></Owner></rConnector></endConnector></lcaf><lcaf id="15"><points><p colinear="true" x="220.5691056910569" y="78" c1x="-14" c1y="-12" c2x="-14" c2y="-12"/><p colinear="true" x="203.739837398374" y="168" c1x="-14" c1y="-12" c2x="-14" c2y="-12"/></points><startConnector><rConnector id="16"><Owner><atr ref="9"/></Owner></rConnector></startConnector><endConnector><rConnector id="17"><Owner><ent ref="0"/></Owner></rConnector></endConnector></lcaf><lcaf id="18"><points><p colinear="true" x="322.8378378378378" y="87" c1x="-14" c1y="-12" c2x="-14" c2y="-12"/><p colinear="true" x="224.32432432432432" y="168" c1x="-14" c1y="-12" c2x="-14" c2y="-12"/></points><startConnector><rConnector id="19"><Owner><atr ref="c"/></Owner></rConnector></startConnector><endConnector><rConnector id="1a"><Owner><ent ref="0"/></Owner></rConnector></endConnector></lcaf><ent id="1b"><children><r id="1c" x="543" y="169" w="80" h="40"/><t id="1d" x="561.6748046875" y="181.7080078125"><a><text><string>Cuenta</string></text></a></t></children></ent><atr id="1e" nullable="false" attributeType="VARCHAR2(128)"><children><e id="1f" x="390" y="99" w="80" h="20"/><t id="20" x="413.2685546875" y="101.7080078125"><a><text><string>Saldo</string></text></a></t></children></atr><atr id="21" nullable="false" attributeType="VARCHAR2(128)"><children><e id="22" x="435" y="38" w="137.29296875" h="42"/><t id="23" x="445" y="51.7080078125"><a><text><string>Tipo de transaccion</string></text></a></t></children></atr><atr id="24" nullable="false" attributeType="VARCHAR2(128)"><children><e id="25" x="589" y="38" w="146.943359375" h="38"/><t id="26" x="599" y="49.7080078125"><a><text><string>Fecha de transaccion</string></text></a></t></children></atr><atr id="27" nullable="false" attributeType="VARCHAR2(128)"><children><e id="28" x="690" y="101" w="89" h="27"/><t id="29" x="698.0078125" y="107.2080078125"><a><text><string>Num cuenta</string></text></a></t></children></atr><lcaf id="2a"><points><p colinear="true" x="449.125" y="119" c1x="393" c1y="8" c2x="393" c2y="8"/><p colinear="true" x="544.75" y="169" c1x="393" c1y="8" c2x="393" c2y="8"/></points><startConnector><rConnector id="2b"><Owner><atr ref="1e"/></Owner></rConnector></startConnector><endConnector><rConnector id="2c"><Owner><ent ref="1b"/></Owner></rConnector></endConnector></lcaf><lcaf id="2d"><points><p colinear="true" x="516.4651292067308" y="80" c1x="393" c1y="8" c2x="393" c2y="8"/><p colinear="true" x="570.7917668269231" y="169" c1x="393" c1y="8" c2x="393" c2y="8"/></points><startConnector><rConnector id="2e"><Owner><atr ref="21"/></Owner></rConnector></startConnector><endConnector><rConnector id="2f"><Owner><ent ref="1b"/></Owner></rConnector></endConnector></lcaf><lcaf id="30"><points><p colinear="true" x="651.0325742779356" y="76" c1x="393" c1y="8" c2x="393" c2y="8"/><p colinear="true" x="595.0411635890151" y="169" c1x="393" c1y="8" c2x="393" c2y="8"/></points><startConnector><rConnector id="31"><Owner><atr ref="24"/></Owner></rConnector></startConnector><endConnector><rConnector id="32"><Owner><ent ref="1b"/></Owner></rConnector></endConnector></lcaf><lcaf id="33"><points><p colinear="true" x="707.0469798657717" y="128" c1x="393" c1y="8" c2x="393" c2y="8"/><p colinear="true" x="623" y="169.33003300330034" c1x="393" c1y="8" c2x="393" c2y="8"/></points><startConnector><rConnector id="34"><Owner><atr ref="27"/></Owner></rConnector></startConnector><endConnector><rConnector id="35"><Owner><ent ref="1b"/></Owner></rConnector></endConnector></lcaf><ent id="36"><children><r id="37" x="956" y="163" w="80" h="40"/><t id="38" x="970.2421875" y="175.7080078125"><a><text><string>Sucursal</string></text></a></t></children></ent><atr id="39" nullable="false" attributeType="VARCHAR2(128)"><children><e id="3a" x="806" y="96" w="92" h="26"/><t id="3b" x="816.1640625" y="101.7080078125"><a><text><string>Id_Sucursal</string></text></a></t></children></atr><atr id="3c" nullable="false" attributeType="VARCHAR2(128)"><children><e id="3d" x="857" y="34" w="95" h="25"/><t id="3e" x="880.4033203125" y="39.2080078125"><a><text><string>Gerente</string></text></a></t></children></atr><atr id="3f" nullable="false" attributeType="VARCHAR2(128)"><children><e id="40" x="971" y="34" w="89" h="25"/><t id="41" x="986.783203125" y="39.2080078125"><a><text><string>Ubicacion</string></text></a></t></children></atr><atr id="42" nullable="false" attributeType="VARCHAR2(128)"><children><e id="43" x="1032" y="90" w="88" h="20"/><t id="44" x="1050.318359375" y="92.7080078125"><a><text><string>Telefono</string></text></a></t></children></atr><lcaf id="45"><points><p colinear="true" x="877.2972972972973" y="122" c1x="779" c1y="20" c2x="779" c2y="20"/><p colinear="true" x="957.081081081081" y="163" c1x="779" c1y="20" c2x="779" c2y="20"/></points><startConnector><rConnector id="46"><Owner><atr ref="39"/></Owner></rConnector></startConnector><endConnector><rConnector id="47"><Owner><ent ref="36"/></Owner></rConnector></endConnector></lcaf><lcaf id="48"><points><p colinear="true" x="912.8791208791208" y="59" c1x="779" c1y="20" c2x="779" c2y="20"/><p colinear="true" x="982.5934065934066" y="163" c1x="779" c1y="20" c2x="779" c2y="20"/></points><startConnector><rConnector id="49"><Owner><atr ref="3c"/></Owner></rConnector></startConnector><endConnector><rConnector id="4a"><Owner><ent ref="36"/></Owner></rConnector></endConnector></lcaf><lcaf id="4b"><points><p colinear="true" x="1013.7142857142857" y="59" c1x="779" c1y="20" c2x="779" c2y="20"/><p colinear="true" x="998.8571428571429" y="163" c1x="779" c1y="20" c2x="779" c2y="20"/></points><startConnector><rConnector id="4c"><Owner><atr ref="3f"/></Owner></rConnector></startConnector><endConnector><rConnector id="4d"><Owner><ent ref="36"/></Owner></rConnector></endConnector></lcaf><lcaf id="4e"><points><p colinear="true" x="1066.3614457831325" y="110" c1x="779" c1y="20" c2x="779" c2y="20"/><p colinear="true" x="1015.277108433735" y="163" c1x="779" c1y="20" c2x="779" c2y="20"/></points><startConnector><rConnector id="4f"><Owner><atr ref="42"/></Owner></rConnector></startConnector><endConnector><rConnector id="50"><Owner><ent ref="36"/></Owner></rConnector></endConnector></lcaf><ent id="51"><children><r id="52" x="182" y="393" w="80" h="40"/><t id="53" x="186.275390625" y="405.7080078125"><a><text><string>Transaccion</string></text></a></t></children></ent><atr id="54" nullable="false" attributeType="VARCHAR2(128)"><children><e id="55" x="38" y="557" w="80" h="20"/><t id="56" x="60.451171875" y="559.7080078125"><a><text><string>Fecha</string></text></a></t></children></atr><atr id="57" nullable="false" attributeType="VARCHAR2(128)"><children><e id="58" x="139" y="528" w="80" h="20"/><t id="59" x="160.4990234375" y="530.7080078125"><a><text><string>Monto</string></text></a></t></children></atr><atr id="5a" nullable="false" attributeType="VARCHAR2(128)"><children><e id="5b" x="233" y="530" w="108.939453125" h="20"/><t id="5c" x="243" y="532.7080078125"><a><text><string>Id_transaccion</string></text></a></t></children></atr><atr id="5d" nullable="false" attributeType="VARCHAR2(128)"><children><e id="5e" x="377" y="539" w="80" h="20"/><t id="5f" x="385.5966796875" y="541.7080078125"><a><text><string>Id_Cuenta</string></text></a></t></children></atr><lcaf id="60"><points><p colinear="true" x="87.35064935064935" y="557" c1x="4" c1y="221" c2x="4" c2y="221"/><p colinear="true" x="203.2987012987013" y="433" c1x="4" c1y="221" c2x="4" c2y="221"/></points><startConnector><rConnector id="61"><Owner><atr ref="54"/></Owner></rConnector></startConnector><endConnector><rConnector id="62"><Owner><ent ref="51"/></Owner></rConnector></endConnector></lcaf><lcaf id="63"><points><p colinear="true" x="182.44" y="528" c1x="4" c1y="221" c2x="4" c2y="221"/><p colinear="true" x="215.12" y="433" c1x="4" c1y="221" c2x="4" c2y="221"/></points><startConnector><rConnector id="64"><Owner><atr ref="57"/></Owner></rConnector></startConnector><endConnector><rConnector id="65"><Owner><ent ref="51"/></Owner></rConnector></endConnector></lcaf><lcaf id="66"><points><p colinear="true" x="282.3146299827756" y="530" c1x="4" c1y="221" c2x="4" c2y="221"/><p colinear="true" x="232.31019315944883" y="433" c1x="4" c1y="221" c2x="4" c2y="221"/></points><startConnector><rConnector id="67"><Owner><atr ref="5a"/></Owner></rConnector></startConnector><endConnector><rConnector id="68"><Owner><ent ref="51"/></Owner></rConnector></endConnector></lcaf><lcaf id="69"><points><p colinear="true" x="402.6617647058823" y="539" c1x="22.862745098039227" c1y="208" c2x="22.862745098039227" c2y="208"/><p colinear="true" x="250.6764705882353" y="433" c1x="22.862745098039227" c1y="208" c2x="22.862745098039227" c2y="208"/></points><startConnector><rConnector id="6a"><Owner><atr ref="5d"/></Owner></rConnector></startConnector><endConnector><rConnector id="6b"><Owner><ent ref="51"/></Owner></rConnector></endConnector></lcaf><ent id="6c"><children><r id="6d" x="736" y="355" w="80" h="40"/><t id="6e" x="743.1875" y="367.7080078125"><a><text><string>Trabajador</string></text></a></t></children></ent><atr id="6f" nullable="false" attributeType="VARCHAR2(128)"><children><e id="70" x="558" y="502" w="80" h="20"/><t id="71" x="574.1611328125" y="504.7080078125"><a><text><string>Nombre</string></text></a></t></children></atr><atr id="72" nullable="false" attributeType="VARCHAR2(128)"><children><e id="73" x="553" y="382" w="122.78125" h="20"/><t id="74" x="571.5" y="384.7080078125"><a><text><string>Id_Trabajador</string></text></a></t></children></atr><atr id="75" nullable="false" attributeType="VARCHAR2(128)"><children><e id="76" x="728" y="476" w="97" h="20"/><t id="77" x="755.6962890625" y="478.7080078125"><a><text><string>Salario</string></text></a></t></children></atr><atr id="78" nullable="false" attributeType="VARCHAR2(128)"><children><e id="79" x="856" y="447" w="100" h="20"/><t id="7a" x="888.2666015625" y="449.7080078125"><a><text><string>Cargo</string></text></a></t></children></atr><lcaf id="7b"><points><p colinear="true" x="610.992700729927" y="502" c1x="428" c1y="232" c2x="428" c2y="232"/><p colinear="true" x="750.0145985401459" y="395" c1x="428" c1y="232" c2x="428" c2y="232"/></points><startConnector><rConnector id="7c"><Owner><atr ref="6f"/></Owner></rConnector></startConnector><endConnector><rConnector id="7d"><Owner><ent ref="6c"/></Owner></rConnector></endConnector></lcaf><lcaf id="7e"><points><p colinear="true" x="675.78125" y="385.5422024557672" c1x="428" c1y="232" c2x="428" c2y="232"/><p colinear="true" x="736" y="379.20767668954846" c1x="428" c1y="232" c2x="428" c2y="232"/></points><startConnector><rConnector id="7f"><Owner><atr ref="72"/></Owner></rConnector></startConnector><endConnector><rConnector id="80"><Owner><ent ref="6c"/></Owner></rConnector></endConnector></lcaf><lcaf id="81"><points><p colinear="true" x="776.4549549549549" y="476" c1x="428" c1y="232" c2x="428" c2y="232"/><p colinear="true" x="776.0900900900901" y="395" c1x="428" c1y="232" c2x="428" c2y="232"/></points><startConnector><rConnector id="82"><Owner><atr ref="75"/></Owner></rConnector></startConnector><endConnector><rConnector id="83"><Owner><ent ref="6c"/></Owner></rConnector></endConnector></lcaf><lcaf id="84"><points><p colinear="true" x="890.1463414634146" y="447" c1x="428" c1y="232" c2x="428" c2y="232"/><p colinear="true" x="807.7073170731708" y="395" c1x="428" c1y="232" c2x="428" c2y="232"/></points><startConnector><rConnector id="85"><Owner><atr ref="78"/></Owner></rConnector></startConnector><endConnector><rConnector id="86"><Owner><ent ref="6c"/></Owner></rConnector></endConnector></lcaf><rel id="87"><children><diamond id="88" x="340" y="166" w="80" h="40"><a><fillColor><color rgba="#ffddddff"/></fillColor></a></diamond><t id="89" x="365.0439453125" y="178.7080078125"><a><text><string>tiene</string></text></a></t></children></rel><lcaf id="8a"><points><p colinear="true" x="340" y="186.44444444444446" c1x="0" c1y="0" c2x="0" c2y="0"/><p colinear="true" x="240" y="187.55555555555554" c1x="0" c1y="0" c2x="0" c2y="0"/></points><startConnector><rConnector id="8b"><Owner><rel ref="87"/></Owner></rConnector></startConnector><endConnector><rConnector id="8c"><Owner><ent ref="0"/></Owner></rConnector></endConnector></lcaf><lcaf id="8d"><points><p colinear="true" x="420" y="186.59113300492612" c1x="0" c1y="0" c2x="0" c2y="0"/><p colinear="true" x="543" y="188.40886699507388" c1x="0" c1y="0" c2x="0" c2y="0"/></points><startConnector><rConnector id="8e"><Owner><rel ref="87"/></Owner></rConnector></startConnector><endConnector><rConnector id="8f"><Owner><ent ref="1b"/></Owner></rConnector></endConnector></lcaf><rel id="90"><children><diamond id="91" x="743" y="165" w="80" h="40"><a><fillColor><color rgba="#ffddddff"/></fillColor></a></diamond><t id="92" x="756.873046875" y="177.7080078125"><a><text><string>asociado</string></text></a></t></children></rel><lcaf id="93"><points><p colinear="true" x="743" y="185.8" c1x="0" c1y="0" c2x="0" c2y="0"/><p colinear="true" x="623" y="188.2" c1x="0" c1y="0" c2x="0" c2y="0"/></points><startConnector><rConnector id="94"><Owner><rel ref="90"/></Owner></rConnector></startConnector><endConnector><rConnector id="95"><Owner><ent ref="1b"/></Owner></rConnector></endConnector></lcaf><lcaf id="96"><points><p colinear="true" x="823" y="184.6244131455399" c1x="0" c1y="0" c2x="0" c2y="0"/><p colinear="true" x="956" y="183.3755868544601" c1x="0" c1y="0" c2x="0" c2y="0"/></points><startConnector><rConnector id="97"><Owner><rel ref="90"/></Owner></rConnector></startConnector><endConnector><rConnector id="98"><Owner><ent ref="36"/></Owner></rConnector></endConnector></lcaf><rel id="99"><children><diamond id="9a" x="312" y="288" w="80" h="40"><a><fillColor><color rgba="#ffddddff"/></fillColor></a></diamond><t id="9b" x="331.3662109375" y="300.7080078125"><a><text><string>origina</string></text></a></t></children></rel><lcaf id="9c"><points><p colinear="true" x="390.8235294117647" y="288" c1x="0" c1y="0" c2x="0" c2y="0"/><p colinear="true" x="544.1764705882352" y="209" c1x="0" c1y="0" c2x="0" c2y="0"/></points><startConnector><rConnector id="9d"><Owner><rel ref="99"/></Owner></rConnector></startConnector><endConnector><rConnector id="9e"><Owner><ent ref="1b"/></Owner></rConnector></endConnector></lcaf><lcaf id="9f"><points><p colinear="true" x="327.23809523809524" y="328" c1x="0" c1y="0" c2x="0" c2y="0"/><p colinear="true" x="246.76190476190476" y="393" c1x="0" c1y="0" c2x="0" c2y="0"/></points><startConnector><rConnector id="a0"><Owner><rel ref="99"/></Owner></rConnector></startConnector><endConnector><rConnector id="a1"><Owner><ent ref="51"/></Owner></rConnector></endConnector></lcaf><rel id="a2"><children><diamond id="a3" x="847" y="274" w="80" h="40"><a><fillColor><color rgba="#ffddddff"/></fillColor></a></diamond><t id="a4" x="857.1171875" y="286.7080078125"><a><text><string>pertenece</string></text></a></t></children></rel><lcaf id="a5"><points><p colinear="true" x="859.5925925925926" y="314" c1x="0" c1y="0" c2x="0" c2y="0"/><p colinear="true" x="803.4074074074074" y="355" c1x="0" c1y="0" c2x="0" c2y="0"/></points><startConnector><rConnector id="a6"><Owner><rel ref="a2"/></Owner></rConnector></startConnector><endConnector><rConnector id="a7"><Owner><ent ref="6c"/></Owner></rConnector></endConnector></lcaf><lcaf id="a8"><points><p colinear="true" x="906.6396396396397" y="274" c1x="0" c1y="0" c2x="0" c2y="0"/><p colinear="true" x="976.3603603603603" y="203" c1x="0" c1y="0" c2x="0" c2y="0"/></points><startConnector><rConnector id="a9"><Owner><rel ref="a2"/></Owner></rConnector></startConnector><endConnector><rConnector id="aa"><Owner><ent ref="36"/></Owner></rConnector></endConnector></lcaf></figures></drawing>