<drawing><figures><lcaf id="0"><points><p colinear="true" x="401.75471698113205" y="245" c1x="0" c1y="16" c2x="0" c2y="16"/><p colinear="true" x="479.28930817610063" y="291" c1x="0" c1y="16" c2x="0" c2y="16"/></points><startConnector><rConnector id="1"><Owner><atrchaveparcial id="2" nullable="false" attributeType="NUMBER"><children><e id="3" x="346" y="218" w="66" h="27"><a><fillColor><color rgba="#ffffebeb"/></fillColor></a></e><t id="4" x="352.2109375" y="224.2080078125"><a><strokeDashes><doubleArray><double>3</double></doubleArray></strokeDashes><fontBold><boolean>true</boolean></fontBold><text><string>Numero</string></text></a></t></children></atrchaveparcial></Owner></rConnector></startConnector><endConnector><rConnector id="5"><Owner><ent id="6"><children><r id="7" x="473" y="291" w="80" h="40"><a><fillColor><color rgba="#ffebffe8"/></fillColor></a></r><t id="8" x="492.84375" y="303.7080078125"><a><text><string>Cuarto</string></text></a></t></children></ent></Owner></rConnector></endConnector></lcaf><atrchaveparcial ref="2"/><lcaf id="9"><points><p colinear="true" x="416.1111111111111" y="203" c1x="0" c1y="16" c2x="0" c2y="16"/><p colinear="true" x="495.0576131687243" y="291" c1x="0" c1y="16" c2x="0" c2y="16"/></points><startConnector><rConnector id="a"><Owner><atrchaveparcial id="b" nullable="false" attributeType="NUMBER"><children><e id="c" x="373" y="176" w="62" h="27"><a><fillColor><color rgba="#ffffebeb"/></fillColor></a></e><t id="d" x="389.873046875" y="182.2080078125"><a><strokeDashes><doubleArray><double>3</double></doubleArray></strokeDashes><fontBold><boolean>true</boolean></fontBold><text><string>Piso</string></text></a></t></children></atrchaveparcial></Owner></rConnector></startConnector><endConnector><rConnector id="e"><Owner><ent ref="6"/></Owner></rConnector></endConnector></lcaf><atrchaveparcial ref="b"/><lcaf id="f"><points><p colinear="true" x="512.7068422559405" y="331" c1x="64.40062983109055" c1y="72" c2x="64.40062983109055" c2y="72"/><p colinear="true" x="512.1498425422274" y="369" c1x="64.40062983109055" c1y="72" c2x="64.40062983109055" c2y="72"/></points><startConnector><rConnector id="10"><Owner><ent ref="6"/></Owner></rConnector></startConnector><endConnector><rConnector id="11"><Owner><disjuncao id="12"><children><circ id="13" x="502" y="369" w="20" h="20"><a><fillColor><color rgba="#fff5f2e0"/></fillColor></a></circ><tn id="14" x="506" y="370"><a><fontBold><boolean>true</boolean></fontBold><fontSize><double>16</double></fontSize><text><string>d</string></text></a></tn></children></disjuncao></Owner></rConnector></endConnector></lcaf><ent id="15"><children><r id="16" x="131" y="102" w="106.560546875" h="40"><a><fillColor><color rgba="#ffebffe8"/></fillColor></a></r><t id="17" x="141" y="114.7080078125"><a><text><string>Departamento</string></text></a></t></children></ent><ent ref="6"/><ent id="18"><children><r id="19" x="155" y="412" w="100" h="40"><a><fillColor><color rgba="#ffebffe8"/></fillColor></a></r><t id="1a" x="168.2646484375" y="424.7080078125"><a><text><string>Amenidades</string></text></a></t></children></ent><ent id="1b"><children><r id="1c" x="377" y="442" w="80" h="40"><a><fillColor><color rgba="#ffebffe8"/></fillColor></a></r><t id="1d" x="390.4130859375" y="454.7080078125"><a><text><string>Estandar</string></text></a></t></children></ent><ent id="1e"><children><r id="1f" x="476" y="480" w="80" h="40"><a><fillColor><color rgba="#ffebffe8"/></fillColor></a></r><t id="20" x="503.15625" y="492.7080078125"><a><text><string>Lujo</string></text></a></t></children></ent><ent id="21"><children><r id="22" x="591" y="441" w="80" h="40"><a><fillColor><color rgba="#ffebffe8"/></fillColor></a></r><t id="23" x="600.384765625" y="453.7080078125"><a><text><string>SuperLujo</string></text></a></t></children></ent><rel id="24"><children><diamond id="25" x="304" y="102" w="80" h="40"><a><fillColor><color rgba="#ffddddff"/></fillColor></a></diamond><t id="26" x="329.0439453125" y="114.7080078125"><a><text><string>tiene</string></text></a></t></children></rel><llabelUm id="27"><points><p colinear="true" x="304" y="122" c1x="63" c1y="72" c2x="63" c2y="72"/><p colinear="true" x="237.560546875" y="122" c1x="63" c1y="72" c2x="63" c2y="72"/></points><startConnector><rConnector id="28"><Owner><rel ref="24"/></Owner></rConnector></startConnector><endConnector><rConnector id="29"><Owner><ent ref="15"/></Owner></rConnector></endConnector></llabelUm><rel id="2a"><children><diamond id="2b" x="473" y="192" w="80" h="40"><a><fillColor><color rgba="#ffddddff"/></fillColor></a></diamond><t id="2c" x="498.0439453125" y="204.7080078125"><a><text><string>tiene</string></text></a></t></children></rel><llabelDoubleMuitos id="2d"><points><p colinear="true" x="513" y="192" c1x="63" c1y="72" c2x="63" c2y="72"/><p colinear="true" x="513" y="142" c1x="63" c1y="72" c2x="63" c2y="72"/></points><startConnector><rConnector id="2e"><Owner><rel ref="2a"/></Owner></rConnector></startConnector><endConnector><rConnector id="2f"><Owner><ent id="30"><children><r id="31" x="473" y="102" w="80" h="40"><a><fillColor><color rgba="#ffebffe8"/></fillColor></a></r><t id="32" x="497.2646484375" y="114.7080078125"><a><text><string>Hotel</string></text></a></t></children></ent></Owner></rConnector></endConnector><a><innerStrokeWidthFactor><double>3</double></innerStrokeWidthFactor><text><string>N</string></text></a></llabelDoubleMuitos><llabelDoubleMuitos id="33"><points><p colinear="true" x="384" y="122" c1x="63" c1y="72" c2x="63" c2y="72"/><p colinear="true" x="473" y="122" c1x="63" c1y="72" c2x="63" c2y="72"/></points><startConnector><rConnector id="34"><Owner><rel ref="24"/></Owner></rConnector></startConnector><endConnector><rConnector id="35"><Owner><ent ref="30"/></Owner></rConnector></endConnector><a><innerStrokeWidthFactor><double>3</double></innerStrokeWidthFactor><text><string>N</string></text></a></llabelDoubleMuitos><disjuncao ref="12"/><generalizacaoLine id="36"><points><p colinear="true" x="502" y="387.9360608552632" c1x="63" c1y="72" c2x="63" c2y="72"/><p colinear="true" x="439.9531404841678" y="442" c1x="63" c1y="72" c2x="63" c2y="72"/></points><startConnector><rConnector id="37"><Owner><disjuncao ref="12"/></Owner></rConnector></startConnector><endConnector><rConnector id="38"><Owner><ent ref="1b"/></Owner></rConnector></endConnector></generalizacaoLine><generalizacaoLine id="39"><points><p colinear="true" x="512.3385620492254" y="389.4453125" c1x="63" c1y="72" c2x="63" c2y="72"/><p colinear="true" x="515.337624114622" y="480" c1x="63" c1y="72" c2x="63" c2y="72"/></points><startConnector><rConnector id="3a"><Owner><disjuncao ref="12"/></Owner></rConnector></startConnector><endConnector><rConnector id="3b"><Owner><ent ref="1e"/></Owner></rConnector></endConnector></generalizacaoLine><generalizacaoLine id="3c"><points><p colinear="true" x="522" y="386.0947019432773" c1x="63" c1y="72" c2x="63" c2y="72"/><p colinear="true" x="601.8965846668259" y="441" c1x="63" c1y="72" c2x="63" c2y="72"/></points><startConnector><rConnector id="3d"><Owner><disjuncao ref="12"/></Owner></rConnector></startConnector><endConnector><rConnector id="3e"><Owner><ent ref="21"/></Owner></rConnector></endConnector></generalizacaoLine><rel id="3f"><children><diamond id="40" x="164" y="290" w="80" h="40"><a><fillColor><color rgba="#ffddddff"/></fillColor></a></diamond><t id="41" x="189.0439453125" y="302.7080078125"><a><text><string>tiene</string></text></a></t></children></rel><llabelMuitos id="42"><points><p colinear="true" x="244" y="310.1294498381877" c1x="63" c1y="72" c2x="63" c2y="72"/><p colinear="true" x="473" y="310.8705501618123" c1x="63" c1y="72" c2x="63" c2y="72"/></points><startConnector><rConnector id="43"><Owner><rel ref="3f"/></Owner></rConnector></startConnector><endConnector><rConnector id="44"><Owner><ent ref="6"/></Owner></rConnector></endConnector><a><text><string>N</string></text></a></llabelMuitos><llabelMuitos id="45"><points><p colinear="true" x="204.1639344262295" y="330" c1x="63" c1y="72" c2x="63" c2y="72"/><p colinear="true" x="204.8360655737705" y="412" c1x="63" c1y="72" c2x="63" c2y="72"/></points><startConnector><rConnector id="46"><Owner><rel ref="3f"/></Owner></rConnector></startConnector><endConnector><rConnector id="47"><Owner><ent ref="18"/></Owner></rConnector></endConnector><a><text><string>M</string></text></a></llabelMuitos><ent id="48"><children><r id="49" x="758" y="291" w="80" h="40"><a><fillColor><color rgba="#ffebffe8"/></fillColor></a></r><t id="4a" x="773.8388671875" y="303.7080078125"><a><text><string>Reserva</string></text></a></t></children></ent><rel id="4b"><children><diamond id="4c" x="622" y="292" w="87" h="40"><a><fillColor><color rgba="#ffddddff"/></fillColor></a></diamond><t id="4d" x="637.0556640625" y="304.7080078125"><a><text><string>comparte</string></text></a></t></children></rel><llabelDoubleUm id="4e"><points><p colinear="true" x="622" y="311.71475409836063" c1x="63" c1y="72" c2x="63" c2y="72"/><p colinear="true" x="553" y="311.26229508196724" c1x="63" c1y="72" c2x="63" c2y="72"/></points><startConnector><rConnector id="4f"><Owner><rel ref="4b"/></Owner></rConnector></startConnector><endConnector><rConnector id="50"><Owner><ent ref="6"/></Owner></rConnector></endConnector><a><innerStrokeWidthFactor><double>3</double></innerStrokeWidthFactor></a></llabelDoubleUm><llabelDoubleUm id="51"><points><p colinear="true" x="709" y="311.6716981132075" c1x="63" c1y="72" c2x="63" c2y="72"/><p colinear="true" x="758" y="311.3018867924528" c1x="63" c1y="72" c2x="63" c2y="72"/></points><startConnector><rConnector id="52"><Owner><rel ref="4b"/></Owner></rConnector></startConnector><endConnector><rConnector id="53"><Owner><ent ref="48"/></Owner></rConnector></endConnector><a><innerStrokeWidthFactor><double>3</double></innerStrokeWidthFactor></a></llabelDoubleUm><rel id="54"><children><diamond id="55" x="758" y="190" w="80" h="40"><a><fillColor><color rgba="#ffddddff"/></fillColor></a></diamond><t id="56" x="778.212890625" y="202.7080078125"><a><text><string>realiza</string></text></a></t></children></rel><ent id="57"><children><r id="58" x="756" y="106" w="81" h="40"><a><fillColor><color rgba="#ffebffe8"/></fillColor></a></r><t id="59" x="775.7080078125" y="118.7080078125"><a><text><string>Cliente</string></text></a></t></children></ent><llabelMuitos id="5a"><points><p colinear="true" x="797.6428571428571" y="190" c1x="63" c1y="72" c2x="63" c2y="72"/><p colinear="true" x="796.8571428571429" y="146" c1x="63" c1y="72" c2x="63" c2y="72"/></points><startConnector><rConnector id="5b"><Owner><rel ref="54"/></Owner></rConnector></startConnector><endConnector><rConnector id="5c"><Owner><ent ref="57"/></Owner></rConnector></endConnector><a><text><string>N</string></text></a></llabelMuitos><llabelUm id="5d"><points><p colinear="true" x="798" y="230" c1x="63" c1y="72" c2x="63" c2y="72"/><p colinear="true" x="798" y="291" c1x="63" c1y="72" c2x="63" c2y="72"/></points><startConnector><rConnector id="5e"><Owner><rel ref="54"/></Owner></rConnector></startConnector><endConnector><rConnector id="5f"><Owner><ent ref="48"/></Owner></rConnector></endConnector></llabelUm><ent id="60"><children><r id="61" x="942" y="86" w="80" h="40"><a><fillColor><color rgba="#ffebffe8"/></fillColor></a></r><t id="62" x="950.48828125" y="98.7080078125"><a><text><string>Extranjero</string></text></a></t></children></ent><ent id="63"><children><r id="64" x="942" y="142" w="80" h="40"><a><fillColor><color rgba="#ffebffe8"/></fillColor></a></r><t id="65" x="956.447265625" y="154.7080078125"><a><text><string>Nacional</string></text></a></t></children></ent><disjuncao id="66"><children><circ id="67" x="872" y="114" w="21" h="20"><a><fillColor><color rgba="#fff5f2e0"/></fillColor></a></circ><tn id="68" x="876.1999999999999" y="115"><a><fontBold><boolean>true</boolean></fontBold><fontSize><double>16</double></fontSize><text><string>d</string></text></a></tn></children></disjuncao><lcaf id="69"><points><p colinear="true" x="837" y="125.16299509447674" c1x="63" c1y="72" c2x="63" c2y="72"/><p colinear="true" x="872" y="124.43965752180233" c1x="63" c1y="72" c2x="63" c2y="72"/></points><startConnector><rConnector id="6a"><Owner><ent ref="57"/></Owner></rConnector></startConnector><endConnector><rConnector id="6b"><Owner><disjuncao ref="66"/></Owner></rConnector></endConnector></lcaf><generalizacaoLine id="6c"><points><p colinear="true" x="893" y="122.29966237437186" c1x="63" c1y="72" c2x="63" c2y="72"/><p colinear="true" x="942" y="113.32569095477388" c1x="63" c1y="72" c2x="63" c2y="72"/></points><startConnector><rConnector id="6d"><Owner><disjuncao ref="66"/></Owner></rConnector></startConnector><endConnector><rConnector id="6e"><Owner><ent ref="60"/></Owner></rConnector></endConnector></generalizacaoLine><generalizacaoLine id="6f"><points><p colinear="true" x="893" y="128.20921011306532" c1x="63" c1y="72" c2x="63" c2y="72"/><p colinear="true" x="942" y="146.81312814070353" c1x="63" c1y="72" c2x="63" c2y="72"/></points><startConnector><rConnector id="70"><Owner><disjuncao ref="66"/></Owner></rConnector></startConnector><endConnector><rConnector id="71"><Owner><ent ref="63"/></Owner></rConnector></endConnector></generalizacaoLine><atr id="72" nullable="false" attributeType="VARCHAR2(128)"><children><e id="73" x="62" y="172" w="80" h="20"><a><fillColor><color rgba="#ffffebeb"/></fillColor></a></e><t id="74" x="78.1611328125" y="174.7080078125"><a><text><string>Nombre</string></text></a></t></children></atr><atrchave id="75" nullable="false" attributeType="NUMBER"><children><e id="76" x="169" y="173" w="149.76171875" h="20"><a><fillColor><color rgba="#ffffebeb"/></fillColor></a></e><t id="77" x="183.0078125" y="175.7080078125"><a><fontUnderlined><boolean>true</boolean></fontUnderlined><fontBold><boolean>true</boolean></fontBold><text><string>ID_Departamento</string></text></a></t></children></atrchave><lcaf id="78"><points><p colinear="true" x="156.853515625" y="142" c1x="0" c1y="16" c2x="0" c2y="16"/><p colinear="true" x="115.71337890625" y="172" c1x="0" c1y="16" c2x="0" c2y="16"/></points><startConnector><rConnector id="79"><Owner><ent ref="15"/></Owner></rConnector></startConnector><endConnector><rConnector id="7a"><Owner><atr ref="72"/></Owner></rConnector></endConnector></lcaf><lcaf id="7b"><points><p colinear="true" x="203.82144915471312" y="142" c1x="0" c1y="16" c2x="0" c2y="16"/><p colinear="true" x="234.11027151639342" y="173" c1x="0" c1y="16" c2x="0" c2y="16"/></points><startConnector><rConnector id="7c"><Owner><ent ref="15"/></Owner></rConnector></startConnector><endConnector><rConnector id="7d"><Owner><atrchave ref="75"/></Owner></rConnector></endConnector></lcaf><atrchave id="7e" nullable="false" attributeType="NUMBER"><children><e id="7f" x="340" y="44" w="80" h="20"><a><fillColor><color rgba="#ffffebeb"/></fillColor></a></e><t id="80" x="356.978515625" y="46.7080078125"><a><fontUnderlined><boolean>true</boolean></fontUnderlined><fontBold><boolean>true</boolean></fontBold><text><string>Codigo</string></text></a></t></children></atrchave><atr id="81" nullable="false" attributeType="VARCHAR2(128)"><children><e id="82" x="399" y="19" w="80" h="20"><a><fillColor><color rgba="#ffffebeb"/></fillColor></a></e><t id="83" x="415.1611328125" y="21.7080078125"><a><text><string>Nombre</string></text></a></t></children></atr><atrderivado id="84"><children><e id="85" x="487" y="19" w="106.560546875" h="20"><a><fillColor><color rgba="#ffffebeb"/></fillColor><strokeDashes><doubleArray><double>5</double></doubleArray></strokeDashes></a></e><t id="86" x="497" y="21.7080078125"><a><text><string>Departamento</string></text></a></t></children></atrderivado><lcaf id="87"><points><p colinear="true" x="399.55882352941177" y="64" c1x="0" c1y="16" c2x="0" c2y="16"/><p colinear="true" x="473.88235294117646" y="102" c1x="0" c1y="16" c2x="0" c2y="16"/></points><startConnector><rConnector id="88"><Owner><atrchave ref="7e"/></Owner></rConnector></startConnector><endConnector><rConnector id="89"><Owner><ent ref="30"/></Owner></rConnector></endConnector></lcaf><lcaf id="8a"><points><p colinear="true" x="446.9569892473118" y="39" c1x="0" c1y="16" c2x="0" c2y="16"/><p colinear="true" x="497.0860215053763" y="102" c1x="0" c1y="16" c2x="0" c2y="16"/></points><startConnector><rConnector id="8b"><Owner><atr ref="81"/></Owner></rConnector></startConnector><endConnector><rConnector id="8c"><Owner><ent ref="30"/></Owner></rConnector></endConnector></lcaf><lcaf id="8d"><points><p colinear="true" x="537.346910702285" y="39" c1x="0" c1y="16" c2x="0" c2y="16"/><p colinear="true" x="518.8667254704301" y="102" c1x="0" c1y="16" c2x="0" c2y="16"/></points><startConnector><rConnector id="8e"><Owner><atrderivado ref="84"/></Owner></rConnector></startConnector><endConnector><rConnector id="8f"><Owner><ent ref="30"/></Owner></rConnector></endConnector></lcaf><atr id="90" nullable="false" attributeType="VARCHAR2(128)"><children><e id="91" x="566" y="54" w="87" h="20"><a><fillColor><color rgba="#ffffebeb"/></fillColor></a></e><t id="92" x="581.7587890625" y="56.7080078125"><a><text><string>Direccion</string></text></a></t></children></atr><lcaf id="93"><points><p colinear="true" x="592.8620689655172" y="74" c1x="0" c1y="16" c2x="0" c2y="16"/><p colinear="true" x="546.2758620689656" y="102" c1x="0" c1y="16" c2x="0" c2y="16"/></points><startConnector><rConnector id="94"><Owner><atr ref="90"/></Owner></rConnector></startConnector><endConnector><rConnector id="95"><Owner><ent ref="30"/></Owner></rConnector></endConnector></lcaf><atrchave id="96" nullable="false" attributeType="NUMBER"><children><e id="97" x="56" y="374" w="125.990234375" h="20"><a><fillColor><color rgba="#ffffebeb"/></fillColor></a></e><t id="98" x="66" y="376.7080078125"><a><fontUnderlined><boolean>true</boolean></fontUnderlined><fontBold><boolean>true</boolean></fontBold><text><string>Id_Amenidades</string></text></a></t></children></atrchave><atr id="99" nullable="false" attributeType="VARCHAR2(128)"><children><e id="9a" x="76" y="474" w="80" h="20"><a><fillColor><color rgba="#ffffebeb"/></fillColor></a></e><t id="9b" x="92.1611328125" y="476.7080078125"><a><text><string>Nombre</string></text></a></t></children></atr><lcaf id="9c"><points><p colinear="true" x="136.91280110677081" y="394" c1x="0" c1y="16" c2x="0" c2y="16"/><p colinear="true" x="169.16463216145831" y="412" c1x="0" c1y="16" c2x="0" c2y="16"/></points><startConnector><rConnector id="9d"><Owner><atrchave ref="96"/></Owner></rConnector></startConnector><endConnector><rConnector id="9e"><Owner><ent ref="18"/></Owner></rConnector></endConnector></lcaf><lcaf id="9f"><points><p colinear="true" x="133.1153846153846" y="474" c1x="0" c1y="16" c2x="0" c2y="16"/><p colinear="true" x="170.76923076923077" y="452" c1x="0" c1y="16" c2x="0" c2y="16"/></points><startConnector><rConnector id="a0"><Owner><atr ref="99"/></Owner></rConnector></startConnector><endConnector><rConnector id="a1"><Owner><ent ref="18"/></Owner></rConnector></endConnector></lcaf><atr id="a2" nullable="false" attributeType="VARCHAR2(128)"><children><e id="a3" x="441" y="568" w="117.171875" h="20"><a><fillColor><color rgba="#ffffebeb"/></fillColor></a></e><t id="a4" x="451" y="570.7080078125"><a><text><string>TarifaAnticipada</string></text></a></t></children></atr><atr id="a5" nullable="false" attributeType="VARCHAR2(128)"><children><e id="a6" x="580" y="536" w="118.5546875" h="20"><a><fillColor><color rgba="#ffffebeb"/></fillColor></a></e><t id="a7" x="590" y="538.7080078125"><a><text><string>SIN/CON Balcon</string></text></a></t></children></atr><atr id="a8" nullable="false" attributeType="VARCHAR2(128)"><children><e id="a9" x="702" y="499" w="117.171875" h="20"><a><fillColor><color rgba="#ffffebeb"/></fillColor></a></e><t id="aa" x="712" y="501.7080078125"><a><text><string>TarifaAnticipada</string></text></a></t></children></atr><lcaf id="ab"><points><p colinear="true" x="511.791266025641" y="520" c1x="0" c1y="16" c2x="0" c2y="16"/><p colinear="true" x="501.6903044871795" y="568" c1x="0" c1y="16" c2x="0" c2y="16"/></points><startConnector><rConnector id="ac"><Owner><ent ref="1e"/></Owner></rConnector></startConnector><endConnector><rConnector id="ad"><Owner><atr ref="a2"/></Owner></rConnector></endConnector></lcaf><lcaf id="ae"><points><p colinear="true" x="632.9476102941177" y="481" c1x="0" c1y="16" c2x="0" c2y="16"/><p colinear="true" x="638.3035386029412" y="536" c1x="0" c1y="16" c2x="0" c2y="16"/></points><startConnector><rConnector id="af"><Owner><ent ref="21"/></Owner></rConnector></startConnector><endConnector><rConnector id="b0"><Owner><atr ref="a5"/></Owner></rConnector></endConnector></lcaf><lcaf id="b1"><points><p colinear="true" x="671" y="475.81642249954785" c1x="0" c1y="16" c2x="0" c2y="16"/><p colinear="true" x="733.5888671875" y="499" c1x="0" c1y="16" c2x="0" c2y="16"/></points><startConnector><rConnector id="b2"><Owner><ent ref="21"/></Owner></rConnector></startConnector><endConnector><rConnector id="b3"><Owner><atr ref="a8"/></Owner></rConnector></endConnector></lcaf><atr id="b4" nullable="false" attributeType="VARCHAR2(128)"><children><e id="b5" x="312" y="265" w="80" h="20"><a><fillColor><color rgba="#ffffebeb"/></fillColor></a></e><t id="b6" x="326.5732421875" y="267.7080078125"><a><text><string>ValorDia</string></text></a></t></children></atr><atr id="b7" nullable="false" attributeType="VARCHAR2(128)"><children><e id="b8" x="314" y="330" w="92" h="20"><a><fillColor><color rgba="#ffffebeb"/></fillColor></a></e><t id="b9" x="321.7060546875" y="332.7080078125"><a><text><string>Num_Camas</string></text></a></t></children></atr><lcaf id="ba"><points><p colinear="true" x="392" y="283.944099378882" c1x="0" c1y="16" c2x="0" c2y="16"/><p colinear="true" x="473" y="302.055900621118" c1x="0" c1y="16" c2x="0" c2y="16"/></points><startConnector><rConnector id="bb"><Owner><atr ref="b4"/></Owner></rConnector></startConnector><endConnector><rConnector id="bc"><Owner><ent ref="6"/></Owner></rConnector></endConnector></lcaf><lcaf id="bd"><points><p colinear="true" x="406" y="331.281045751634" c1x="0" c1y="16" c2x="0" c2y="16"/><p colinear="true" x="473" y="318.58169934640523" c1x="0" c1y="16" c2x="0" c2y="16"/></points><startConnector><rConnector id="be"><Owner><atr ref="b7"/></Owner></rConnector></startConnector><endConnector><rConnector id="bf"><Owner><ent ref="6"/></Owner></rConnector></endConnector></lcaf><atr id="c0" nullable="false" attributeType="VARCHAR2(128)"><children><e id="c1" x="593" y="366" w="102.623046875" h="20"><a><fillColor><color rgba="#ffffebeb"/></fillColor></a></e><t id="c2" x="603" y="368.7080078125"><a><text><string>Valor_Pagado</string></text></a></t></children></atr><lcaf id="c3"><points><p colinear="true" x="658.8786010742188" y="332" c1x="0" c1y="16" c2x="0" c2y="16"/><p colinear="true" x="647.6222229003906" y="366" c1x="0" c1y="16" c2x="0" c2y="16"/></points><startConnector><rConnector id="c4"><Owner><rel ref="4b"/></Owner></rConnector></startConnector><endConnector><rConnector id="c5"><Owner><atr ref="c0"/></Owner></rConnector></endConnector></lcaf><atr id="c6" nullable="false" attributeType="VARCHAR2(128)"><children><e id="c7" x="623" y="241" w="80" h="20"><a><fillColor><color rgba="#ffffebeb"/></fillColor></a></e><t id="c8" x="640.2890625" y="243.7080078125"><a><text><string>Alquiler</string></text></a></t></children></atr><atr id="c9" nullable="false" attributeType="VARCHAR2(128)"><children><e id="ca" x="556" y="206" w="80" h="20"><a><fillColor><color rgba="#ffffebeb"/></fillColor></a></e><t id="cb" x="578.451171875" y="208.7080078125"><a><text><string>Fecha</string></text></a></t></children></atr><atr id="cc" nullable="false" attributeType="VARCHAR2(128)"><children><e id="cd" x="609" y="161" w="103.1796875" h="20"><a><fillColor><color rgba="#ffffebeb"/></fillColor></a></e><t id="ce" x="619" y="163.7080078125"><a><text><string>Hora_Entrada</string></text></a></t></children></atr><atr id="cf" nullable="false" attributeType="VARCHAR2(128)"><children><e id="d0" x="670" y="201" w="80" h="20"><a><fillColor><color rgba="#ffffebeb"/></fillColor></a></e><t id="d1" x="673.53125" y="203.7080078125"><a><text><string>Hora_Salida</string></text></a></t></children></atr><lcaf id="d2"><points><p colinear="true" x="663.4098360655738" y="261" c1x="0" c1y="16" c2x="0" c2y="16"/><p colinear="true" x="664.6803278688525" y="292" c1x="0" c1y="16" c2x="0" c2y="16"/></points><startConnector><rConnector id="d3"><Owner><atr ref="c6"/></Owner></rConnector></startConnector><endConnector><rConnector id="d4"><Owner><rel ref="4b"/></Owner></rConnector></endConnector></lcaf><lcaf id="d5"><points><p colinear="true" x="615.1428571428571" y="226" c1x="0" c1y="16" c2x="0" c2y="16"/><p colinear="true" x="643.8571428571429" y="241" c1x="0" c1y="16" c2x="0" c2y="16"/></points><startConnector><rConnector id="d6"><Owner><atr ref="c9"/></Owner></rConnector></startConnector><endConnector><rConnector id="d7"><Owner><atr ref="c6"/></Owner></rConnector></endConnector></lcaf><lcaf id="d8"><points><p colinear="true" x="660.89111328125" y="181" c1x="0" c1y="16" c2x="0" c2y="16"/><p colinear="true" x="662.69873046875" y="241" c1x="0" c1y="16" c2x="0" c2y="16"/></points><startConnector><rConnector id="d9"><Owner><atr ref="cc"/></Owner></rConnector></startConnector><endConnector><rConnector id="da"><Owner><atr ref="c6"/></Owner></rConnector></endConnector></lcaf><lcaf id="db"><points><p colinear="true" x="698.25" y="221" c1x="0" c1y="16" c2x="0" c2y="16"/><p colinear="true" x="674.75" y="241" c1x="0" c1y="16" c2x="0" c2y="16"/></points><startConnector><rConnector id="dc"><Owner><atr ref="cf"/></Owner></rConnector></startConnector><endConnector><rConnector id="dd"><Owner><atr ref="c6"/></Owner></rConnector></endConnector></lcaf><atr id="de" nullable="false" attributeType="VARCHAR2(128)"><children><e id="df" x="681" y="343" w="108.716796875" h="20"><a><fillColor><color rgba="#ffffebeb"/></fillColor></a></e><t id="e0" x="691" y="345.7080078125"><a><text><string>Inicio_Reserva</string></text></a></t></children></atr><atr id="e1" nullable="false" attributeType="VARCHAR2(128)"><children><e id="e2" x="756" y="397" w="92" h="20"><a><fillColor><color rgba="#ffffebeb"/></fillColor></a></e><t id="e3" x="762.3203125" y="399.7080078125"><a><text><string>CantidadDias</string></text></a></t></children></atr><atr id="e4" nullable="false" attributeType="VARCHAR2(128)"><children><e id="e5" x="832" y="424" w="112.578125" h="20"><a><fillColor><color rgba="#ffffebeb"/></fillColor></a></e><t id="e6" x="842" y="426.7080078125"><a><text><string>FechaRealizada</string></text></a></t></children></atr><atrchave id="e7" nullable="false" attributeType="NUMBER"><children><e id="e8" x="871" y="366" w="80" h="20"><a><fillColor><color rgba="#ffffebeb"/></fillColor></a></e><t id="e9" x="872.15234375" y="368.7080078125"><a><fontUnderlined><boolean>true</boolean></fontUnderlined><fontBold><boolean>true</boolean></fontBold><text><string>Id_Reserva</string></text></a></t></children></atrchave><atrderivado id="ea"><children><e id="eb" x="883" y="276" w="103.9296875" h="20"><a><fillColor><color rgba="#ffffebeb"/></fillColor><strokeDashes><doubleArray><double>5</double></doubleArray></strokeDashes></a></e><t id="ec" x="893" y="278.7080078125"><a><text><string>Datos_Cliente</string></text></a></t></children></atrderivado><atrderivado id="ed"><children><e id="ee" x="881" y="327" w="102.658203125" h="20"><a><fillColor><color rgba="#ffffebeb"/></fillColor><strokeDashes><doubleArray><double>5</double></doubleArray></strokeDashes></a></e><t id="ef" x="891" y="329.7080078125"><a><text><string>Datos_Cuarto</string></text></a></t></children></atrderivado><lcaf id="f0"><points><p colinear="true" x="768.170665922619" y="331" c1x="0" c1y="16" c2x="0" c2y="16"/><p colinear="true" x="750.2730654761905" y="343" c1x="0" c1y="16" c2x="0" c2y="16"/></points><startConnector><rConnector id="f1"><Owner><ent ref="48"/></Owner></rConnector></startConnector><endConnector><rConnector id="f2"><Owner><atr ref="de"/></Owner></rConnector></endConnector></lcaf><lcaf id="f3"><points><p colinear="true" x="798.8333333333334" y="331" c1x="0" c1y="16" c2x="0" c2y="16"/><p colinear="true" x="801.5833333333334" y="397" c1x="0" c1y="16" c2x="0" c2y="16"/></points><startConnector><rConnector id="f4"><Owner><ent ref="48"/></Owner></rConnector></startConnector><endConnector><rConnector id="f5"><Owner><atr ref="e1"/></Owner></rConnector></endConnector></lcaf><lcaf id="f6"><points><p colinear="true" x="812.6811483739838" y="331" c1x="0" c1y="16" c2x="0" c2y="16"/><p colinear="true" x="880.9484883130082" y="424" c1x="0" c1y="16" c2x="0" c2y="16"/></points><startConnector><rConnector id="f7"><Owner><ent ref="48"/></Owner></rConnector></startConnector><endConnector><rConnector id="f8"><Owner><atr ref="e4"/></Owner></rConnector></endConnector></lcaf><lcaf id="f9"><points><p colinear="true" x="832.7692307692307" y="331" c1x="0" c1y="16" c2x="0" c2y="16"/><p colinear="true" x="893.6153846153846" y="366" c1x="0" c1y="16" c2x="0" c2y="16"/></points><startConnector><rConnector id="fa"><Owner><ent ref="48"/></Owner></rConnector></startConnector><endConnector><rConnector id="fb"><Owner><atrchave ref="e7"/></Owner></rConnector></endConnector></lcaf><lcaf id="fc"><points><p colinear="true" x="838" y="303.69885634429454" c1x="0" c1y="16" c2x="0" c2y="16"/><p colinear="true" x="883" y="295.4850697316259" c1x="0" c1y="16" c2x="0" c2y="16"/></points><startConnector><rConnector id="fd"><Owner><ent ref="48"/></Owner></rConnector></startConnector><endConnector><rConnector id="fe"><Owner><atrderivado ref="ea"/></Owner></rConnector></endConnector></lcaf><lcaf id="ff"><points><p colinear="true" x="838" y="318.74217937813063" c1x="0" c1y="16" c2x="0" c2y="16"/><p colinear="true" x="881" y="327.065022209621" c1x="0" c1y="16" c2x="0" c2y="16"/></points><startConnector><rConnector id="100"><Owner><ent ref="48"/></Owner></rConnector></startConnector><endConnector><rConnector id="101"><Owner><atrderivado ref="ed"/></Owner></rConnector></endConnector></lcaf><atr id="102" nullable="false" attributeType="VARCHAR2(128)"><children><e id="103" x="758" y="67" w="80" h="20"><a><fillColor><color rgba="#ffffebeb"/></fillColor></a></e><t id="104" x="774.1611328125" y="69.7080078125"><a><text><string>Nombre</string></text></a></t></children></atr><atr id="105" nullable="false" attributeType="VARCHAR2(128)"><children><e id="106" x="685" y="32" w="80" h="20"><a><fillColor><color rgba="#ffffebeb"/></fillColor></a></e><t id="107" x="701.1611328125" y="34.7080078125"><a><text><string>Nombre</string></text></a></t></children></atr><atr id="108" nullable="false" attributeType="VARCHAR2(128)"><children><e id="109" x="759" y="5" w="80" h="20"><a><fillColor><color rgba="#ffffebeb"/></fillColor></a></e><t id="10a" x="767.7900390625" y="7.7080078125"><a><text><string>Ap_Pterno</string></text></a></t></children></atr><atr id="10b" nullable="false" attributeType="VARCHAR2(128)"><children><e id="10c" x="831" y="30" w="80" h="20"><a><fillColor><color rgba="#ffffebeb"/></fillColor></a></e><t id="10d" x="834.748046875" y="32.7080078125"><a><text><string>Ap_Materno</string></text></a></t></children></atr><lcaf id="10e"><points><p colinear="true" x="797.6938775510204" y="87" c1x="0" c1y="0" c2x="0" c2y="0"/><p colinear="true" x="797.1122448979592" y="106" c1x="0" c1y="0" c2x="0" c2y="0"/></points><startConnector><rConnector id="10f"><Owner><atr ref="102"/></Owner></rConnector></startConnector><endConnector><rConnector id="110"><Owner><ent ref="57"/></Owner></rConnector></endConnector></lcaf><lcaf id="111"><points><p colinear="true" x="745.8571428571429" y="52" c1x="0" c1y="0" c2x="0" c2y="0"/><p colinear="true" x="777.1428571428571" y="67" c1x="0" c1y="0" c2x="0" c2y="0"/></points><startConnector><rConnector id="112"><Owner><atr ref="105"/></Owner></rConnector></startConnector><endConnector><rConnector id="113"><Owner><atr ref="102"/></Owner></rConnector></endConnector></lcaf><lcaf id="114"><points><p colinear="true" x="798.8387096774194" y="25" c1x="0" c1y="0" c2x="0" c2y="0"/><p colinear="true" x="798.1612903225806" y="67" c1x="0" c1y="0" c2x="0" c2y="0"/></points><startConnector><rConnector id="115"><Owner><atr ref="108"/></Owner></rConnector></startConnector><endConnector><rConnector id="116"><Owner><atr ref="102"/></Owner></rConnector></endConnector></lcaf><lcaf id="117"><points><p colinear="true" x="851.2702702702703" y="50" c1x="0" c1y="0" c2x="0" c2y="0"/><p colinear="true" x="817.7297297297298" y="67" c1x="0" c1y="0" c2x="0" c2y="0"/></points><startConnector><rConnector id="118"><Owner><atr ref="10b"/></Owner></rConnector></startConnector><endConnector><rConnector id="119"><Owner><atr ref="102"/></Owner></rConnector></endConnector></lcaf><atr id="11a" nullable="false" attributeType="VARCHAR2(128)"><children><e id="11b" x="942" y="30" w="80" h="20"><a><fillColor><color rgba="#ffffebeb"/></fillColor></a></e><t id="11c" x="952.169921875" y="32.7080078125"><a><text><string>Pasaporte</string></text></a></t></children></atr><atr id="11d" nullable="false" attributeType="VARCHAR2(128)"><children><e id="11e" x="1027" y="60" w="80" h="20"><a><fillColor><color rgba="#ffffebeb"/></fillColor></a></e><t id="11f" x="1055.005859375" y="62.7080078125"><a><text><string>Pais</string></text></a></t></children></atr><atr id="120" nullable="false" attributeType="VARCHAR2(128)"><children><e id="121" x="982" y="223" w="80" h="20"><a><fillColor><color rgba="#ffffebeb"/></fillColor></a></e><t id="122" x="1010.36328125" y="225.7080078125"><a><text><string>DNI</string></text></a></t></children></atr><lcaf id="123"><points><p colinear="true" x="993.2676056338028" y="182" c1x="0" c1y="0" c2x="0" c2y="0"/><p colinear="true" x="1016.3661971830986" y="223" c1x="0" c1y="0" c2x="0" c2y="0"/></points><startConnector><rConnector id="124"><Owner><ent ref="63"/></Owner></rConnector></startConnector><endConnector><rConnector id="125"><Owner><atr ref="120"/></Owner></rConnector></endConnector></lcaf><lcaf id="126"><points><p colinear="true" x="982" y="86" c1x="0" c1y="0" c2x="0" c2y="0"/><p colinear="true" x="982" y="50" c1x="0" c1y="0" c2x="0" c2y="0"/></points><startConnector><rConnector id="127"><Owner><ent ref="60"/></Owner></rConnector></startConnector><endConnector><rConnector id="128"><Owner><atr ref="11a"/></Owner></rConnector></endConnector></lcaf><lcaf id="129"><points><p colinear="true" x="1022" y="89.05882352941177" c1x="0" c1y="0" c2x="0" c2y="0"/><p colinear="true" x="1043.388888888889" y="80" c1x="0" c1y="0" c2x="0" c2y="0"/></points><startConnector><rConnector id="12a"><Owner><ent ref="60"/></Owner></rConnector></startConnector><endConnector><rConnector id="12b"><Owner><atr ref="11d"/></Owner></rConnector></endConnector></lcaf><ent ref="30"/><lcaf id="12c"><points><p colinear="true" x="512.7068422559405" y="331" c1x="69.40062983109055" c1y="77" c2x="69.40062983109055" c2y="77"/><p colinear="true" x="512.1498425422274" y="369" c1x="69.40062983109055" c1y="77" c2x="69.40062983109055" c2y="77"/></points><startConnector><rConnector id="12d"><Owner><ent ref="6"/></Owner></rConnector></startConnector><endConnector><rConnector id="12e"><Owner><disjuncao ref="12"/></Owner></rConnector></endConnector></lcaf><atrmulti id="12f" nullable="false" attributeType="VARCHAR2(128)"><children><e id="130" x="837" y="71" w="80" h="20"><a><fillColor><color rgba="#ffffebeb"/></fillColor><strokeType><enum type="strokeType">DOUBLE</enum></strokeType><innerStrokeWidthFactor><double>3</double></innerStrokeWidthFactor></a></e><t id="131" x="851.318359375" y="73.7080078125"><a><text><string>Telefono</string></text></a></t></children></atrmulti><lcaf id="132"><points><p colinear="true" x="859.1111111111111" y="91" c1x="0" c1y="0" c2x="0" c2y="0"/><p colinear="true" x="832.2777777777778" y="106" c1x="0" c1y="0" c2x="0" c2y="0"/></points><startConnector><rConnector id="133"><Owner><atrmulti ref="12f"/></Owner></rConnector></startConnector><endConnector><rConnector id="134"><Owner><ent ref="57"/></Owner></rConnector></endConnector></lcaf><atrchave id="135" nullable="false" attributeType="NUMBER"><children><e id="136" x="830" y="165" w="80" h="20"><a><fillColor><color rgba="#ffffebeb"/></fillColor></a></e><t id="137" x="834.84375" y="167.7080078125"><a><fontUnderlined><boolean>true</boolean></fontUnderlined><fontBold><boolean>true</boolean></fontBold><text><string>Id_Cliente</string></text></a></t></children></atrchave><lcaf id="138"><points><p colinear="true" x="855" y="165" c1x="0" c1y="0" c2x="0" c2y="0"/><p colinear="true" x="826.5" y="146" c1x="0" c1y="0" c2x="0" c2y="0"/></points><startConnector><rConnector id="139"><Owner><atrchave ref="135"/></Owner></rConnector></startConnector><endConnector><rConnector id="13a"><Owner><ent ref="57"/></Owner></rConnector></endConnector></lcaf><llabelDoubleMuitos id="13b"><points><p colinear="true" x="513" y="232" c1x="0" c1y="0" c2x="0" c2y="0"/><p colinear="true" x="513" y="291" c1x="0" c1y="0" c2x="0" c2y="0"/></points><startConnector><rConnector id="13c"><Owner><rel ref="2a"/></Owner></rConnector></startConnector><endConnector><rConnector id="13d"><Owner><ent ref="6"/></Owner></rConnector></endConnector><a><innerStrokeWidthFactor><double>3</double></innerStrokeWidthFactor><text><string>M</string></text></a></llabelDoubleMuitos><rel id="13e"><children><diamond id="13f" x="614" y="105" w="80" h="40"><a><fillColor><color rgba="#ffddddff"/></fillColor></a></diamond><t id="140" x="624.984375" y="117.7080078125"><a><text><string>hospedan</string></text></a></t></children></rel><llabelMuitos id="141"><points><p colinear="true" x="694" y="125.28070175438597" c1x="0" c1y="0" c2x="0" c2y="0"/><p colinear="true" x="756" y="125.71578947368421" c1x="0" c1y="0" c2x="0" c2y="0"/></points><startConnector><rConnector id="142"><Owner><rel ref="13e"/></Owner></rConnector></startConnector><endConnector><rConnector id="143"><Owner><ent ref="57"/></Owner></rConnector></endConnector><a><text><string>N</string></text></a></llabelMuitos><llabelUm id="144"><points><p colinear="true" x="614" y="124.14893617021276" c1x="0" c1y="0" c2x="0" c2y="0"/><p colinear="true" x="553" y="122.85106382978724" c1x="0" c1y="0" c2x="0" c2y="0"/></points><startConnector><rConnector id="145"><Owner><rel ref="13e"/></Owner></rConnector></startConnector><endConnector><rConnector id="146"><Owner><ent ref="30"/></Owner></rConnector></endConnector></llabelUm><lcaf id="147"><points><p colinear="true" x="837" y="122.15626523447557" c1x="-4.528663486577443" c1y="67.54539820111802" c2x="-4.528663486577443" c2y="67.54539820111802"/><p colinear="true" x="831.0249702182768" y="122.72333757267441"/><p colinear="true" x="854" y="121"/><p colinear="true" x="860" y="121"/><p colinear="true" x="866.0249702182768" y="122"/><p colinear="true" x="872" y="122.80609488809641" c1x="-4.528663486577443" c1y="67.54539820111802" c2x="-4.528663486577443" c2y="67.54539820111802"/></points><startConnector><rConnector id="148"><Owner><ent ref="57"/></Owner></rConnector></startConnector><endConnector><rConnector id="149"><Owner><disjuncao ref="66"/></Owner></rConnector></endConnector></lcaf><lcaf id="14a"><points><p colinear="true" x="517.1196775402213" y="331" c1x="-66" c1y="-3.066654775753932" c2x="-66" c2y="-3.066654775753932"/><p colinear="true" x="516.6993235894746" y="328.9592871206899"/><p colinear="true" x="516.1423238757615" y="366.9592871206899"/><p colinear="true" x="515.453011371636" y="369" c1x="-66" c1y="-3.066654775753932" c2x="-66" c2y="-3.066654775753932"/></points><startConnector><rConnector id="14b"><Owner><ent ref="6"/></Owner></rConnector></startConnector><endConnector><rConnector id="14c"><Owner><disjuncao ref="12"/></Owner></rConnector></endConnector></lcaf></figures></drawing>