<drawing><figures><lcaf id="0"><points><p colinear="true" x="521" y="110.65811965811966" c1x="357" c1y="-105" c2x="357" c2y="-105"/><p colinear="true" x="558" y="110.34188034188034" c1x="357" c1y="-105" c2x="357" c2y="-105"/></points><startConnector><rConnector id="1"><Owner><atr id="2" nullable="false" attributeType="VARCHAR2(128)"><children><e id="3" x="441" y="101" w="80" h="20"><a><fillColor><color rgba="#ffffebeb"/></fillColor></a></e><t id="4" x="449.9248046875" y="103.7080078125"><a><text><string>A_Paterno</string></text></a></t></children></atr></Owner></rConnector></startConnector><endConnector><rConnector id="5"><Owner><atr id="6" nullable="false" attributeType="VARCHAR2(128)"><children><e id="7" x="558" y="100" w="80" h="20"><a><fillColor><color rgba="#ffffebeb"/></fillColor></a></e><t id="8" x="574.1611328125" y="102.7080078125"><a><text><string>Nombre</string></text></a></t></children></atr></Owner></rConnector></endConnector></lcaf><lcaf id="9"><points><p colinear="true" x="534.6315789473684" y="82" c1x="357" c1y="-105" c2x="357" c2y="-105"/><p colinear="true" x="575.3684210526316" y="100" c1x="357" c1y="-105" c2x="357" c2y="-105"/></points><startConnector><rConnector id="a"><Owner><atr id="b" nullable="false" attributeType="VARCHAR2(128)"><children><e id="c" x="472" y="62" w="80" h="20"><a><fillColor><color rgba="#ffffebeb"/></fillColor></a></e><t id="d" x="488.1611328125" y="64.7080078125"><a><text><string>Nombre</string></text></a></t></children></atr></Owner></rConnector></startConnector><endConnector><rConnector id="e"><Owner><atr ref="6"/></Owner></rConnector></endConnector></lcaf><atr ref="b"/><atr ref="2"/><atr ref="6"/><llabelUm id="f"><points><p colinear="true" x="440" y="232.25806451612902" c1x="-20" c1y="18" c2x="-20" c2y="18"/><p colinear="true" x="365" y="232.74193548387098" c1x="-20" c1y="18" c2x="-20" c2y="18"/></points><startConnector><rConnector id="10"><Owner><rel id="11"><children><diamond id="12" x="440" y="212" w="80" h="40"><a><fillColor><color rgba="#ffddddff"/></fillColor></a></diamond><t id="13" x="465.2724609375" y="224.7080078125"><a><text><string>tutor</string></text></a></t></children></rel></Owner></rConnector></startConnector><endConnector><rConnector id="14"><Owner><ent id="15"><children><r id="16" x="285" y="213" w="80" h="40"><a><fillColor><color rgba="#ffebffe8"/></fillColor></a></r><t id="17" x="300.16796875" y="225.7080078125"><a><text><string>Profesor</string></text></a></t></children></ent></Owner></rConnector></endConnector></llabelUm><rel ref="11"/><ent id="18"><children><r id="19" x="664" y="56" w="75" h="40"><a><fillColor><color rgba="#ffebffe8"/></fillColor></a></r><t id="1a" x="678.6806640625" y="68.7080078125"><a><text><string>Alumno</string></text></a></t></children></ent><ent ref="15"/><sobreposicao id="1b"><children><circ id="1c" x="691" y="142" w="20" h="20"><a><fillColor><color rgba="#fff5f2e0"/></fillColor></a></circ><tn id="1d" x="695" y="143"><a><fontBold><boolean>true</boolean></fontBold><fontSize><double>16</double></fontSize><text><string>o</string></text></a></tn></children></sobreposicao><ent id="1e"><children><r id="1f" x="602" y="212" w="80" h="40"><a><fillColor><color rgba="#ffebffe8"/></fillColor></a></r><t id="20" x="611.818359375" y="224.7080078125"><a><text><string>A_Becario</string></text></a></t></children></ent><ent id="21"><children><r id="22" x="732" y="211" w="100" h="40"><a><fillColor><color rgba="#ffebffe8"/></fillColor></a></r><t id="23" x="744.3798828125" y="223.7080078125"><a><text><string>A_noBecario</string></text></a></t></children></ent><lcaf id="24"><points><p colinear="true" x="700.875" y="96" c1x="23" c1y="-143" c2x="23" c2y="-143"/><p colinear="true" x="700" y="124"/><p colinear="true" x="700.6377854671281" y="142" c1x="23" c1y="-143" c2x="23" c2y="-143"/></points><startConnector><rConnector id="25"><Owner><ent ref="18"/></Owner></rConnector></startConnector><endConnector><rConnector id="26"><Owner><sobreposicao ref="1b"/></Owner></rConnector></endConnector></lcaf><generalizacaoLine id="27"><points><p colinear="true" x="693.4397493022573" y="162.4453125" c1x="47" c1y="-64" c2x="47" c2y="-64"/><p colinear="true" x="656.7911668217206" y="212" c1x="47" c1y="-64" c2x="47" c2y="-64"/></points><startConnector><rConnector id="28"><Owner><sobreposicao ref="1b"/></Owner></rConnector></startConnector><endConnector><rConnector id="29"><Owner><ent ref="1e"/></Owner></rConnector></endConnector></generalizacaoLine><generalizacaoLine id="2a"><points><p colinear="true" x="711" y="161.94825424382717" c1x="47" c1y="-64" c2x="47" c2y="-64"/><p colinear="true" x="761.4357118064164" y="211" c1x="47" c1y="-64" c2x="47" c2y="-64"/></points><startConnector><rConnector id="2b"><Owner><sobreposicao ref="1b"/></Owner></rConnector></startConnector><endConnector><rConnector id="2c"><Owner><ent ref="21"/></Owner></rConnector></endConnector></generalizacaoLine><rel id="2d"><children><diamond id="2e" x="883" y="112" w="89" h="40"><a><fillColor><color rgba="#ffddddff"/></fillColor></a></diamond><t id="2f" x="900.962890625" y="124.7080078125"><a><text><string>aconseja</string></text></a></t></children></rel><llabelMuitos id="30"><points><p colinear="true" x="898.1060606060606" y="152" c1x="-20" c1y="18" c2x="-20" c2y="18"/><p colinear="true" x="811.3939393939394" y="211" c1x="-20" c1y="18" c2x="-20" c2y="18"/></points><startConnector><rConnector id="31"><Owner><rel ref="2d"/></Owner></rConnector></startConnector><endConnector><rConnector id="32"><Owner><ent ref="21"/></Owner></rConnector></endConnector><a><text><string>N</string></text></a></llabelMuitos><llabelMuitos id="33"><points><p colinear="true" x="883" y="120.97345132743362" c1x="-20" c1y="18" c2x="-20" c2y="18"/><p colinear="true" x="739" y="85.29203539823008" c1x="-20" c1y="18" c2x="-20" c2y="18"/></points><startConnector><rConnector id="34"><Owner><rel ref="2d"/></Owner></rConnector></startConnector><endConnector><rConnector id="35"><Owner><ent ref="18"/></Owner></rConnector></endConnector><a><text><string>M</string></text></a></llabelMuitos><llabelMuitos id="36"><points><p colinear="true" x="520" y="232" c1x="-20" c1y="18" c2x="-20" c2y="18"/><p colinear="true" x="602" y="232" c1x="-20" c1y="18" c2x="-20" c2y="18"/></points><startConnector><rConnector id="37"><Owner><rel ref="11"/></Owner></rConnector></startConnector><endConnector><rConnector id="38"><Owner><ent ref="1e"/></Owner></rConnector></endConnector><a><text><string>N</string></text></a></llabelMuitos><atr id="39" nullable="false" attributeType="VARCHAR2(128)"><children><e id="3a" x="181" y="223" w="80" h="20"><a><fillColor><color rgba="#ffffebeb"/></fillColor></a></e><t id="3b" x="197.1611328125" y="225.7080078125"><a><text><string>Nombre</string></text></a></t></children></atr><atr id="3c" nullable="false" attributeType="VARCHAR2(128)"><children><e id="3d" x="103" y="186" w="80" h="20"><a><fillColor><color rgba="#ffffebeb"/></fillColor></a></e><t id="3e" x="119.1611328125" y="188.7080078125"><a><text><string>Nombre</string></text></a></t></children></atr><atr id="3f" nullable="false" attributeType="VARCHAR2(128)"><children><e id="40" x="63" y="223" w="80" h="20"><a><fillColor><color rgba="#ffffebeb"/></fillColor></a></e><t id="41" x="71.9248046875" y="225.7080078125"><a><text><string>A_Paterno</string></text></a></t></children></atr><atr id="42" nullable="false" attributeType="VARCHAR2(128)"><children><e id="43" x="101" y="261" w="80" h="20"><a><fillColor><color rgba="#ffffebeb"/></fillColor></a></e><t id="44" x="108.486328125" y="263.7080078125"><a><text><string>A_Materno</string></text></a></t></children></atr><lcaf id="45"><points><p colinear="true" x="261" y="233" c1x="-20" c1y="18" c2x="-20" c2y="18"/><p colinear="true" x="285" y="233" c1x="-20" c1y="18" c2x="-20" c2y="18"/></points><startConnector><rConnector id="46"><Owner><atr ref="39"/></Owner></rConnector></startConnector><endConnector><rConnector id="47"><Owner><ent ref="15"/></Owner></rConnector></endConnector></lcaf><lcaf id="48"><points><p colinear="true" x="143" y="233" c1x="-20" c1y="18" c2x="-20" c2y="18"/><p colinear="true" x="181" y="233" c1x="-20" c1y="18" c2x="-20" c2y="18"/></points><startConnector><rConnector id="49"><Owner><atr ref="3f"/></Owner></rConnector></startConnector><endConnector><rConnector id="4a"><Owner><atr ref="39"/></Owner></rConnector></endConnector></lcaf><lcaf id="4b"><points><p colinear="true" x="164.0810810810811" y="206" c1x="-20" c1y="18" c2x="-20" c2y="18"/><p colinear="true" x="199.91891891891893" y="223" c1x="-20" c1y="18" c2x="-20" c2y="18"/></points><startConnector><rConnector id="4c"><Owner><atr ref="3c"/></Owner></rConnector></startConnector><endConnector><rConnector id="4d"><Owner><atr ref="39"/></Owner></rConnector></endConnector></lcaf><lcaf id="4e"><points><p colinear="true" x="162.05263157894737" y="261" c1x="-20" c1y="18" c2x="-20" c2y="18"/><p colinear="true" x="199.94736842105263" y="243" c1x="-20" c1y="18" c2x="-20" c2y="18"/></points><startConnector><rConnector id="4f"><Owner><atr ref="42"/></Owner></rConnector></startConnector><endConnector><rConnector id="50"><Owner><atr ref="39"/></Owner></rConnector></endConnector></lcaf><atr id="51" nullable="false" attributeType="VARCHAR2(128)"><children><e id="52" x="202" y="70" w="130.173828125" h="20"><a><fillColor><color rgba="#ffffebeb"/></fillColor></a></e><t id="53" x="212" y="72.7080078125"><a><text><string>Fecha_Nacimiento</string></text></a></t></children></atr><lcaf id="54"><points><p colinear="true" x="317.42966196895424" y="213" c1x="-20" c1y="18" c2x="-20" c2y="18"/><p colinear="true" x="270.87208307802285" y="90" c1x="-20" c1y="18" c2x="-20" c2y="18"/></points><startConnector><rConnector id="55"><Owner><ent ref="15"/></Owner></rConnector></startConnector><endConnector><rConnector id="56"><Owner><atr ref="51"/></Owner></rConnector></endConnector></lcaf><lcaf id="57"><points><p colinear="true" x="703.2727626016949" y="96" c1x="-87.96352222209191" c1y="19.018912628129613" c2x="-87.96352222209191" c2y="19.018912628129613"/><p colinear="true" x="703.4037771865391" y="97.47808380793775"/><p colinear="true" x="703.1020296336256" y="143.47808380793776"/><p colinear="true" x="703.4573329930355" y="142" c1x="-87.96352222209191" c1y="19.018912628129613" c2x="-87.96352222209191" c2y="19.018912628129613"/></points><startConnector><rConnector id="58"><Owner><ent ref="18"/></Owner></rConnector></startConnector><endConnector><rConnector id="59"><Owner><sobreposicao ref="1b"/></Owner></rConnector></endConnector></lcaf><atr id="5a" nullable="false" attributeType="VARCHAR2(128)"><children><e id="5b" x="300" y="101" w="130.9296875" h="20"><a><fillColor><color rgba="#ffffebeb"/></fillColor></a></e><t id="5c" x="310" y="103.7080078125"><a><text><string>ESP_Investiagcion</string></text></a></t></children></atr><lcaf id="5d"><points><p colinear="true" x="362.1480532786885" y="121" c1x="-20" c1y="18" c2x="-20" c2y="18"/><p colinear="true" x="331.6335809426229" y="213" c1x="-20" c1y="18" c2x="-20" c2y="18"/></points><startConnector><rConnector id="5e"><Owner><atr ref="5a"/></Owner></rConnector></startConnector><endConnector><rConnector id="5f"><Owner><ent ref="15"/></Owner></rConnector></endConnector></lcaf><atrmulti id="60" nullable="false" attributeType="VARCHAR2(128)"><children><e id="61" x="148" y="112" w="92" h="20"><a><fillColor><color rgba="#ffffebeb"/></fillColor><strokeType><enum type="strokeType">DOUBLE</enum></strokeType><innerStrokeWidthFactor><double>3</double></innerStrokeWidthFactor></a></e><t id="62" x="157.876953125" y="114.7080078125"><a><text><string>Correo_Elec</string></text></a></t></children></atrmulti><atrmulti id="63" nullable="false" attributeType="VARCHAR2(128)"><children><e id="64" x="344" y="148" w="80" h="20"><a><fillColor><color rgba="#ffffebeb"/></fillColor><strokeType><enum type="strokeType">DOUBLE</enum></strokeType><innerStrokeWidthFactor><double>3</double></innerStrokeWidthFactor></a></e><t id="65" x="358.318359375" y="150.7080078125"><a><text><string>Telefono</string></text></a></t></children></atrmulti><lcaf id="66"><points><p colinear="true" x="340.73333333333335" y="213" c1x="-20" c1y="18" c2x="-20" c2y="18"/><p colinear="true" x="376.1333333333333" y="168" c1x="-20" c1y="18" c2x="-20" c2y="18"/></points><startConnector><rConnector id="67"><Owner><ent ref="15"/></Owner></rConnector></startConnector><endConnector><rConnector id="68"><Owner><atrmulti ref="63"/></Owner></rConnector></endConnector></lcaf><lcaf id="69"><points><p colinear="true" x="301.39639639639637" y="213" c1x="-20" c1y="18" c2x="-20" c2y="18"/><p colinear="true" x="205.80180180180182" y="132" c1x="-20" c1y="18" c2x="-20" c2y="18"/></points><startConnector><rConnector id="6a"><Owner><ent ref="15"/></Owner></rConnector></startConnector><endConnector><rConnector id="6b"><Owner><atrmulti ref="60"/></Owner></rConnector></endConnector></lcaf><atr id="6c" nullable="false" attributeType="VARCHAR2(128)"><children><e id="6d" x="500" y="137" w="80" h="20"><a><fillColor><color rgba="#ffffebeb"/></fillColor></a></e><t id="6e" x="507.486328125" y="139.7080078125"><a><text><string>A_Materno</string></text></a></t></children></atr><lcaf id="6f"><points><p colinear="true" x="555.6756756756757" y="137" c1x="-20" c1y="18" c2x="-20" c2y="18"/><p colinear="true" x="582.3243243243243" y="120" c1x="-20" c1y="18" c2x="-20" c2y="18"/></points><startConnector><rConnector id="70"><Owner><atr ref="6c"/></Owner></rConnector></startConnector><endConnector><rConnector id="71"><Owner><atr ref="6"/></Owner></rConnector></endConnector></lcaf><lcaf id="72"><points><p colinear="true" x="628.4411764705883" y="100" c1x="-20" c1y="18" c2x="-20" c2y="18"/><p colinear="true" x="664" y="88.31884057971016" c1x="-20" c1y="18" c2x="-20" c2y="18"/></points><startConnector><rConnector id="73"><Owner><atr ref="6"/></Owner></rConnector></startConnector><endConnector><rConnector id="74"><Owner><ent ref="18"/></Owner></rConnector></endConnector></lcaf><atr id="75" nullable="false" attributeType="VARCHAR2(128)"><children><e id="76" x="616" y="9" w="130.173828125" h="20"><a><fillColor><color rgba="#ffffebeb"/></fillColor></a></e><t id="77" x="626" y="11.7080078125"><a><text><string>Fecha_Nacimiento</string></text></a></t></children></atr><lcaf id="78"><points><p colinear="true" x="684.6681572094299" y="29" c1x="-20" c1y="18" c2x="-20" c2y="18"/><p colinear="true" x="694.3375137061404" y="56" c1x="-20" c1y="18" c2x="-20" c2y="18"/></points><startConnector><rConnector id="79"><Owner><atr ref="75"/></Owner></rConnector></startConnector><endConnector><rConnector id="7a"><Owner><ent ref="18"/></Owner></rConnector></endConnector></lcaf><atrmulti id="7b" nullable="false" attributeType="VARCHAR2(128)"><children><e id="7c" x="515" y="13" w="80" h="20"><a><fillColor><color rgba="#ffffebeb"/></fillColor><strokeType><enum type="strokeType">DOUBLE</enum></strokeType><innerStrokeWidthFactor><double>3</double></innerStrokeWidthFactor></a></e><t id="7d" x="529.318359375" y="15.7080078125"><a><text><string>Telefono</string></text></a></t></children></atrmulti><lcaf id="7e"><points><p colinear="true" x="582.6415094339623" y="33" c1x="-20" c1y="18" c2x="-20" c2y="18"/><p colinear="true" x="664" y="62.43344709897611" c1x="-20" c1y="18" c2x="-20" c2y="18"/></points><startConnector><rConnector id="7f"><Owner><atrmulti ref="7b"/></Owner></rConnector></startConnector><endConnector><rConnector id="80"><Owner><ent ref="18"/></Owner></rConnector></endConnector></lcaf><atrmulti id="81" nullable="false" attributeType="VARCHAR2(128)"><children><e id="82" x="738" y="123" w="92" h="20"><a><fillColor><color rgba="#ffffebeb"/></fillColor><strokeType><enum type="strokeType">DOUBLE</enum></strokeType><innerStrokeWidthFactor><double>3</double></innerStrokeWidthFactor></a></e><t id="83" x="747.876953125" y="125.7080078125"><a><text><string>Correo_Elec</string></text></a></t></children></atrmulti><lcaf id="84"><points><p colinear="true" x="730.4473684210526" y="96" c1x="-20" c1y="18" c2x="-20" c2y="18"/><p colinear="true" x="769.5263157894736" y="123" c1x="-20" c1y="18" c2x="-20" c2y="18"/></points><startConnector><rConnector id="85"><Owner><ent ref="18"/></Owner></rConnector></startConnector><endConnector><rConnector id="86"><Owner><atrmulti ref="81"/></Owner></rConnector></endConnector></lcaf><rel id="87"><children><diamond id="88" x="876" y="215" w="80" h="40"><a><fillColor><color rgba="#ffddddff"/></fillColor></a></diamond><t id="89" x="897.51953125" y="227.7080078125"><a><text><string>pagan</string></text></a></t></children></rel><ent id="8a"><children><r id="8b" x="980" y="214" w="80" h="40"><a><fillColor><color rgba="#ffebffe8"/></fillColor></a></r><t id="8c" x="996.7998046875" y="226.7080078125"><a><text><string>Pension</string></text></a></t></children></ent><lcaf id="8d"><points><p colinear="true" x="876" y="233.80597014925374" c1x="-20" c1y="18" c2x="-20" c2y="18"/><p colinear="true" x="832" y="232.49253731343282" c1x="-20" c1y="18" c2x="-20" c2y="18"/></points><startConnector><rConnector id="8e"><Owner><rel ref="87"/></Owner></rConnector></startConnector><endConnector><rConnector id="8f"><Owner><ent ref="21"/></Owner></rConnector></endConnector></lcaf><lcaf id="90"><points><p colinear="true" x="956" y="234.6153846153846" c1x="-20" c1y="18" c2x="-20" c2y="18"/><p colinear="true" x="980" y="234.3846153846154" c1x="-20" c1y="18" c2x="-20" c2y="18"/></points><startConnector><rConnector id="91"><Owner><rel ref="87"/></Owner></rConnector></startConnector><endConnector><rConnector id="92"><Owner><ent ref="8a"/></Owner></rConnector></endConnector></lcaf><ent id="93"><children><r id="94" x="407" y="379" w="163" h="40"><a><fillColor><color rgba="#ffebffe8"/></fillColor></a></r><t id="95" x="418.4716796875" y="391.7080078125"><a><text><string>Proyecto_Investigacion</string></text></a></t></children></ent><rel id="96"><children><diamond id="97" x="446" y="287" w="80" h="40"><a><fillColor><color rgba="#ffddddff"/></fillColor></a></diamond><t id="98" x="457.412109375" y="299.7080078125"><a><text><string>participar</string></text></a></t></children></rel><lcaf id="99"><points><p colinear="true" x="446" y="288.6149068322981" c1x="-20" c1y="18" c2x="-20" c2y="18"/><p colinear="true" x="365" y="251.38509316770185" c1x="-20" c1y="18" c2x="-20" c2y="18"/></points><startConnector><rConnector id="9a"><Owner><rel ref="96"/></Owner></rConnector></startConnector><endConnector><rConnector id="9b"><Owner><ent ref="15"/></Owner></rConnector></endConnector></lcaf><lcaf id="9c"><points><p colinear="true" x="526" y="287.7692307692308" c1x="-20" c1y="18" c2x="-20" c2y="18"/><p colinear="true" x="602" y="251.23076923076923" c1x="-20" c1y="18" c2x="-20" c2y="18"/></points><startConnector><rConnector id="9d"><Owner><rel ref="96"/></Owner></rConnector></startConnector><endConnector><rConnector id="9e"><Owner><ent ref="1e"/></Owner></rConnector></endConnector></lcaf><lcaf id="9f"><points><p colinear="true" x="486.54347826086956" y="327" c1x="-20" c1y="18" c2x="-20" c2y="18"/><p colinear="true" x="487.95652173913044" y="379" c1x="-20" c1y="18" c2x="-20" c2y="18"/></points><startConnector><rConnector id="a0"><Owner><rel ref="96"/></Owner></rConnector></startConnector><endConnector><rConnector id="a1"><Owner><ent ref="93"/></Owner></rConnector></endConnector></lcaf><atrchave id="a2" nullable="false" attributeType="NUMBER"><children><e id="a3" x="401" y="33" w="80" h="20"><a><fillColor><color rgba="#ffffebeb"/></fillColor></a></e><t id="a4" x="427.6640625" y="35.7080078125"><a><fontUnderlined><boolean>true</boolean></fontUnderlined><fontBold><boolean>true</boolean></fontBold><text><string>DNI</string></text></a></t></children></atrchave><lcaf id="a5"><points><p colinear="true" x="481" y="48.067178502879074" c1x="-20" c1y="18" c2x="-20" c2y="18"/><p colinear="true" x="664" y="71.24952015355086" c1x="-20" c1y="18" c2x="-20" c2y="18"/></points><startConnector><rConnector id="a6"><Owner><atrchave ref="a2"/></Owner></rConnector></startConnector><endConnector><rConnector id="a7"><Owner><ent ref="18"/></Owner></rConnector></endConnector></lcaf><atrchave id="a8" nullable="false" attributeType="NUMBER"><children><e id="a9" x="383" y="199" w="80" h="20"><a><fillColor><color rgba="#ffffebeb"/></fillColor></a></e><t id="aa" x="409.6640625" y="201.7080078125"><a><fontUnderlined><boolean>true</boolean></fontUnderlined><fontBold><boolean>true</boolean></fontBold><text><string>DNI</string></text></a></t></children></atrchave><lcaf id="ab"><points><p colinear="true" x="383" y="218.79591836734693" c1x="-20" c1y="18" c2x="-20" c2y="18"/><p colinear="true" x="365" y="223.20408163265307" c1x="-20" c1y="18" c2x="-20" c2y="18"/></points><startConnector><rConnector id="ac"><Owner><atrchave ref="a8"/></Owner></rConnector></startConnector><endConnector><rConnector id="ad"><Owner><ent ref="15"/></Owner></rConnector></endConnector></lcaf><atrchave id="ae" nullable="false" attributeType="NUMBER"><children><e id="af" x="376" y="316" w="80" h="20"><a><fillColor><color rgba="#ffffebeb"/></fillColor></a></e><t id="b0" x="392.978515625" y="318.7080078125"><a><fontUnderlined><boolean>true</boolean></fontUnderlined><fontBold><boolean>true</boolean></fontBold><text><string>Codigo</string></text></a></t></children></atrchave><atrderivado id="b1"><children><e id="b2" x="129" y="149" w="80" h="20"><a><strokeDashes><doubleArray><double>5</double></doubleArray></strokeDashes><fillColor><color rgba="#ffffebeb"/></fillColor></a></e><t id="b3" x="154.1259765625" y="151.7080078125"><a><text><string>Edad</string></text></a></t></children></atrderivado><atrderivado id="b4"><children><e id="b5" x="759" y="27" w="80" h="20"><a><strokeDashes><doubleArray><double>5</double></doubleArray></strokeDashes><fillColor><color rgba="#ffffebeb"/></fillColor></a></e><t id="b6" x="784.1259765625" y="29.7080078125"><a><text><string>Edad</string></text></a></t></children></atrderivado><lcaf id="b7"><points><p colinear="true" x="774" y="47" c1x="-20" c1y="18" c2x="-20" c2y="18"/><p colinear="true" x="739" y="61" c1x="-20" c1y="18" c2x="-20" c2y="18"/></points><startConnector><rConnector id="b8"><Owner><atrderivado ref="b4"/></Owner></rConnector></startConnector><endConnector><rConnector id="b9"><Owner><ent ref="18"/></Owner></rConnector></endConnector></lcaf><lcaf id="ba"><points><p colinear="true" x="190.0810810810811" y="169" c1x="-20" c1y="18" c2x="-20" c2y="18"/><p colinear="true" x="285" y="214.02564102564102" c1x="-20" c1y="18" c2x="-20" c2y="18"/></points><startConnector><rConnector id="bb"><Owner><atrderivado ref="b1"/></Owner></rConnector></startConnector><endConnector><rConnector id="bc"><Owner><ent ref="15"/></Owner></rConnector></endConnector></lcaf><lcaf id="bd"><points><p colinear="true" x="425.93150684931504" y="336" c1x="-20" c1y="18" c2x="-20" c2y="18"/><p colinear="true" x="468.63698630136986" y="379" c1x="-20" c1y="18" c2x="-20" c2y="18"/></points><startConnector><rConnector id="be"><Owner><atrchave ref="ae"/></Owner></rConnector></startConnector><endConnector><rConnector id="bf"><Owner><ent ref="93"/></Owner></rConnector></endConnector></lcaf><atr id="c0" nullable="false" attributeType="VARCHAR2(128)"><children><e id="c1" x="368" y="438" w="93" h="20"><a><fillColor><color rgba="#ffffebeb"/></fillColor></a></e><t id="c2" x="376.75390625" y="440.7080078125"><a><text><string>Fecha_Inicio</string></text></a></t></children></atr><atr id="c3" nullable="false" attributeType="VARCHAR2(128)"><children><e id="c4" x="590" y="347" w="80" h="20"><a><fillColor><color rgba="#ffffebeb"/></fillColor></a></e><t id="c5" x="599.7451171875" y="349.7080078125"><a><text><string>Fecha_Fin</string></text></a></t></children></atr><atr id="c6" nullable="false" attributeType="VARCHAR2(128)"><children><e id="c7" x="519" y="314" w="80" h="20"><a><fillColor><color rgba="#ffffebeb"/></fillColor></a></e><t id="c8" x="522.0830078125" y="316.7080078125"><a><text><string>Presupuesto</string></text></a></t></children></atr><lcaf id="c9"><points><p colinear="true" x="429.6020408163265" y="438" c1x="-20" c1y="18" c2x="-20" c2y="18"/><p colinear="true" x="458.2959183673469" y="419" c1x="-20" c1y="18" c2x="-20" c2y="18"/></points><startConnector><rConnector id="ca"><Owner><atr ref="c0"/></Owner></rConnector></startConnector><endConnector><rConnector id="cb"><Owner><ent ref="93"/></Owner></rConnector></endConnector></lcaf><lcaf id="cc"><points><p colinear="true" x="596.3095238095239" y="367" c1x="-20" c1y="18" c2x="-20" c2y="18"/><p colinear="true" x="555.8809523809524" y="379" c1x="-20" c1y="18" c2x="-20" c2y="18"/></points><startConnector><rConnector id="cd"><Owner><atr ref="c3"/></Owner></rConnector></startConnector><endConnector><rConnector id="ce"><Owner><ent ref="93"/></Owner></rConnector></endConnector></lcaf><lcaf id="cf"><points><p colinear="true" x="549.6" y="334" c1x="-20" c1y="18" c2x="-20" c2y="18"/><p colinear="true" x="507.3" y="379" c1x="-20" c1y="18" c2x="-20" c2y="18"/></points><startConnector><rConnector id="d0"><Owner><atr ref="c6"/></Owner></rConnector></startConnector><endConnector><rConnector id="d1"><Owner><ent ref="93"/></Owner></rConnector></endConnector></lcaf><disjuncao id="d2"><children><circ id="d3" x="476" y="468" w="24" h="20"><a><fillColor><color rgba="#fff5f2e0"/></fillColor></a></circ><tn id="d4" x="480.79999999999995" y="469"><a><fontBold><boolean>true</boolean></fontBold><fontSize><double>16</double></fontSize><text><string>d</string></text></a></tn></children></disjuncao><lcaf id="d5"><points><p colinear="true" x="488.3737734825699" y="419" c1x="-20" c1y="18" c2x="-20" c2y="18"/><p colinear="true" x="488.0645185148661" y="468" c1x="-20" c1y="18" c2x="-20" c2y="18"/></points><startConnector><rConnector id="d6"><Owner><ent ref="93"/></Owner></rConnector></startConnector><endConnector><rConnector id="d7"><Owner><disjuncao ref="d2"/></Owner></rConnector></endConnector></lcaf><lcaf id="d8"><points><p colinear="true" x="490.4261394672742" y="419" c1x="-88" c1y="17" c2x="-88" c2y="17"/><p colinear="true" x="490.37237937501925" y="418.4417840123382"/><p colinear="true" x="490.0631244073154" y="467.4417840123382"/><p colinear="true" x="489.95629918915955" y="468" c1x="-88" c1y="17" c2x="-88" c2y="17"/></points><startConnector><rConnector id="d9"><Owner><ent ref="93"/></Owner></rConnector></startConnector><endConnector><rConnector id="da"><Owner><disjuncao ref="d2"/></Owner></rConnector></endConnector></lcaf><ent id="db"><children><r id="dc" x="335" y="535" w="126.33984375" h="40"><a><fillColor><color rgba="#ffebffe8"/></fillColor></a></r><t id="dd" x="335.6436923574734" y="547.7080078125"><a><text><string>Investigacion_Basica</string></text></a></t></children></ent><ent id="de"><children><r id="df" x="527" y="535" w="159.693359375" h="40"><a><fillColor><color rgba="#ffebffe8"/></fillColor></a></r><t id="e0" x="537.69140625" y="547.7080078125"><a><text><string>Investigacion_Aplicada</string></text></a></t></children></ent><generalizacaoLine id="e1"><points><p colinear="true" x="476.08226695480175" y="488.4453125" c1x="-20" c1y="18" c2x="-20" c2y="18"/><p colinear="true" x="421.8080818448773" y="535" c1x="-20" c1y="18" c2x="-20" c2y="18"/></points><startConnector><rConnector id="e2"><Owner><disjuncao ref="d2"/></Owner></rConnector></startConnector><endConnector><rConnector id="e3"><Owner><ent ref="db"/></Owner></rConnector></endConnector></generalizacaoLine><generalizacaoLine id="e4"><points><p colinear="true" x="500" y="485.97489743521925" c1x="-20" c1y="18" c2x="-20" c2y="18"/><p colinear="true" x="575.8878905753148" y="535" c1x="-20" c1y="18" c2x="-20" c2y="18"/></points><startConnector><rConnector id="e5"><Owner><disjuncao ref="d2"/></Owner></rConnector></startConnector><endConnector><rConnector id="e6"><Owner><ent ref="de"/></Owner></rConnector></endConnector></generalizacaoLine><atrchave id="e7" nullable="false" attributeType="NUMBER"><children><e id="e8" x="264" y="468" w="80" h="20"><a><fillColor><color rgba="#ffffebeb"/></fillColor></a></e><t id="e9" x="280.978515625" y="470.7080078125"><a><fontUnderlined><boolean>true</boolean></fontUnderlined><fontBold><boolean>true</boolean></fontBold><text><string>Codigo</string></text></a></t></children></atrchave><atr id="ea" nullable="false" attributeType="VARCHAR2(128)"><children><e id="eb" x="140" y="504" w="146.052734375" h="20"><a><fillColor><color rgba="#ffffebeb"/></fillColor></a></e><t id="ec" x="150" y="506.7080078125"><a><text><string>Nombre_Universidad</string></text></a></t></children></atr><lcaf id="ed"><points><p colinear="true" x="316.271658188797" y="488" c1x="-20" c1y="18" c2x="-20" c2y="18"/><p colinear="true" x="373.9484516761428" y="535" c1x="-20" c1y="18" c2x="-20" c2y="18"/></points><startConnector><rConnector id="ee"><Owner><atrchave ref="e7"/></Owner></rConnector></startConnector><endConnector><rConnector id="ef"><Owner><ent ref="db"/></Owner></rConnector></endConnector></lcaf><lcaf id="f0"><points><p colinear="true" x="258.2618308134114" y="524" c1x="-20" c1y="18" c2x="-20" c2y="18"/><p colinear="true" x="335" y="540.9641610885651" c1x="-20" c1y="18" c2x="-20" c2y="18"/></points><startConnector><rConnector id="f1"><Owner><atr ref="ea"/></Owner></rConnector></startConnector><endConnector><rConnector id="f2"><Owner><ent ref="db"/></Owner></rConnector></endConnector></lcaf><atrchave id="f3" nullable="false" attributeType="NUMBER"><children><e id="f4" x="626" y="466" w="80" h="20"><a><fillColor><color rgba="#ffffebeb"/></fillColor></a></e><t id="f5" x="642.978515625" y="468.7080078125"><a><fontUnderlined><boolean>true</boolean></fontUnderlined><fontBold><boolean>true</boolean></fontBold><text><string>Codigo</string></text></a></t></children></atrchave><atr id="f6" nullable="false" attributeType="VARCHAR2(128)"><children><e id="f7" x="700" y="514" w="134.0234375" h="20"><a><fillColor><color rgba="#ffffebeb"/></fillColor></a></e><t id="f8" x="710" y="516.7080078125"><a><text><string>Nombre_Empresas</string></text></a></t></children></atr><lcaf id="f9"><points><p colinear="true" x="621.8222038172469" y="535" c1x="-20" c1y="18" c2x="-20" c2y="18"/><p colinear="true" x="658.5122379351266" y="486" c1x="-20" c1y="18" c2x="-20" c2y="18"/></points><startConnector><rConnector id="fa"><Owner><ent ref="de"/></Owner></rConnector></startConnector><endConnector><rConnector id="fb"><Owner><atrchave ref="f3"/></Owner></rConnector></endConnector></lcaf><lcaf id="fc"><points><p colinear="true" x="686.693359375" y="539.5456468852319" c1x="-20" c1y="18" c2x="-20" c2y="18"/><p colinear="true" x="715.3455771169355" y="534" c1x="-20" c1y="18" c2x="-20" c2y="18"/></points><startConnector><rConnector id="fd"><Owner><ent ref="de"/></Owner></rConnector></startConnector><endConnector><rConnector id="fe"><Owner><atr ref="f6"/></Owner></rConnector></endConnector></lcaf><atr id="ff" nullable="false" attributeType="VARCHAR2(128)"><children><e id="100" x="974" y="362" w="93" h="20"><a><fillColor><color rgba="#ffffebeb"/></fillColor></a></e><t id="101" x="982.75390625" y="364.7080078125"><a><text><string>Fecha_Inicio</string></text></a></t></children></atr><atr id="102" nullable="false" attributeType="VARCHAR2(128)"><children><e id="103" x="989" y="406" w="80" h="20"><a><fillColor><color rgba="#ffffebeb"/></fillColor></a></e><t id="104" x="998.7451171875" y="408.7080078125"><a><text><string>Fecha_Fin</string></text></a></t></children></atr><atr id="105" nullable="false" attributeType="VARCHAR2(128)"><children><e id="106" x="912" y="441" w="80" h="20"><a><fillColor><color rgba="#ffffebeb"/></fillColor></a></e><t id="107" x="923.5703125" y="443.7080078125"><a><text><string>Obejtivos</string></text></a></t></children></atr><rel id="108"><children><diamond id="109" x="272" y="331" w="80" h="40"><a><fillColor><color rgba="#ffddddff"/></fillColor></a></diamond><t id="10a" x="297.0439453125" y="343.7080078125"><a><text><string>tiene</string></text></a></t></children></rel><llabelUm id="10b"><points><p colinear="true" x="314.20338983050846" y="331" c1x="-20" c1y="18" c2x="-20" c2y="18"/><p colinear="true" x="322.7966101694915" y="253" c1x="-20" c1y="18" c2x="-20" c2y="18"/></points><startConnector><rConnector id="10c"><Owner><rel ref="108"/></Owner></rConnector></startConnector><endConnector><rConnector id="10d"><Owner><ent ref="15"/></Owner></rConnector></endConnector></llabelUm><llabelUm id="10e"><points><p colinear="true" x="352" y="361.8781869688385" c1x="-20" c1y="18" c2x="-20" c2y="18"/><p colinear="true" x="414.9583333333333" y="379" c1x="-20" c1y="18" c2x="-20" c2y="18"/></points><startConnector><rConnector id="10f"><Owner><rel ref="108"/></Owner></rConnector></startConnector><endConnector><rConnector id="110"><Owner><ent ref="93"/></Owner></rConnector></endConnector></llabelUm><rel id="111"><children><diamond id="112" x="670" y="376" w="80" h="40"><a><fillColor><color rgba="#ffddddff"/></fillColor></a></diamond><t id="113" x="695.0439453125" y="388.7080078125"><a><text><string>tiene</string></text></a></t></children></rel><llabelUm id="114"><points><p colinear="true" x="670" y="396.54176072234765" c1x="-20" c1y="18" c2x="-20" c2y="18"/><p colinear="true" x="570" y="397.8961625282167" c1x="-20" c1y="18" c2x="-20" c2y="18"/></points><startConnector><rConnector id="115"><Owner><rel ref="111"/></Owner></rConnector></startConnector><endConnector><rConnector id="116"><Owner><ent ref="93"/></Owner></rConnector></endConnector></llabelUm><entfraca id="117"><children><r id="118" x="822" y="376" w="80" h="40"><a><fillColor><color rgba="#ffebffe8"/></fillColor><strokeType><enum type="strokeType">DOUBLE</enum></strokeType><innerStrokeWidthFactor><double>3</double></innerStrokeWidthFactor></a></r><t id="119" x="849.8388671875" y="388.7080078125"><a><text><string>Hito</string></text></a></t></children></entfraca><llabelDoubleMuitos id="11a"><points><p colinear="true" x="750" y="396" c1x="0" c1y="0" c2x="0" c2y="0"/><p colinear="true" x="822" y="396" c1x="0" c1y="0" c2x="0" c2y="0"/></points><startConnector><rConnector id="11b"><Owner><rel ref="111"/></Owner></rConnector></startConnector><endConnector><rConnector id="11c"><Owner><entfraca ref="117"/></Owner></rConnector></endConnector><a><innerStrokeWidthFactor><double>3</double></innerStrokeWidthFactor><text><string>N</string></text></a></llabelDoubleMuitos><lcaf id="11d"><points><p colinear="true" x="902" y="389.9432176656151" c1x="0" c1y="0" c2x="0" c2y="0"/><p colinear="true" x="974" y="379.0410094637224" c1x="0" c1y="0" c2x="0" c2y="0"/></points><startConnector><rConnector id="11e"><Owner><entfraca ref="117"/></Owner></rConnector></startConnector><endConnector><rConnector id="11f"><Owner><atr ref="ff"/></Owner></rConnector></endConnector></lcaf><lcaf id="120"><points><p colinear="true" x="894.7272727272727" y="416" c1x="0" c1y="0" c2x="0" c2y="0"/><p colinear="true" x="935.6363636363636" y="441" c1x="0" c1y="0" c2x="0" c2y="0"/></points><startConnector><rConnector id="121"><Owner><entfraca ref="117"/></Owner></rConnector></startConnector><endConnector><rConnector id="122"><Owner><atr ref="105"/></Owner></rConnector></endConnector></lcaf><lcaf id="123"><points><p colinear="true" x="902" y="400.79041916167665" c1x="0" c1y="0" c2x="0" c2y="0"/><p colinear="true" x="989" y="411.20958083832335" c1x="0" c1y="0" c2x="0" c2y="0"/></points><startConnector><rConnector id="124"><Owner><entfraca ref="117"/></Owner></rConnector></startConnector><endConnector><rConnector id="125"><Owner><atr ref="102"/></Owner></rConnector></endConnector></lcaf><atrchave id="126" nullable="false" attributeType="NUMBER"><children><e id="127" x="903" y="326" w="80" h="20"><a><fillColor><color rgba="#ffffebeb"/></fillColor></a></e><t id="128" x="916.2109375" y="328.7080078125"><a><fontUnderlined><boolean>true</boolean></fontUnderlined><fontBold><boolean>true</boolean></fontBold><text><string>Numero</string></text></a></t></children></atrchave><lcaf id="129"><points><p colinear="true" x="889" y="376" c1x="0" c1y="0" c2x="0" c2y="0"/><p colinear="true" x="929.5" y="346" c1x="0" c1y="0" c2x="0" c2y="0"/></points><startConnector><rConnector id="12a"><Owner><entfraca ref="117"/></Owner></rConnector></startConnector><endConnector><rConnector id="12b"><Owner><atrchave ref="126"/></Owner></rConnector></endConnector></lcaf></figures></drawing>