<?xml version="1.0" encoding="utf-8" ?>
<!-- SQL XML created by WWW SQL Designer, https://github.com/ondras/wwwsqldesigner/ -->
<!-- Active URL: https://ondras.zarovi.cz/sql/demo/ -->
<sql>
<datatypes db="mysql">
	<group label="Numeric" color="rgb(238,238,170)">
		<type label="Integer" length="0" sql="INTEGER" quote=""/>
	 	<type label="TINYINT" length="0" sql="TINYINT" quote=""/>
	 	<type label="SMALLINT" length="0" sql="SMALLINT" quote=""/>
	 	<type label="MEDIUMINT" length="0" sql="MEDIUMINT" quote=""/>
	 	<type label="INT" length="0" sql="INT" quote=""/>
		<type label="BIGINT" length="0" sql="BIGINT" quote=""/>
		<type label="Decimal" length="1" sql="DECIMAL" re="DEC" quote=""/>
		<type label="Single precision" length="0" sql="FLOAT" quote=""/>
		<type label="Double precision" length="0" sql="DOUBLE" re="DOUBLE" quote=""/>
	</group>

	<group label="Character" color="rgb(255,200,200)">
		<type label="Char" length="1" sql="CHAR" quote="'"/>
		<type label="Varchar" length="1" sql="VARCHAR" quote="'"/>
		<type label="Text" length="0" sql="MEDIUMTEXT" re="TEXT" quote="'"/>
		<type label="Binary" length="1" sql="BINARY" quote="'"/>
		<type label="Varbinary" length="1" sql="VARBINARY" quote="'"/>
		<type label="BLOB" length="0" sql="BLOB" re="BLOB" quote="'"/>
	</group>

	<group label="Date &amp; Time" color="rgb(200,255,200)">
		<type label="Date" length="0" sql="DATE" quote="'"/>
		<type label="Time" length="0" sql="TIME" quote="'"/>
		<type label="Datetime" length="0" sql="DATETIME" quote="'"/>
		<type label="Year" length="0" sql="YEAR" quote=""/>
		<type label="Timestamp" length="0" sql="TIMESTAMP" quote="'"/>
	</group>
	
	<group label="Miscellaneous" color="rgb(200,200,255)">
		<type label="ENUM" length="1" sql="ENUM" quote=""/>
		<type label="SET" length="1" sql="SET" quote=""/>
		<type label="Bit" length="0" sql="bit" quote=""/>
	</group>
</datatypes><table x="72" y="108" name="Departamento">
<row name="ID_Departamento" null="1" autoincrement="1">
<datatype>INTEGER</datatype>
<default>NULL</default></row>
<row name="Nombre" null="1" autoincrement="0">
<datatype>VARCHAR(100)</datatype>
<default>NULL</default></row>
<key type="PRIMARY" name="">
<part>ID_Departamento</part>
</key>
</table>
<table x="352" y="75" name="Hotel">
<row name="Codigo_Hotel" null="1" autoincrement="1">
<datatype>INTEGER</datatype>
<default>NULL</default></row>
<row name="ID_Departamento" null="1" autoincrement="0">
<datatype>INTEGER</datatype>
<default>NULL</default><relation table="Departamento" row="ID_Departamento" />
</row>
<row name="Nombre" null="1" autoincrement="0">
<datatype>INTEGER</datatype>
<default>NULL</default></row>
<row name="Direccion" null="1" autoincrement="0">
<datatype>INTEGER</datatype>
<default>NULL</default></row>
<key type="PRIMARY" name="">
<part>Codigo_Hotel</part>
<part>ID_Departamento</part>
</key>
</table>
<table x="830" y="57" name="Cliente">
<row name="ID_Cliente" null="1" autoincrement="1">
<datatype>INTEGER</datatype>
<default>NULL</default></row>
<row name="Nombre" null="1" autoincrement="0">
<datatype>VARCHAR(100)</datatype>
<default>NULL</default></row>
<row name="PrimerApellido" null="1" autoincrement="0">
<datatype>VARCHAR(100)</datatype>
<default>NULL</default></row>
<row name="SegundoApellido´" null="1" autoincrement="0">
<datatype>VARCHAR(100)</datatype>
<default>NULL</default></row>
<row name="Codigo_Hotel" null="1" autoincrement="0">
<datatype>INTEGER</datatype>
<default>NULL</default><relation table="Hotel" row="Codigo_Hotel" />
</row>
<key type="PRIMARY" name="">
<part>ID_Cliente</part>
<part>Codigo_Hotel</part>
</key>
</table>
<table x="997" y="222" name="Cliente_Extranjero">
<row name="ID_Cliente" null="1" autoincrement="1">
<datatype>INTEGER</datatype>
<default>NULL</default><relation table="Cliente" row="ID_Cliente" />
</row>
<row name="Pasaporte" null="1" autoincrement="0">
<datatype>VARCHAR(100)</datatype>
<default>NULL</default></row>
<row name="Pais" null="1" autoincrement="0">
<datatype>VARCHAR(100)</datatype>
<default>NULL</default></row>
<key type="PRIMARY" name="">
<part>ID_Cliente</part>
</key>
</table>
<table x="570" y="38" name="Telefono_Cliente">
<row name="ID_Cliente" null="1" autoincrement="1">
<datatype>INTEGER</datatype>
<default>NULL</default><relation table="Cliente" row="ID_Cliente" />
</row>
<row name="Telefono" null="1" autoincrement="0">
<datatype>INTEGER(10)</datatype>
<default>NULL</default></row>
<key type="PRIMARY" name="">
<part>ID_Cliente</part>
</key>
</table>
<table x="1002" y="97" name="Cliente_Nacional">
<row name="ID_Cliente" null="1" autoincrement="1">
<datatype>INTEGER</datatype>
<default>NULL</default><relation table="Cliente" row="ID_Cliente" />
</row>
<row name="DNI" null="1" autoincrement="0">
<datatype>INTEGER(8)</datatype>
<default>NULL</default></row>
<key type="PRIMARY" name="">
<part>ID_Cliente</part>
</key>
</table>
<table x="821" y="359" name="Reserva">
<row name="ID_Reserva" null="1" autoincrement="1">
<datatype>INTEGER</datatype>
<default>NULL</default></row>
<row name="InicioReserva" null="1" autoincrement="0">
<datatype>DATE(10)</datatype>
<default>NULL</default></row>
<row name="CantidadDias" null="1" autoincrement="0">
<datatype>INTEGER(10)</datatype>
<default>NULL</default></row>
<row name="Fecha_Realizada" null="1" autoincrement="0">
<datatype>DATE(10)</datatype>
<default>NULL</default></row>
<row name="ID_Cliente" null="1" autoincrement="0">
<datatype>INTEGER</datatype>
<default>NULL</default><relation table="Cliente" row="ID_Cliente" />
</row>
<key type="PRIMARY" name="">
<part>ID_Reserva</part>
<part>ID_Cliente</part>
</key>
</table>
<table x="328" y="249" name="Cuarto">
<row name="Numero_Cuarto" null="1" autoincrement="1">
<datatype>INTEGER</datatype>
<default>NULL</default></row>
<row name="Piso" null="1" autoincrement="0">
<datatype>INTEGER(100)</datatype>
<default>NULL</default></row>
<row name="ValorDia" null="1" autoincrement="0">
<datatype>INTEGER(10)</datatype>
<default>NULL</default></row>
<row name="Num_Camas" null="1" autoincrement="0">
<datatype>INTEGER(100)</datatype>
<default>NULL</default></row>
<row name="Codigo_Hotel" null="1" autoincrement="0">
<datatype>INTEGER</datatype>
<default>NULL</default><relation table="Hotel" row="Codigo_Hotel" />
</row>
<key type="PRIMARY" name="">
<part>Numero_Cuarto</part>
<part>Codigo_Hotel</part>
</key>
</table>
<table x="53" y="240" name="Estandar">
<row name="Numero_Cuarto" null="1" autoincrement="1">
<datatype>INTEGER</datatype>
<default>NULL</default><relation table="Cuarto" row="Numero_Cuarto" />
</row>
<key type="PRIMARY" name="">
<part>Numero_Cuarto</part>
</key>
</table>
<table x="64" y="335" name="Lujo">
<row name="Numero_Cuarto" null="1" autoincrement="1">
<datatype>INTEGER</datatype>
<default>NULL</default><relation table="Cuarto" row="Numero_Cuarto" />
</row>
<row name="TarifaAnticipada" null="1" autoincrement="0">
<datatype>INTEGER(100)</datatype>
<default>NULL</default></row>
<key type="PRIMARY" name="">
<part>Numero_Cuarto</part>
</key>
</table>
<table x="78" y="473" name="SuperLujo">
<row name="Numero_Cuarto" null="1" autoincrement="1">
<datatype>INTEGER</datatype>
<default>NULL</default><relation table="Cuarto" row="Numero_Cuarto" />
</row>
<row name="sinBalcon" null="1" autoincrement="0">
<datatype>INTEGER</datatype>
<default>NULL</default></row>
<row name="conBalcon" null="1" autoincrement="0">
<datatype>INTEGER</datatype>
<default>NULL</default></row>
<row name="TarifaAnticipada" null="1" autoincrement="0">
<datatype>INTEGER</datatype>
<default>NULL</default></row>
<key type="PRIMARY" name="">
<part>Numero_Cuarto</part>
</key>
</table>
<table x="571" y="212" name="Cuarto_Reserva">
<row name="Numero_Cuarto" null="1" autoincrement="1">
<datatype>INTEGER</datatype>
<default>NULL</default><relation table="Cuarto" row="Numero_Cuarto" />
</row>
<row name="ValorPagado" null="1" autoincrement="0">
<datatype>INTEGER(100)</datatype>
<default>NULL</default></row>
<row name="Fecha" null="1" autoincrement="0">
<datatype>DATE(100)</datatype>
<default>NULL</default></row>
<row name="Hora_Entrada" null="1" autoincrement="0">
<datatype>TIME</datatype>
<default>NULL</default></row>
<row name="Hora_Salida" null="1" autoincrement="0">
<datatype>TIME(100)</datatype>
<default>NULL</default></row>
<row name="Id_Reserva" null="1" autoincrement="0">
<datatype>INTEGER</datatype>
<default>NULL</default><relation table="Reserva" row="ID_Reserva" />
</row>
<row name="Codigo_Hotel" null="1" autoincrement="0">
<datatype>INTEGER</datatype>
<default>NULL</default><relation table="Cuarto" row="Codigo_Hotel" />
</row>
<row name="ID_Cliente" null="1" autoincrement="0">
<datatype>INTEGER</datatype>
<default>NULL</default><relation table="Reserva" row="ID_Cliente" />
</row>
<key type="PRIMARY" name="">
<part>Numero_Cuarto</part>
<part>Id_Reserva</part>
<part>ID_Cliente</part>
<part>Codigo_Hotel</part>
</key>
</table>
<table x="315" y="471" name="Amenidades">
<row name="ID_Amenidades" null="1" autoincrement="1">
<datatype>INTEGER</datatype>
<default>NULL</default></row>
<row name="Numero_Cuarto" null="1" autoincrement="0">
<datatype>INTEGER</datatype>
<default>NULL</default><relation table="Cuarto" row="Numero_Cuarto" />
</row>
<row name="Nombre" null="1" autoincrement="0">
<datatype>INTEGER</datatype>
<default>NULL</default></row>
<key type="PRIMARY" name="">
<part>ID_Amenidades</part>
<part>Numero_Cuarto</part>
</key>
</table>
</sql>