<?xml version="1.0" encoding="utf-8" ?>
<!-- SQL XML created by WWW SQL Designer, https://github.com/ondras/wwwsqldesigner/ -->
<!-- Active URL: https://ondras.zarovi.cz/sql/demo/ -->
<sql>
<datatypes db="mysql">
	<group label="Numeric" color="rgb(238,238,170)">
		<type label="Integer" length="0" sql="INTEGER" quote=""/>
	 	<type label="TINYINT" length="0" sql="TINYINT" quote=""/>
	 	<type label="SMALLINT" length="0" sql="SMALLINT" quote=""/>
	 	<type label="MEDIUMINT" length="0" sql="MEDIUMINT" quote=""/>
	 	<type label="INT" length="0" sql="INT" quote=""/>
		<type label="BIGINT" length="0" sql="BIGINT" quote=""/>
		<type label="Decimal" length="1" sql="DECIMAL" re="DEC" quote=""/>
		<type label="Single precision" length="0" sql="FLOAT" quote=""/>
		<type label="Double precision" length="0" sql="DOUBLE" re="DOUBLE" quote=""/>
	</group>

	<group label="Character" color="rgb(255,200,200)">
		<type label="Char" length="1" sql="CHAR" quote="'"/>
		<type label="Varchar" length="1" sql="VARCHAR" quote="'"/>
		<type label="Text" length="0" sql="MEDIUMTEXT" re="TEXT" quote="'"/>
		<type label="Binary" length="1" sql="BINARY" quote="'"/>
		<type label="Varbinary" length="1" sql="VARBINARY" quote="'"/>
		<type label="BLOB" length="0" sql="BLOB" re="BLOB" quote="'"/>
	</group>

	<group label="Date &amp; Time" color="rgb(200,255,200)">
		<type label="Date" length="0" sql="DATE" quote="'"/>
		<type label="Time" length="0" sql="TIME" quote="'"/>
		<type label="Datetime" length="0" sql="DATETIME" quote="'"/>
		<type label="Year" length="0" sql="YEAR" quote=""/>
		<type label="Timestamp" length="0" sql="TIMESTAMP" quote="'"/>
	</group>
	
	<group label="Miscellaneous" color="rgb(200,200,255)">
		<type label="ENUM" length="1" sql="ENUM" quote=""/>
		<type label="SET" length="1" sql="SET" quote=""/>
		<type label="Bit" length="0" sql="bit" quote=""/>
	</group>
</datatypes><table x="207" y="9" name="dependiente">
<row name="codigo" null="1" autoincrement="1">
<datatype>INTEGER(8)</datatype>
<default>NULL</default></row>
<row name="dni_em" null="1" autoincrement="0">
<datatype>INTEGER(8)</datatype>
<default>NULL</default><relation table="empleado" row="dni_em" />
</row>
<row name="nombre" null="1" autoincrement="0">
<datatype>VARCHAR(100)</datatype>
<default>NULL</default></row>
<row name="parentesco" null="1" autoincrement="0">
<datatype>VARCHAR(20)</datatype>
<default>NULL</default></row>
<key type="PRIMARY" name="">
<part>codigo</part>
<part>dni_em</part>
</key>
</table>
<table x="429" y="3" name="empleado_ce">
<row name="dni_em" null="1" autoincrement="1">
<datatype>INTEGER(8)</datatype>
<default>NULL</default><relation table="empleado" row="dni_em" />
</row>
<row name="correo_electronico" null="1" autoincrement="0">
<datatype>VARCHAR(100)</datatype>
<default>NULL</default></row>
<key type="PRIMARY" name="">
<part>dni_em</part>
</key>
</table>
<table x="879" y="81" name="persona">
<row name="dni" null="1" autoincrement="1">
<datatype>INTEGER(8)</datatype>
<default>NULL</default></row>
<row name="primer_apellido" null="1" autoincrement="0">
<datatype>VARCHAR(100)</datatype>
<default>NULL</default></row>
<row name="segundo_apellido" null="1" autoincrement="0">
<datatype>VARCHAR(100)</datatype>
<default>NULL</default></row>
<row name="nombres" null="1" autoincrement="0">
<datatype>VARCHAR(100)</datatype>
<default>NULL</default></row>
<row name="sexo" null="1" autoincrement="0">
<datatype>VARCHAR(10)</datatype>
<default>NULL</default></row>
<key type="PRIMARY" name="">
<part>dni</part>
</key>
</table>
<table x="486" y="134" name="empleado">
<row name="dni_em" null="1" autoincrement="1">
<datatype>INTEGER(8)</datatype>
<default>NULL</default><relation table="recepcionista" row="dni_recep" />
<relation table="persona" row="dni" />
</row>
<row name="salario" null="1" autoincrement="0">
<datatype>INTEGER(10)</datatype>
<default>NULL</default></row>
<key type="PRIMARY" name="">
<part>dni_em</part>
</key>
</table>
<table x="591" y="454" name="paciente">
<row name="dni_pac" null="1" autoincrement="1">
<datatype>INTEGER(8)</datatype>
<default>NULL</default><relation table="persona" row="dni" />
</row>
<key type="PRIMARY" name="">
<part>dni_pac</part>
</key>
</table>
<table x="365" y="286" name="recepcionista">
<row name="dni_recep" null="1" autoincrement="1">
<datatype>INTEGER(8)</datatype>
<default>NULL</default></row>
<key type="PRIMARY" name="">
<part>dni_recep</part>
</key>
</table>
<table x="684" y="14" name="empleado_nc">
<row name="dni_em" null="1" autoincrement="1">
<datatype>INTEGER(8)</datatype>
<default>NULL</default><relation table="empleado" row="dni_em" />
</row>
<row name="numero_contacto" null="1" autoincrement="0">
<datatype>INTEGER(8)</datatype>
<default>NULL</default></row>
<key type="PRIMARY" name="">
<part>dni_em</part>
</key>
</table>
<table x="637" y="236" name="historial">
<row name="codigo" null="1" autoincrement="1">
<datatype>INTEGER(8)</datatype>
<default>NULL</default></row>
<row name="dni_recep" null="1" autoincrement="0">
<datatype>INTEGER(8)</datatype>
<default>NULL</default><relation table="recepcionista" row="dni_recep" />
</row>
<row name="fecha" null="1" autoincrement="0">
<datatype>DATE</datatype>
<default>NULL</default></row>
<row name="descripcion" null="1" autoincrement="0">
<datatype>VARCHAR(100)</datatype>
<default>NULL</default></row>
<row name="dni_pac" null="1" autoincrement="0">
<datatype>INTEGER(8)</datatype>
<default>NULL</default><relation table="paciente" row="dni_pac" />
</row>
<key type="PRIMARY" name="">
<part>codigo</part>
</key>
</table>
<table x="89" y="370" name="doctor">
<row name="dni_em_doc" null="1" autoincrement="1">
<datatype>INTEGER(8)</datatype>
<default>NULL</default><relation table="empleado" row="dni_em" />
</row>
<row name="especialidad" null="1" autoincrement="0">
<datatype>INTEGER</datatype>
<default>NULL</default></row>
<key type="PRIMARY" name="">
<part>dni_em_doc</part>
</key>
</table>
<table x="99" y="246" name="enfermera">
<row name="dni_em_enf" null="1" autoincrement="1">
<datatype>INTEGER(8)</datatype>
<default>NULL</default><relation table="empleado" row="dni_em" />
</row>
<key type="PRIMARY" name="">
<part>dni_em_enf</part>
</key>
</table>
<table x="22" y="99" name="enfer_super">
<row name="dni_em_enf_1" null="1" autoincrement="1">
<datatype>INTEGER(8)</datatype>
<default>NULL</default><relation table="enfermera" row="dni_em_enf" />
</row>
<row name="dni_em_enf_2" null="1" autoincrement="0">
<datatype>INTEGER(8)</datatype>
<default>NULL</default><relation table="enfermera" row="dni_em_enf" />
</row>
<key type="PRIMARY" name="">
<part>dni_em_enf_1</part>
<part>dni_em_enf_2</part>
</key>
</table>
<table x="420" y="359" name="cuarto">
<row name="codigo" null="1" autoincrement="1">
<datatype>INTEGER(8)</datatype>
<default>NULL</default></row>
<row name="area" null="1" autoincrement="0">
<datatype>VARCHAR(20)</datatype>
<default>NULL</default></row>
<row name="dni_em_enf" null="1" autoincrement="0">
<datatype>INTEGER(8)</datatype>
<default>NULL</default><relation table="enfermera" row="dni_em_enf" />
</row>
<row name="dni_pac" null="1" autoincrement="0">
<datatype>INTEGER(8)</datatype>
<default>NULL</default><relation table="paciente" row="dni_pac" />
</row>
<key type="PRIMARY" name="">
<part>codigo</part>
</key>
</table>
<table x="856" y="367" name="medicamento">
<row name="codigo_med" null="1" autoincrement="1">
<datatype>INTEGER(20)</datatype>
<default>NULL</default></row>
<row name="categoria" null="1" autoincrement="0">
<datatype>VARCHAR(20)</datatype>
<default>NULL</default></row>
<row name="codigo_far" null="1" autoincrement="0">
<datatype>INTEGER(20)</datatype>
<default>NULL</default><relation table="farmacia" row="codigo_far" />
</row>
<key type="PRIMARY" name="">
<part>codigo_med</part>
</key>
</table>
<table x="961" y="243" name="farmacia">
<row name="codigo_far" null="1" autoincrement="1">
<datatype>INTEGER(20)</datatype>
<default>NULL</default></row>
<row name="direccion" null="1" autoincrement="0">
<datatype>VARCHAR(20)</datatype>
<default>NULL</default></row>
<key type="PRIMARY" name="">
<part>codigo_far</part>
</key>
</table>
<table x="598" y="548" name="pedido">
<row name="codigo_ped" null="1" autoincrement="1">
<datatype>INTEGER(20)</datatype>
<default>NULL</default><relation table="ped_con_med" row="codigo_ped" />
</row>
<row name="dni_pac" null="1" autoincrement="0">
<datatype>INTEGER(8)</datatype>
<default>NULL</default><relation table="paciente" row="dni_pac" />
</row>
<key type="PRIMARY" name="">
<part>codigo_ped</part>
</key>
</table>
<table x="803" y="509" name="ped_con_med">
<row name="codigo_med" null="1" autoincrement="1">
<datatype>INTEGER(20)</datatype>
<default>NULL</default><relation table="medicamento" row="codigo_med" />
</row>
<row name="codigo_ped" null="1" autoincrement="0">
<datatype>INTEGER(20)</datatype>
<default>NULL</default></row>
<key type="PRIMARY" name="">
<part>codigo_med</part>
<part>codigo_ped</part>
</key>
</table>
<table x="329" y="510" name="doctor_atie_paci">
<row name="dni_em_doc" null="1" autoincrement="1">
<datatype>INTEGER(8)</datatype>
<default>NULL</default><relation table="doctor" row="dni_em_doc" />
</row>
<row name="diagnostico" null="1" autoincrement="0">
<datatype>VARCHAR(100)</datatype>
<default>NULL</default></row>
<row name="fecha" null="1" autoincrement="0">
<datatype>DATE(8)</datatype>
<default>NULL</default></row>
<row name="dni_pac" null="1" autoincrement="0">
<datatype>INTEGER(8)</datatype>
<default>NULL</default><relation table="paciente" row="dni_pac" />
</row>
<key type="PRIMARY" name="">
<part>dni_em_doc</part>
<part>dni_pac</part>
</key>
</table>
<table x="11" y="650" name="visitante">
<row name="dni_em_doc" null="1" autoincrement="1">
<datatype>INTEGER(8)</datatype>
<default>NULL</default><relation table="doctor" row="dni_em_doc" />
</row>
<row name="hospi_origen" null="1" autoincrement="0">
<datatype>VARCHAR(20)</datatype>
<default>NULL</default></row>
<key type="PRIMARY" name="">
<part>dni_em_doc</part>
</key>
</table>
<table x="229" y="660" name="permanente">
<row name="dni_em_doc" null="1" autoincrement="1">
<datatype>INTEGER(8)</datatype>
<default>NULL</default><relation table="doctor" row="dni_em_doc" />
</row>
<row name="numero_contrato" null="1" autoincrement="0">
<datatype>INTEGER(8)</datatype>
<default>NULL</default></row>
<key type="PRIMARY" name="">
<part>dni_em_doc</part>
</key>
</table>
</sql>