<drawing><figures><ent id="0"><children><r id="1" x="359" y="285" w="80" h="40"><a><fillColor><color rgba="#ffebffe8"/></fillColor></a></r><t id="2" x="372.5126953125" y="297.7080078125"><a><text><string>Producto</string></text></a></t></children></ent><ent id="3"><children><r id="4" x="114" y="463" w="80" h="40"><a><fillColor><color rgba="#ffebffe8"/></fillColor></a></r><t id="5" x="131.2333984375" y="475.7080078125"><a><text><string>Usuario</string></text></a></t></children></ent><entfraca id="6"><children><r id="7" x="726" y="281" w="80" h="39"><a><fillColor><color rgba="#ffebffe8"/></fillColor><strokeType><enum type="strokeType">DOUBLE</enum></strokeType><innerStrokeWidthFactor><double>3</double></innerStrokeWidthFactor></a></r><t id="8" x="737.078125" y="293.2080078125"><a><text><string>Categoria</string></text></a></t></children></entfraca><rel id="9"><children><diamond id="a" x="360" y="440" w="80" h="40"><a><fillColor><color rgba="#ffddddff"/></fillColor></a></diamond><t id="b" x="374.4794921875" y="452.7080078125"><a><text><string>contiene</string></text></a></t></children></rel><rel id="c"><children><diamond id="d" x="221" y="529" w="80" h="40"><a><fillColor><color rgba="#ffddddff"/></fillColor></a></diamond><t id="e" x="227.015625" y="541.7080078125"><a><text><string>usur_venta</string></text></a></t></children></rel><rel id="f"><children><diamond id="10" x="555" y="221" w="80" h="40"><a><fillColor><color rgba="#ffddddff"/></fillColor></a></diamond><t id="11" x="580.0439453125" y="233.7080078125"><a><text><string>tiene</string></text></a></t></children></rel><llabelUm id="12"><points><p colinear="true" x="635" y="254.91812865497076" c1x="45" c1y="248" c2x="45" c2y="248"/><p colinear="true" x="726" y="286.58187134502924" c1x="45" c1y="248" c2x="45" c2y="248"/></points><startConnector><rConnector id="13"><Owner><rel ref="f"/></Owner></rConnector></startConnector><endConnector><rConnector id="14"><Owner><entfraca ref="6"/></Owner></rConnector></endConnector></llabelUm><atrchave id="15" nullable="false" attributeType="NUMBER"><children><e id="16" x="270" y="217" w="80" h="20"><a><fillColor><color rgba="#ffffebeb"/></fillColor></a></e><t id="17" x="302.529296875" y="219.7080078125"><a><fontUnderlined><boolean>true</boolean></fontUnderlined><fontBold><boolean>true</boolean></fontBold><text><string>Id</string></text></a></t></children></atrchave><lcaf id="18"><points><p colinear="true" x="321.4102564102564" y="237" c1x="19" c1y="182" c2x="19" c2y="182"/><p colinear="true" x="376.1794871794872" y="285" c1x="19" c1y="182" c2x="19" c2y="182"/></points><startConnector><rConnector id="19"><Owner><atrchave ref="15"/></Owner></rConnector></startConnector><endConnector><rConnector id="1a"><Owner><ent ref="0"/></Owner></rConnector></endConnector></lcaf><atr id="1b" nullable="false" attributeType="VARCHAR2(128)"><children><e id="1c" x="264" y="311" w="80" h="20"><a><fillColor><color rgba="#ffffebeb"/></fillColor></a></e><t id="1d" x="282.9677734375" y="313.7080078125"><a><text><string>Detalle</string></text></a></t></children></atr><lcaf id="1e"><points><p colinear="true" x="344" y="314.2631578947368" c1x="19" c1y="182" c2x="19" c2y="182"/><p colinear="true" x="359" y="311.7368421052632" c1x="19" c1y="182" c2x="19" c2y="182"/></points><startConnector><rConnector id="1f"><Owner><atr ref="1b"/></Owner></rConnector></startConnector><endConnector><rConnector id="20"><Owner><ent ref="0"/></Owner></rConnector></endConnector></lcaf><atr id="21" nullable="false" attributeType="VARCHAR2(128)"><children><e id="22" x="308" y="685" w="80" h="20"><a><fillColor><color rgba="#ffffebeb"/></fillColor></a></e><t id="23" x="331.7900390625" y="687.7080078125"><a><text><string>fecha</string></text></a></t></children></atr><atrchave id="24" nullable="false" attributeType="NUMBER"><children><e id="25" x="437" y="687" w="63" h="20"><a><fillColor><color rgba="#ffffebeb"/></fillColor></a></e><t id="26" x="461.029296875" y="689.7080078125"><a><fontUnderlined><boolean>true</boolean></fontUnderlined><fontBold><boolean>true</boolean></fontBold><text><string>Id</string></text></a></t></children></atrchave><atrchave id="27" nullable="false" attributeType="NUMBER"><children><e id="28" x="81" y="388" w="63" h="20"><a><fillColor><color rgba="#ffffebeb"/></fillColor></a></e><t id="29" x="105.029296875" y="390.7080078125"><a><fontUnderlined><boolean>true</boolean></fontUnderlined><fontBold><boolean>true</boolean></fontBold><text><string>Id</string></text></a></t></children></atrchave><lcaf id="2a"><points><p colinear="true" x="117.38235294117646" y="408" c1x="19" c1y="182" c2x="19" c2y="182"/><p colinear="true" x="144.23529411764704" y="463" c1x="19" c1y="182" c2x="19" c2y="182"/></points><startConnector><rConnector id="2b"><Owner><atrchave ref="27"/></Owner></rConnector></startConnector><endConnector><rConnector id="2c"><Owner><ent ref="3"/></Owner></rConnector></endConnector></lcaf><atr id="2d" nullable="false" attributeType="VARCHAR2(128)"><children><e id="2e" x="168" y="398" w="80" h="20"><a><fillColor><color rgba="#ffffebeb"/></fillColor></a></e><t id="2f" x="184.1611328125" y="400.7080078125"><a><text><string>Nombre</string></text></a></t></children></atr><atr id="30" nullable="false" attributeType="VARCHAR2(128)"><children><e id="31" x="164" y="324" w="80" h="20"><a><fillColor><color rgba="#ffffebeb"/></fillColor></a></e><t id="32" x="165.9580078125" y="326.7080078125"><a><text><string>Segundo_Ap</string></text></a></t></children></atr><atr id="33" nullable="false" attributeType="VARCHAR2(128)"><children><e id="34" x="242" y="353" w="80" h="20"><a><fillColor><color rgba="#ffffebeb"/></fillColor></a></e><t id="35" x="258.1611328125" y="355.7080078125"><a><text><string>Nombre</string></text></a></t></children></atr><lcaf id="36"><points><p colinear="true" x="168.4" y="463" c1x="19" c1y="182" c2x="19" c2y="182"/><p colinear="true" x="200.8" y="418" c1x="19" c1y="182" c2x="19" c2y="182"/></points><startConnector><rConnector id="37"><Owner><ent ref="3"/></Owner></rConnector></startConnector><endConnector><rConnector id="38"><Owner><atr ref="2d"/></Owner></rConnector></endConnector></lcaf><lcaf id="39"><points><p colinear="true" x="207.45945945945945" y="398" c1x="19" c1y="182" c2x="19" c2y="182"/><p colinear="true" x="204.54054054054052" y="344" c1x="19" c1y="182" c2x="19" c2y="182"/></points><startConnector><rConnector id="3a"><Owner><atr ref="2d"/></Owner></rConnector></startConnector><endConnector><rConnector id="3b"><Owner><atr ref="30"/></Owner></rConnector></endConnector></lcaf><lcaf id="3c"><points><p colinear="true" x="224.44444444444446" y="398" c1x="19" c1y="182" c2x="19" c2y="182"/><p colinear="true" x="265.55555555555554" y="373" c1x="19" c1y="182" c2x="19" c2y="182"/></points><startConnector><rConnector id="3d"><Owner><atr ref="2d"/></Owner></rConnector></startConnector><endConnector><rConnector id="3e"><Owner><atr ref="33"/></Owner></rConnector></endConnector></lcaf><atr id="3f" nullable="false" attributeType="VARCHAR2(128)"><children><e id="40" x="246" y="411" w="80" h="20"><a><fillColor><color rgba="#ffffebeb"/></fillColor></a></e><t id="41" x="266.8955078125" y="413.7080078125"><a><text><string>correo</string></text></a></t></children></atr><atr id="42" nullable="false" attributeType="VARCHAR2(128)"><children><e id="43" x="249" y="459" w="80" h="20"><a><fillColor><color rgba="#ffffebeb"/></fillColor></a></e><t id="44" x="255.806640625" y="461.7080078125"><a><text><string>contrase&#xf1;a</string></text></a></t></children></atr><lcaf id="45"><points><p colinear="true" x="194" y="464.2121212121212" c1x="19" c1y="182" c2x="19" c2y="182"/><p colinear="true" x="264.7096774193548" y="431" c1x="19" c1y="182" c2x="19" c2y="182"/></points><startConnector><rConnector id="46"><Owner><ent ref="3"/></Owner></rConnector></startConnector><endConnector><rConnector id="47"><Owner><atr ref="3f"/></Owner></rConnector></endConnector></lcaf><lcaf id="48"><points><p colinear="true" x="194" y="478.85185185185185" c1x="19" c1y="182" c2x="19" c2y="182"/><p colinear="true" x="249" y="473.14814814814815" c1x="19" c1y="182" c2x="19" c2y="182"/></points><startConnector><rConnector id="49"><Owner><ent ref="3"/></Owner></rConnector></startConnector><endConnector><rConnector id="4a"><Owner><atr ref="42"/></Owner></rConnector></endConnector></lcaf><llabelMuitos id="4b"><points><p colinear="true" x="555" y="254.0612244897959" c1x="19" c1y="182" c2x="19" c2y="182"/><p colinear="true" x="439" y="291.9387755102041" c1x="19" c1y="182" c2x="19" c2y="182"/></points><startConnector><rConnector id="4c"><Owner><rel ref="f"/></Owner></rConnector></startConnector><endConnector><rConnector id="4d"><Owner><ent ref="0"/></Owner></rConnector></endConnector><a><text><string>N</string></text></a></llabelMuitos><atr id="4e" nullable="false" attributeType="VARCHAR2(128)"><children><e id="4f" x="608" y="322" w="80" h="20"><a><fillColor><color rgba="#ffffebeb"/></fillColor></a></e><t id="50" x="614.279296875" y="324.7080078125"><a><text><string>descripcion</string></text></a></t></children></atr><lcaf id="51"><points><p colinear="true" x="726" y="311.1779661016949" c1x="19" c1y="182" c2x="19" c2y="182"/><p colinear="true" x="685.4603174603175" y="322" c1x="19" c1y="182" c2x="19" c2y="182"/></points><startConnector><rConnector id="52"><Owner><entfraca ref="6"/></Owner></rConnector></startConnector><endConnector><rConnector id="53"><Owner><atr ref="4e"/></Owner></rConnector></endConnector></lcaf><atr id="54" nullable="false" attributeType="VARCHAR2(128)"><children><e id="55" x="54" y="309" w="101.662109375" h="20"><a><fillColor><color rgba="#ffffebeb"/></fillColor></a></e><t id="56" x="64" y="311.7080078125"><a><text><string>prim_apellido</string></text></a></t></children></atr><llabelDoubleUm id="57"><points><p colinear="true" x="228.57575757575756" y="529" c1x="19" c1y="182" c2x="19" c2y="182"/><p colinear="true" x="186.42424242424244" y="503" c1x="19" c1y="182" c2x="19" c2y="182"/></points><startConnector><rConnector id="58"><Owner><rel ref="c"/></Owner></rConnector></startConnector><endConnector><rConnector id="59"><Owner><ent ref="3"/></Owner></rConnector></endConnector><a><innerStrokeWidthFactor><double>3</double></innerStrokeWidthFactor></a></llabelDoubleUm><rel id="5a"><children><diamond id="5b" x="556" y="377" w="80" h="40"><a><fillColor><color rgba="#ffddddff"/></fillColor></a></diamond><t id="5c" x="570.5087890625" y="389.7080078125"><a><text><string>gestiona</string></text></a></t></children></rel><ent id="5d"><children><r id="5e" x="699" y="368" w="103.724609375" h="40"><a><fillColor><color rgba="#ffebffe8"/></fillColor></a></r><t id="5f" x="709" y="380.7080078125"><a><text><string>administrador</string></text></a></t></children></ent><atrchave id="60" nullable="false" attributeType="NUMBER"><children><e id="61" x="845" y="360" w="80" h="20"><a><fillColor><color rgba="#ffffebeb"/></fillColor></a></e><t id="62" x="878.75390625" y="362.7080078125"><a><fontUnderlined><boolean>true</boolean></fontUnderlined><fontBold><boolean>true</boolean></fontBold><text><string>id</string></text></a></t></children></atrchave><atr id="63" nullable="false" attributeType="VARCHAR2(128)"><children><e id="64" x="789" y="443" w="80" h="20"><a><fillColor><color rgba="#ffffebeb"/></fillColor></a></e><t id="65" x="805.8525390625" y="445.7080078125"><a><text><string>nombre</string></text></a></t></children></atr><atr id="66" nullable="false" attributeType="VARCHAR2(128)"><children><e id="67" x="860" y="414" w="80" h="20"><a><fillColor><color rgba="#ffffebeb"/></fillColor></a></e><t id="68" x="873.1435546875" y="416.7080078125"><a><text><string>direccion</string></text></a></t></children></atr><lcaf id="69"><points><p colinear="true" x="802.724609375" y="381.04057310512025" c1x="19" c1y="182" c2x="19" c2y="182"/><p colinear="true" x="845" y="375.36761868707094" c1x="19" c1y="182" c2x="19" c2y="182"/></points><startConnector><rConnector id="6a"><Owner><ent ref="5d"/></Owner></rConnector></startConnector><endConnector><rConnector id="6b"><Owner><atrchave ref="60"/></Owner></rConnector></endConnector></lcaf><lcaf id="6c"><points><p colinear="true" x="774.9046724759615" y="408" c1x="19" c1y="182" c2x="19" c2y="182"/><p colinear="true" x="816.9788161057693" y="443" c1x="19" c1y="182" c2x="19" c2y="182"/></points><startConnector><rConnector id="6d"><Owner><ent ref="5d"/></Owner></rConnector></startConnector><endConnector><rConnector id="6e"><Owner><atr ref="63"/></Owner></rConnector></endConnector></lcaf><lcaf id="6f"><points><p colinear="true" x="802.724609375" y="400.51892061787487" c1x="19" c1y="182" c2x="19" c2y="182"/><p colinear="true" x="860" y="414.3444934093781" c1x="19" c1y="182" c2x="19" c2y="182"/></points><startConnector><rConnector id="70"><Owner><ent ref="5d"/></Owner></rConnector></startConnector><endConnector><rConnector id="71"><Owner><atr ref="66"/></Owner></rConnector></endConnector></lcaf><llabelMuitos id="72"><points><p colinear="true" x="556" y="378.3197969543147" c1x="19" c1y="182" c2x="19" c2y="182"/><p colinear="true" x="439" y="323.6802030456853" c1x="19" c1y="182" c2x="19" c2y="182"/></points><startConnector><rConnector id="73"><Owner><rel ref="5a"/></Owner></rConnector></startConnector><endConnector><rConnector id="74"><Owner><ent ref="0"/></Owner></rConnector></endConnector><a><text><string>N</string></text></a></llabelMuitos><llabelUm id="75"><points><p colinear="true" x="636" y="394.6753542398426" c1x="19" c1y="182" c2x="19" c2y="182"/><p colinear="true" x="699" y="391.0140371675947" c1x="19" c1y="182" c2x="19" c2y="182"/></points><startConnector><rConnector id="76"><Owner><rel ref="5a"/></Owner></rConnector></startConnector><endConnector><rConnector id="77"><Owner><ent ref="5d"/></Owner></rConnector></endConnector></llabelUm><atrchave id="78" nullable="false" attributeType="NUMBER"><children><e id="79" x="855" y="302" w="80" h="20"><a><fillColor><color rgba="#ffffebeb"/></fillColor></a></e><t id="7a" x="888.75390625" y="304.7080078125"><a><fontUnderlined><boolean>true</boolean></fontUnderlined><fontBold><boolean>true</boolean></fontBold><text><string>id</string></text></a></t></children></atrchave><lcaf id="7b"><points><p colinear="true" x="806" y="304.0658914728682" c1x="19" c1y="182" c2x="19" c2y="182"/><p colinear="true" x="855" y="308.4341085271318" c1x="19" c1y="182" c2x="19" c2y="182"/></points><startConnector><rConnector id="7c"><Owner><entfraca ref="6"/></Owner></rConnector></startConnector><endConnector><rConnector id="7d"><Owner><atrchave ref="78"/></Owner></rConnector></endConnector></lcaf><atr id="7e" nullable="false" attributeType="VARCHAR2(128)"><children><e id="7f" x="469" y="447" w="80" h="20"><a><fillColor><color rgba="#ffffebeb"/></fillColor></a></e><t id="80" x="483.3828125" y="449.7080078125"><a><text><string>cantidad</string></text></a></t></children></atr><lcaf id="81"><points><p colinear="true" x="440" y="458.89908256880733" c1x="19" c1y="182" c2x="19" c2y="182"/><p colinear="true" x="469" y="458.10091743119267" c1x="19" c1y="182" c2x="19" c2y="182"/></points><startConnector><rConnector id="82"><Owner><rel ref="9"/></Owner></rConnector></startConnector><endConnector><rConnector id="83"><Owner><atr ref="7e"/></Owner></rConnector></endConnector></lcaf><entfraca id="84"><children><r id="85" x="362" y="600" w="80" h="40"><a><fillColor><color rgba="#ffebffe8"/></fillColor><strokeType><enum type="strokeType">DOUBLE</enum></strokeType><innerStrokeWidthFactor><double>3</double></innerStrokeWidthFactor></a></r><t id="86" x="381.9228515625" y="612.7080078125"><a><text><string>pedido</string></text></a></t></children></entfraca><lcaf id="87"><points><p colinear="true" x="387.6" y="640" c1x="19" c1y="182" c2x="19" c2y="182"/><p colinear="true" x="355.2" y="685" c1x="19" c1y="182" c2x="19" c2y="182"/></points><startConnector><rConnector id="88"><Owner><entfraca ref="84"/></Owner></rConnector></startConnector><endConnector><rConnector id="89"><Owner><atr ref="21"/></Owner></rConnector></endConnector></lcaf><lcaf id="8a"><points><p colinear="true" x="419.27272727272725" y="640" c1x="19" c1y="182" c2x="19" c2y="182"/><p colinear="true" x="459.8636363636364" y="687" c1x="19" c1y="182" c2x="19" c2y="182"/></points><startConnector><rConnector id="8b"><Owner><entfraca ref="84"/></Owner></rConnector></startConnector><endConnector><rConnector id="8c"><Owner><atrchave ref="24"/></Owner></rConnector></endConnector></lcaf><llabelMuitos id="8d"><points><p colinear="true" x="400.25" y="480" c1x="19" c1y="182" c2x="19" c2y="182"/><p colinear="true" x="401.75" y="600" c1x="19" c1y="182" c2x="19" c2y="182"/></points><startConnector><rConnector id="8e"><Owner><rel ref="9"/></Owner></rConnector></startConnector><endConnector><rConnector id="8f"><Owner><entfraca ref="84"/></Owner></rConnector></endConnector><a><text><string>N</string></text></a></llabelMuitos><llabelMuitos id="90"><points><p colinear="true" x="300.71830985915494" y="569" c1x="19" c1y="182" c2x="19" c2y="182"/><p colinear="true" x="362.28169014084506" y="600" c1x="19" c1y="182" c2x="19" c2y="182"/></points><startConnector><rConnector id="91"><Owner><rel ref="c"/></Owner></rConnector></startConnector><endConnector><rConnector id="92"><Owner><entfraca ref="84"/></Owner></rConnector></endConnector><a><text><string>N</string></text></a></llabelMuitos><llabelDoubleMuitos id="93"><points><p colinear="true" x="399.8709677419355" y="440" c1x="19" c1y="182" c2x="19" c2y="182"/><p colinear="true" x="399.1290322580645" y="325" c1x="19" c1y="182" c2x="19" c2y="182"/></points><startConnector><rConnector id="94"><Owner><rel ref="9"/></Owner></rConnector></startConnector><endConnector><rConnector id="95"><Owner><ent ref="0"/></Owner></rConnector></endConnector><a><innerStrokeWidthFactor><double>3</double></innerStrokeWidthFactor><text><string>M</string></text></a></llabelDoubleMuitos><atr id="96" nullable="false" attributeType="VARCHAR2(128)"><children><e id="97" x="459" y="218" w="80" h="20"><a><fillColor><color rgba="#ffffebeb"/></fillColor></a></e><t id="98" x="475.8525390625" y="220.7080078125"><a><text><string>nombre</string></text></a></t></children></atr><lcaf id="99"><points><p colinear="true" x="424.97402597402595" y="285" c1x="19" c1y="182" c2x="19" c2y="182"/><p colinear="true" x="486.012987012987" y="238" c1x="19" c1y="182" c2x="19" c2y="182"/></points><startConnector><rConnector id="9a"><Owner><ent ref="0"/></Owner></rConnector></startConnector><endConnector><rConnector id="9b"><Owner><atr ref="96"/></Owner></rConnector></endConnector></lcaf><atr id="9c" nullable="false" attributeType="VARCHAR2(128)"><children><e id="9d" x="363" y="213" w="80" h="20"><a><fillColor><color rgba="#ffffebeb"/></fillColor></a></e><t id="9e" x="384.712890625" y="215.7080078125"><a><text><string>precio</string></text></a></t></children></atr><lcaf id="9f"><points><p colinear="true" x="399.9756097560976" y="285" c1x="19" c1y="182" c2x="19" c2y="182"/><p colinear="true" x="402.5121951219512" y="233" c1x="19" c1y="182" c2x="19" c2y="182"/></points><startConnector><rConnector id="a0"><Owner><ent ref="0"/></Owner></rConnector></startConnector><endConnector><rConnector id="a1"><Owner><atr ref="9c"/></Owner></rConnector></endConnector></lcaf><ent id="a2"><children><r id="a3" x="655" y="537" w="80" h="40"><a><fillColor><color rgba="#ffebffe8"/></fillColor></a></r><t id="a4" x="674.73828125" y="549.7080078125"><a><text><string>cuenta</string></text></a></t></children></ent><ent id="a5"><children><r id="a6" x="661" y="727" w="80" h="40"><a><fillColor><color rgba="#ffebffe8"/></fillColor></a></r><t id="a7" x="686.2783203125" y="739.7080078125"><a><text><string>pago</string></text></a></t></children></ent><rel id="a8"><children><diamond id="a9" x="658" y="627" w="80" h="40"><a><fillColor><color rgba="#ffddddff"/></fillColor></a></diamond><t id="aa" x="678.212890625" y="639.7080078125"><a><text><string>realiza</string></text></a></t></children></rel><rel id="ab"><children><diamond id="ac" x="504" y="535" w="80" h="40"><a><fillColor><color rgba="#ffddddff"/></fillColor></a></diamond><t id="ad" x="525.2529296875" y="547.7080078125"><a><text><string>asocia</string></text></a></t></children></rel><llabelMuitos id="ae"><points><p colinear="true" x="504" y="573.3098591549295" c1x="19" c1y="182" c2x="19" c2y="182"/><p colinear="true" x="442" y="601.6901408450705" c1x="19" c1y="182" c2x="19" c2y="182"/></points><startConnector><rConnector id="af"><Owner><rel ref="ab"/></Owner></rConnector></startConnector><endConnector><rConnector id="b0"><Owner><entfraca ref="84"/></Owner></rConnector></endConnector><a><text><string>N</string></text></a></llabelMuitos><llabelDoubleUm id="b1"><points><p colinear="true" x="697.3333333333334" y="627" c1x="19" c1y="182" c2x="19" c2y="182"/><p colinear="true" x="695.6666666666666" y="577" c1x="19" c1y="182" c2x="19" c2y="182"/></points><startConnector><rConnector id="b2"><Owner><rel ref="a8"/></Owner></rConnector></startConnector><endConnector><rConnector id="b3"><Owner><ent ref="a2"/></Owner></rConnector></endConnector><a><innerStrokeWidthFactor><double>3</double></innerStrokeWidthFactor></a></llabelDoubleUm><llabelMuitos id="b4"><points><p colinear="true" x="698.6" y="667" c1x="19" c1y="182" c2x="19" c2y="182"/><p colinear="true" x="700.4" y="727" c1x="19" c1y="182" c2x="19" c2y="182"/></points><startConnector><rConnector id="b5"><Owner><rel ref="a8"/></Owner></rConnector></startConnector><endConnector><rConnector id="b6"><Owner><ent ref="a5"/></Owner></rConnector></endConnector><a><text><string>N</string></text></a></llabelMuitos><llabelDoubleMuitos id="b7"><points><p colinear="true" x="584" y="555.5298013245033" c1x="19" c1y="182" c2x="19" c2y="182"/><p colinear="true" x="655" y="556.4701986754967" c1x="19" c1y="182" c2x="19" c2y="182"/></points><startConnector><rConnector id="b8"><Owner><rel ref="ab"/></Owner></rConnector></startConnector><endConnector><rConnector id="b9"><Owner><ent ref="a2"/></Owner></rConnector></endConnector><a><innerStrokeWidthFactor><double>3</double></innerStrokeWidthFactor><text><string>M</string></text></a></llabelDoubleMuitos><ent id="ba"><children><r id="bb" x="933" y="727" w="80" h="40"><a><fillColor><color rgba="#ffebffe8"/></fillColor></a></r><t id="bc" x="952.8642578125" y="739.7080078125"><a><text><string>tarjeta</string></text></a></t></children></ent><rel id="bd"><children><diamond id="be" x="796" y="729" w="80" h="40"><a><fillColor><color rgba="#ffddddff"/></fillColor></a></diamond><t id="bf" x="818.1435546875" y="741.7080078125"><a><text><string>utiliza</string></text></a></t></children></rel><llabelUm id="c0"><points><p colinear="true" x="796" y="748.4074074074074" c1x="19" c1y="182" c2x="19" c2y="182"/><p colinear="true" x="741" y="747.5925925925926" c1x="19" c1y="182" c2x="19" c2y="182"/></points><startConnector><rConnector id="c1"><Owner><rel ref="bd"/></Owner></rConnector></startConnector><endConnector><rConnector id="c2"><Owner><ent ref="a5"/></Owner></rConnector></endConnector></llabelUm><llabelUm id="c3"><points><p colinear="true" x="876" y="748.4160583941606" c1x="19" c1y="182" c2x="19" c2y="182"/><p colinear="true" x="933" y="747.5839416058394" c1x="19" c1y="182" c2x="19" c2y="182"/></points><startConnector><rConnector id="c4"><Owner><rel ref="bd"/></Owner></rConnector></startConnector><endConnector><rConnector id="c5"><Owner><ent ref="ba"/></Owner></rConnector></endConnector></llabelUm><atrmulti id="c6" nullable="false" attributeType="VARCHAR2(128)"><children><e id="c7" x="645" y="451" w="80" h="20"><a><fillColor><color rgba="#ffffebeb"/></fillColor><strokeType><enum type="strokeType">DOUBLE</enum></strokeType><innerStrokeWidthFactor><double>3</double></innerStrokeWidthFactor></a></e><t id="c8" x="660.6513671875" y="453.7080078125"><a><text><string>telefono</string></text></a></t></children></atrmulti><atrchave id="c9" nullable="false" attributeType="NUMBER"><children><e id="ca" x="776" y="518" w="80" h="20"><a><fillColor><color rgba="#ffffebeb"/></fillColor></a></e><t id="cb" x="809.75390625" y="520.7080078125"><a><fontUnderlined><boolean>true</boolean></fontUnderlined><fontBold><boolean>true</boolean></fontBold><text><string>id</string></text></a></t></children></atrchave><atr id="cc" nullable="false" attributeType="VARCHAR2(128)"><children><e id="cd" x="754" y="588" w="80" h="20"><a><fillColor><color rgba="#ffffebeb"/></fillColor></a></e><t id="ce" x="767.1435546875" y="590.7080078125"><a><text><string>direccion</string></text></a></t></children></atr><lcaf id="cf"><points><p colinear="true" x="735" y="573.5656565656566" c1x="19" c1y="182" c2x="19" c2y="182"/><p colinear="true" x="769.8536585365854" y="588" c1x="19" c1y="182" c2x="19" c2y="182"/></points><startConnector><rConnector id="d0"><Owner><ent ref="a2"/></Owner></rConnector></startConnector><endConnector><rConnector id="d1"><Owner><atr ref="cc"/></Owner></rConnector></endConnector></lcaf><lcaf id="d2"><points><p colinear="true" x="692.9166666666666" y="537" c1x="19" c1y="182" c2x="19" c2y="182"/><p colinear="true" x="686.0416666666666" y="471" c1x="19" c1y="182" c2x="19" c2y="182"/></points><startConnector><rConnector id="d3"><Owner><ent ref="a2"/></Owner></rConnector></startConnector><endConnector><rConnector id="d4"><Owner><atrmulti ref="c6"/></Owner></rConnector></endConnector></lcaf><lcaf id="d5"><points><p colinear="true" x="735" y="547.4132231404959" c1x="19" c1y="182" c2x="19" c2y="182"/><p colinear="true" x="776" y="537.5867768595041" c1x="19" c1y="182" c2x="19" c2y="182"/></points><startConnector><rConnector id="d6"><Owner><ent ref="a2"/></Owner></rConnector></startConnector><endConnector><rConnector id="d7"><Owner><atrchave ref="c9"/></Owner></rConnector></endConnector></lcaf><atr id="d8" nullable="false" attributeType="VARCHAR2(128)"><children><e id="d9" x="531" y="729" w="80" h="20"><a><fillColor><color rgba="#ffffebeb"/></fillColor></a></e><t id="da" x="554.7900390625" y="731.7080078125"><a><text><string>fecha</string></text></a></t></children></atr><atrchave id="db" nullable="false" attributeType="NUMBER"><children><e id="dc" x="557" y="674" w="80" h="20"><a><fillColor><color rgba="#ffffebeb"/></fillColor></a></e><t id="dd" x="590.75390625" y="676.7080078125"><a><fontUnderlined><boolean>true</boolean></fontUnderlined><fontBold><boolean>true</boolean></fontBold><text><string>id</string></text></a></t></children></atrchave><atr id="de" nullable="false" attributeType="VARCHAR2(128)"><children><e id="df" x="940" y="665" w="80" h="20"><a><fillColor><color rgba="#ffffebeb"/></fillColor></a></e><t id="e0" x="956.7939453125" y="667.7080078125"><a><text><string>numero</string></text></a></t></children></atr><lcaf id="e1"><points><p colinear="true" x="974.9444444444445" y="727" c1x="62.36619718309862" c1y="191" c2x="62.36619718309862" c2y="191"/><p colinear="true" x="979.0277777777778" y="685" c1x="62.36619718309862" c1y="191" c2x="62.36619718309862" c2y="191"/></points><startConnector><rConnector id="e2"><Owner><ent ref="ba"/></Owner></rConnector></startConnector><endConnector><rConnector id="e3"><Owner><atr ref="de"/></Owner></rConnector></endConnector></lcaf><lcaf id="e4"><points><p colinear="true" x="661" y="744.5384615384615" c1x="19" c1y="182" c2x="19" c2y="182"/><p colinear="true" x="611" y="741.4615384615385" c1x="19" c1y="182" c2x="19" c2y="182"/></points><startConnector><rConnector id="e5"><Owner><ent ref="a5"/></Owner></rConnector></startConnector><endConnector><rConnector id="e6"><Owner><atr ref="d8"/></Owner></rConnector></endConnector></lcaf><lcaf id="e7"><points><p colinear="true" x="667.984126984127" y="727" c1x="19" c1y="182" c2x="19" c2y="182"/><p colinear="true" x="613.5079365079365" y="694" c1x="19" c1y="182" c2x="19" c2y="182"/></points><startConnector><rConnector id="e8"><Owner><ent ref="a5"/></Owner></rConnector></startConnector><endConnector><rConnector id="e9"><Owner><atrchave ref="db"/></Owner></rConnector></endConnector></lcaf><atr id="ea" nullable="false" attributeType="VARCHAR2(128)"><children><e id="eb" x="784" y="329" w="80" h="20"><a><fillColor><color rgba="#ffffebeb"/></fillColor></a></e><t id="ec" x="800.8525390625" y="331.7080078125"><a><text><string>nombre</string></text></a></t></children></atr><lcaf id="ed"><points><p colinear="true" x="795.3766233766233" y="320" c1x="19" c1y="182" c2x="19" c2y="182"/><p colinear="true" x="808.9350649350649" y="329" c1x="19" c1y="182" c2x="19" c2y="182"/></points><startConnector><rConnector id="ee"><Owner><entfraca ref="6"/></Owner></rConnector></startConnector><endConnector><rConnector id="ef"><Owner><atr ref="ea"/></Owner></rConnector></endConnector></lcaf><lcaf id="f0"><points><p colinear="true" x="196.4079836727528" y="398" c1x="19" c1y="182" c2x="19" c2y="182"/><p colinear="true" x="116.4230710147472" y="329" c1x="19" c1y="182" c2x="19" c2y="182"/></points><startConnector><rConnector id="f1"><Owner><atr ref="2d"/></Owner></rConnector></startConnector><endConnector><rConnector id="f2"><Owner><atr ref="54"/></Owner></rConnector></endConnector></lcaf><ent id="f3"><children><r id="f4" x="555" y="79" w="107" h="53"><a><fillColor><color rgba="#ffebffe8"/></fillColor></a></r><t id="f5" x="570.0419921875" y="98.2080078125"><a><text><string>grupo_pesca</string></text></a></t></children></ent><ent id="f6"><children><r id="f7" x="743" y="78" w="107" h="53"><a><fillColor><color rgba="#ffebffe8"/></fillColor></a></r><t id="f8" x="768.4541015625" y="97.2080078125"><a><text><string>accesorio</string></text></a></t></children></ent><ent id="f9"><children><r id="fa" x="920" y="93" w="107" h="53"><a><fillColor><color rgba="#ffebffe8"/></fillColor></a></r><t id="fb" x="938.9736328125" y="112.2080078125"><a><text><string>ropa_pesca</string></text></a></t></children></ent><disjuncao id="fc"><children><circ id="fd" x="748" y="198" w="26" h="26"><a><fillColor><color rgba="#fff5f2e0"/></fillColor></a></circ><tn id="fe" x="753" y="199"><a><fontBold><boolean>true</boolean></fontBold><fontSize><double>16</double></fontSize><text><string>d</string></text></a></tn></children></disjuncao><atr id="ff" nullable="false" attributeType="VARCHAR2(128)"><children><e id="100" x="1047" y="725" w="106" h="27"><a><fillColor><color rgba="#ffffebeb"/></fillColor></a></e><t id="101" x="1088.609375" y="731.2080078125"><a><text><string>tipo</string></text></a></t></children></atr><lcaf id="102"><points><p colinear="true" x="1013" y="744.3228346456693" c1x="0" c1y="0" c2x="0" c2y="0"/><p colinear="true" x="1047" y="742.0472440944882" c1x="0" c1y="0" c2x="0" c2y="0"/></points><startConnector><rConnector id="103"><Owner><ent ref="ba"/></Owner></rConnector></startConnector><endConnector><rConnector id="104"><Owner><atr ref="ff"/></Owner></rConnector></endConnector></lcaf><atr id="105" nullable="false" attributeType="VARCHAR2(128)"><children><e id="106" x="1033" y="631" w="107" h="26"><a><fillColor><color rgba="#ffffebeb"/></fillColor></a></e><t id="107" x="1070.0263671875" y="636.7080078125"><a><text><string>datos</string></text></a></t></children></atr><lcaf id="108"><points><p colinear="true" x="995.0388349514564" y="727" c1x="0" c1y="0" c2x="0" c2y="0"/><p colinear="true" x="1072.1747572815534" y="657" c1x="0" c1y="0" c2x="0" c2y="0"/></points><startConnector><rConnector id="109"><Owner><ent ref="ba"/></Owner></rConnector></startConnector><endConnector><rConnector id="10a"><Owner><atr ref="105"/></Owner></rConnector></endConnector></lcaf><atr id="10b" nullable="false" attributeType="VARCHAR2(128)"><children><e id="10c" x="971" y="549" w="107" h="26"><a><fillColor><color rgba="#ffffebeb"/></fillColor></a></e><t id="10d" x="1001.3525390625" y="554.7080078125"><a><text><string>nombre</string></text></a></t></children></atr><atr id="10e" nullable="false" attributeType="VARCHAR2(128)"><children><e id="10f" x="1054" y="500" w="106" h="26"><a><fillColor><color rgba="#ffffebeb"/></fillColor></a></e><t id="110" x="1076.1123046875" y="505.7080078125"><a><text><string>fecha_exp</string></text></a></t></children></atr><atr id="111" nullable="false" attributeType="VARCHAR2(128)"><children><e id="112" x="1099" y="561" w="107" h="27"><a><fillColor><color rgba="#ffffebeb"/></fillColor></a></e><t id="113" x="1132.9677734375" y="567.2080078125"><a><text><string>codigo</string></text></a></t></children></atr><lcaf id="114"><points><p colinear="true" x="1076.6707317073171" y="631" c1x="0" c1y="0" c2x="0" c2y="0"/><p colinear="true" x="1034.3292682926829" y="575" c1x="0" c1y="0" c2x="0" c2y="0"/></points><startConnector><rConnector id="115"><Owner><atr ref="105"/></Owner></rConnector></startConnector><endConnector><rConnector id="116"><Owner><atr ref="10b"/></Owner></rConnector></endConnector></lcaf><lcaf id="117"><points><p colinear="true" x="1088.5343511450383" y="631" c1x="0" c1y="0" c2x="0" c2y="0"/><p colinear="true" x="1104.9656488549617" y="526" c1x="0" c1y="0" c2x="0" c2y="0"/></points><startConnector><rConnector id="118"><Owner><atr ref="105"/></Owner></rConnector></startConnector><endConnector><rConnector id="119"><Owner><atr ref="10e"/></Owner></rConnector></endConnector></lcaf><lcaf id="11a"><points><p colinear="true" x="1098.8453237410072" y="631" c1x="0" c1y="0" c2x="0" c2y="0"/><p colinear="true" x="1139.679856115108" y="588" c1x="0" c1y="0" c2x="0" c2y="0"/></points><startConnector><rConnector id="11b"><Owner><atr ref="105"/></Owner></rConnector></startConnector><endConnector><rConnector id="11c"><Owner><atr ref="111"/></Owner></rConnector></endConnector></lcaf><atr id="11d" nullable="false" attributeType="VARCHAR2(128)"><children><e id="11e" x="577" y="790" w="107" h="27"><a><fillColor><color rgba="#ffffebeb"/></fillColor></a></e><t id="11f" x="616.8798828125" y="796.2080078125"><a><text><string>total</string></text></a></t></children></atr><lcaf id="120"><points><p colinear="true" x="676.0442477876106" y="767" c1x="0" c1y="0" c2x="0" c2y="0"/><p colinear="true" x="647.3451327433628" y="790" c1x="0" c1y="0" c2x="0" c2y="0"/></points><startConnector><rConnector id="121"><Owner><ent ref="a5"/></Owner></rConnector></startConnector><endConnector><rConnector id="122"><Owner><atr ref="11d"/></Owner></rConnector></endConnector></lcaf><llabelDoubleGeneralizacao id="123" labelGeneralizacaoText=""><points><p colinear="true" x="761.7262569832402" y="224" c1x="0" c1y="0" c2x="0" c2y="0"/><p colinear="true" x="764.9106145251396" y="281" c1x="0" c1y="0" c2x="0" c2y="0"/></points><startConnector><rConnector id="124"><Owner><disjuncao ref="fc"/></Owner></rConnector></startConnector><endConnector><rConnector id="125"><Owner><entfraca ref="6"/></Owner></rConnector></endConnector><a><innerStrokeWidthFactor><double>3</double></innerStrokeWidthFactor></a><a><innerStrokeWidthFactor><double>3</double></innerStrokeWidthFactor></a></llabelDoubleGeneralizacao><generalizacaoLine id="126"><points><p colinear="true" x="748" y="202.00655737704918" c1x="0" c1y="0" c2x="0" c2y="0"/><p colinear="true" x="646.8056872037914" y="132" c1x="0" c1y="0" c2x="0" c2y="0"/></points><startConnector><rConnector id="127"><Owner><disjuncao ref="fc"/></Owner></rConnector></startConnector><endConnector><rConnector id="128"><Owner><ent ref="f3"/></Owner></rConnector></endConnector></generalizacaoLine><generalizacaoLine id="129"><points><p colinear="true" x="765.3333333333334" y="198" c1x="0" c1y="0" c2x="0" c2y="0"/><p colinear="true" x="787.6666666666666" y="131" c1x="0" c1y="0" c2x="0" c2y="0"/></points><startConnector><rConnector id="12a"><Owner><disjuncao ref="fc"/></Owner></rConnector></startConnector><endConnector><rConnector id="12b"><Owner><ent ref="f6"/></Owner></rConnector></endConnector></generalizacaoLine><generalizacaoLine id="12c"><points><p colinear="true" x="774" y="205.40235294117647" c1x="0" c1y="0" c2x="0" c2y="0"/><p colinear="true" x="920" y="142.5364705882353" c1x="0" c1y="0" c2x="0" c2y="0"/></points><startConnector><rConnector id="12d"><Owner><disjuncao ref="fc"/></Owner></rConnector></startConnector><endConnector><rConnector id="12e"><Owner><ent ref="f9"/></Owner></rConnector></endConnector></generalizacaoLine></figures></drawing>