<drawing><figures><lcaf id="0"><points><p colinear="true" x="332.9056603773585" y="82" c1x="0" c1y="0" c2x="0" c2y="0"/><p colinear="true" x="367.188679245283" y="105" c1x="0" c1y="0" c2x="0" c2y="0"/></points><startConnector><rConnector id="1"><Owner><atrchave id="2" nullable="false" attributeType="NUMBER"><children><e id="3" x="278" y="62" w="80" h="20"><a><fillColor><color rgba="#ffffebeb"/></fillColor></a></e><t id="4" x="310.529296875" y="64.7080078125"><a><fontUnderlined><boolean>true</boolean></fontUnderlined><fontBold><boolean>true</boolean></fontBold><text><string>Id</string></text></a></t></children></atrchave></Owner></rConnector></startConnector><endConnector><rConnector id="5"><Owner><ent id="6"><children><r id="7" x="357" y="105" w="80" h="40"><a><fillColor><color rgba="#ffebffe8"/></fillColor></a></r><t id="8" x="370.5126953125" y="117.7080078125"><a><text><string>Producto</string></text></a></t></children></ent></Owner></rConnector></endConnector></lcaf><atrchave ref="2"/><ent ref="6"/><ent id="9"><children><r id="a" x="95" y="280" w="80" h="40"><a><fillColor><color rgba="#ffebffe8"/></fillColor></a></r><t id="b" x="112.2333984375" y="292.7080078125"><a><text><string>Usuario</string></text></a></t></children></ent><ent id="c"><children><r id="d" x="347" y="318" w="80" h="39"><a><fillColor><color rgba="#ffebffe8"/></fillColor></a></r><t id="e" x="366.9228515625" y="330.2080078125"><a><text><string>pedido</string></text></a></t></children></ent><ent id="f"><children><r id="10" x="551" y="227" w="124.361328125" h="39"><a><fillColor><color rgba="#ffebffe8"/></fillColor></a></r><t id="11" x="561" y="239.2080078125"><a><text><string>Equipos de pesca</string></text></a></t></children></ent><ent id="12"><children><r id="13" x="783" y="245" w="80" h="39"><a><fillColor><color rgba="#ffebffe8"/></fillColor></a></r><t id="14" x="794.4560546875" y="257.2080078125"><a><text><string>Accesorio</string></text></a></t></children></ent><ent id="15"><children><r id="16" x="804" y="174" w="107.46875" h="39"><a><fillColor><color rgba="#ffebffe8"/></fillColor></a></r><t id="17" x="814" y="186.2080078125"><a><text><string>Ropa de Pesca</string></text></a></t></children></ent><ent id="18"><children><r id="19" x="47" y="102" w="80" h="40"><a><fillColor><color rgba="#ffebffe8"/></fillColor></a></r><t id="1a" x="66.943359375" y="114.7080078125"><a><text><string>Tienda</string></text></a></t></children></ent><rel id="1b"><children><diamond id="1c" x="184" y="103" w="80" h="40"><a><fillColor><color rgba="#ffddddff"/></fillColor></a></diamond><t id="1d" x="209.0439453125" y="115.7080078125"><a><text><string>tiene</string></text></a></t></children></rel><llabelUm id="1e"><points><p colinear="true" x="184" y="122.7080291970803" c1x="-18" c1y="44" c2x="-18" c2y="44"/><p colinear="true" x="127" y="122.2919708029197" c1x="-18" c1y="44" c2x="-18" c2y="44"/></points><startConnector><rConnector id="1f"><Owner><rel ref="1b"/></Owner></rConnector></startConnector><endConnector><rConnector id="20"><Owner><ent ref="18"/></Owner></rConnector></endConnector></llabelUm><llabelDoubleMuitos id="21"><points><p colinear="true" x="264" y="123.46242774566474" c1x="-18" c1y="44" c2x="-18" c2y="44"/><p colinear="true" x="357" y="124.53757225433526" c1x="-18" c1y="44" c2x="-18" c2y="44"/></points><startConnector><rConnector id="22"><Owner><rel ref="1b"/></Owner></rConnector></startConnector><endConnector><rConnector id="23"><Owner><ent ref="6"/></Owner></rConnector></endConnector><a><innerStrokeWidthFactor><double>3</double></innerStrokeWidthFactor><text><string>N</string></text></a></llabelDoubleMuitos><rel id="24"><children><diamond id="25" x="347" y="219" w="80" h="40"><a><fillColor><color rgba="#ffddddff"/></fillColor></a></diamond><t id="26" x="352.6171875" y="231.7080078125"><a><text><string>prod_venta</string></text></a></t></children></rel><rel id="27"><children><diamond id="28" x="202" y="325" w="80" h="40"><a><fillColor><color rgba="#ffddddff"/></fillColor></a></diamond><t id="29" x="208.015625" y="337.7080078125"><a><text><string>usur_venta</string></text></a></t></children></rel><llabelMuitos id="2a"><points><p colinear="true" x="388.7543859649123" y="219" c1x="-18" c1y="44" c2x="-18" c2y="44"/><p colinear="true" x="395.2456140350877" y="145" c1x="-18" c1y="44" c2x="-18" c2y="44"/></points><startConnector><rConnector id="2b"><Owner><rel ref="24"/></Owner></rConnector></startConnector><endConnector><rConnector id="2c"><Owner><ent ref="6"/></Owner></rConnector></endConnector><a><text><string>N</string></text></a></llabelMuitos><llabelUm id="2d"><points><p colinear="true" x="202" y="328.177570093458" c1x="-18" c1y="44" c2x="-18" c2y="44"/><p colinear="true" x="175" y="316.8224299065421" c1x="-18" c1y="44" c2x="-18" c2y="44"/></points><startConnector><rConnector id="2e"><Owner><rel ref="27"/></Owner></rConnector></startConnector><endConnector><rConnector id="2f"><Owner><ent ref="9"/></Owner></rConnector></endConnector></llabelUm><llabelDoubleMuitos id="30"><points><p colinear="true" x="282" y="342.9310344827586" c1x="26" c1y="66" c2x="26" c2y="66"/><p colinear="true" x="347" y="339.5689655172414" c1x="26" c1y="66" c2x="26" c2y="66"/></points><startConnector><rConnector id="31"><Owner><rel ref="27"/></Owner></rConnector></startConnector><endConnector><rConnector id="32"><Owner><ent ref="c"/></Owner></rConnector></endConnector><a><innerStrokeWidthFactor><double>3</double></innerStrokeWidthFactor><text><string>N</string></text></a></llabelDoubleMuitos><llabelDoubleUm id="33"><points><p colinear="true" x="387" y="259" c1x="26" c1y="66" c2x="26" c2y="66"/><p colinear="true" x="387" y="318" c1x="26" c1y="66" c2x="26" c2y="66"/></points><startConnector><rConnector id="34"><Owner><rel ref="24"/></Owner></rConnector></startConnector><endConnector><rConnector id="35"><Owner><ent ref="c"/></Owner></rConnector></endConnector><a><innerStrokeWidthFactor><double>3</double></innerStrokeWidthFactor></a></llabelDoubleUm><atr id="36" nullable="false" attributeType="VARCHAR2(128)"><children><e id="37" x="22" y="37" w="80" h="20"><a><fillColor><color rgba="#ffffebeb"/></fillColor></a></e><t id="38" x="38.1611328125" y="39.7080078125"><a><text><string>Nombre</string></text></a></t></children></atr><lcaf id="39"><points><p colinear="true" x="80.33333333333334" y="102" c1x="26" c1y="66" c2x="26" c2y="66"/><p colinear="true" x="65.33333333333334" y="57" c1x="26" c1y="66" c2x="26" c2y="66"/></points><startConnector><rConnector id="3a"><Owner><ent ref="18"/></Owner></rConnector></startConnector><endConnector><rConnector id="3b"><Owner><atr ref="36"/></Owner></rConnector></endConnector></lcaf><atr id="3c" nullable="false" attributeType="VARCHAR2(128)"><children><e id="3d" x="41" y="175" w="80" h="20"><a><fillColor><color rgba="#ffffebeb"/></fillColor></a></e><t id="3e" x="53.2587890625" y="177.7080078125"><a><text><string>Direccion</string></text></a></t></children></atr><atrmulti id="3f" nullable="false" attributeType="VARCHAR2(128)"><children><e id="40" x="120" y="40" w="80" h="20"><a><fillColor><color rgba="#ffffebeb"/></fillColor><strokeType><enum type="strokeType">DOUBLE</enum></strokeType><innerStrokeWidthFactor><double>3</double></innerStrokeWidthFactor></a></e><t id="41" x="133.85546875" y="42.7080078125"><a><text><string>Tefefono</string></text></a></t></children></atrmulti><lcaf id="42"><points><p colinear="true" x="85.0952380952381" y="142" c1x="26" c1y="66" c2x="26" c2y="66"/><p colinear="true" x="81.95238095238096" y="175" c1x="26" c1y="66" c2x="26" c2y="66"/></points><startConnector><rConnector id="43"><Owner><ent ref="18"/></Owner></rConnector></startConnector><endConnector><rConnector id="44"><Owner><atr ref="3c"/></Owner></rConnector></endConnector></lcaf><lcaf id="45"><points><p colinear="true" x="107.27777777777777" y="102" c1x="26" c1y="66" c2x="26" c2y="66"/><p colinear="true" x="149.86111111111111" y="60" c1x="26" c1y="66" c2x="26" c2y="66"/></points><startConnector><rConnector id="46"><Owner><ent ref="18"/></Owner></rConnector></startConnector><endConnector><rConnector id="47"><Owner><atrmulti ref="3f"/></Owner></rConnector></endConnector></lcaf><atr id="48" nullable="false" attributeType="VARCHAR2(128)"><children><e id="49" x="397" y="39" w="80" h="20"><a><fillColor><color rgba="#ffffebeb"/></fillColor></a></e><t id="4a" x="415.9677734375" y="41.7080078125"><a><text><string>Detalle</string></text></a></t></children></atr><lcaf id="4b"><points><p colinear="true" x="431.7368421052631" y="59" c1x="0" c1y="0" c2x="0" c2y="0"/><p colinear="true" x="407.5263157894737" y="105" c1x="0" c1y="0" c2x="0" c2y="0"/></points><startConnector><rConnector id="4c"><Owner><atr ref="48"/></Owner></rConnector></startConnector><endConnector><rConnector id="4d"><Owner><ent ref="6"/></Owner></rConnector></endConnector></lcaf><atrchave id="4e" nullable="false" attributeType="NUMBER"><children><e id="4f" x="687" y="283" w="63" h="20"><a><fillColor><color rgba="#ffffebeb"/></fillColor></a></e><t id="50" x="711.029296875" y="285.7080078125"><a><fontUnderlined><boolean>true</boolean></fontUnderlined><fontBold><boolean>true</boolean></fontBold><text><string>Id</string></text></a></t></children></atrchave><atrchave id="51" nullable="false" attributeType="NUMBER"><children><e id="52" x="869" y="254" w="63" h="20"><a><fillColor><color rgba="#ffffebeb"/></fillColor></a></e><t id="53" x="893.029296875" y="256.7080078125"><a><fontUnderlined><boolean>true</boolean></fontUnderlined><fontBold><boolean>true</boolean></fontBold><text><string>Id</string></text></a></t></children></atrchave><atrchave id="54" nullable="false" attributeType="NUMBER"><children><e id="55" x="989" y="275" w="63" h="20"><a><fillColor><color rgba="#ffffebeb"/></fillColor></a></e><t id="56" x="1013.029296875" y="277.7080078125"><a><fontUnderlined><boolean>true</boolean></fontUnderlined><fontBold><boolean>true</boolean></fontBold><text><string>Id</string></text></a></t></children></atrchave><lcaf id="57"><points><p colinear="true" x="657.3468371975806" y="266" c1x="0" c1y="0" c2x="0" c2y="0"/><p colinear="true" x="695.8506804435484" y="283" c1x="0" c1y="0" c2x="0" c2y="0"/></points><startConnector><rConnector id="58"><Owner><ent ref="f"/></Owner></rConnector></startConnector><endConnector><rConnector id="59"><Owner><atrchave ref="4e"/></Owner></rConnector></endConnector></lcaf><lcaf id="5a"><points><p colinear="true" x="863" y="264.241935483871" c1x="0" c1y="0" c2x="0" c2y="0"/><p colinear="true" x="869" y="264.2032258064516" c1x="0" c1y="0" c2x="0" c2y="0"/></points><startConnector><rConnector id="5b"><Owner><ent ref="12"/></Owner></rConnector></startConnector><endConnector><rConnector id="5c"><Owner><atrchave ref="51"/></Owner></rConnector></endConnector></lcaf><lcaf id="5d"><points><p colinear="true" x="892.422131147541" y="213" c1x="-30.001320422535173" c1y="13" c2x="-30.001320422535173" c2y="13"/><p colinear="true" x="1002.7114071038251" y="275" c1x="-30.001320422535173" c1y="13" c2x="-30.001320422535173" c2y="13"/></points><startConnector><rConnector id="5e"><Owner><ent ref="15"/></Owner></rConnector></startConnector><endConnector><rConnector id="5f"><Owner><atrchave ref="54"/></Owner></rConnector></endConnector></lcaf><atr id="60" nullable="false" attributeType="VARCHAR2(128)"><children><e id="61" x="341" y="460" w="80" h="20"><a><fillColor><color rgba="#ffffebeb"/></fillColor></a></e><t id="62" x="364.7900390625" y="462.7080078125"><a><text><string>fecha</string></text></a></t></children></atr><atrchave id="63" nullable="false" attributeType="NUMBER"><children><e id="64" x="408" y="406" w="63" h="20"><a><fillColor><color rgba="#ffffebeb"/></fillColor></a></e><t id="65" x="432.029296875" y="408.7080078125"><a><fontUnderlined><boolean>true</boolean></fontUnderlined><fontBold><boolean>true</boolean></fontBold><text><string>Id</string></text></a></t></children></atrchave><lcaf id="66"><points><p colinear="true" x="400.04140127388536" y="357" c1x="0" c1y="0" c2x="0" c2y="0"/><p colinear="true" x="432.812101910828" y="406" c1x="0" c1y="0" c2x="0" c2y="0"/></points><startConnector><rConnector id="67"><Owner><ent ref="c"/></Owner></rConnector></startConnector><endConnector><rConnector id="68"><Owner><atrchave ref="63"/></Owner></rConnector></endConnector></lcaf><lcaf id="69"><points><p colinear="true" x="386.11698113207547" y="357" c1x="0" c1y="0" c2x="0" c2y="0"/><p colinear="true" x="381.45283018867923" y="460" c1x="0" c1y="0" c2x="0" c2y="0"/></points><startConnector><rConnector id="6a"><Owner><ent ref="c"/></Owner></rConnector></startConnector><endConnector><rConnector id="6b"><Owner><atr ref="60"/></Owner></rConnector></endConnector></lcaf><atrmulti id="6c" nullable="false" attributeType="VARCHAR2(128)"><children><e id="6d" x="126" y="216" w="80" h="20"><a><fillColor><color rgba="#ffffebeb"/></fillColor><strokeType><enum type="strokeType">DOUBLE</enum></strokeType><innerStrokeWidthFactor><double>3</double></innerStrokeWidthFactor></a></e><t id="6e" x="141.6513671875" y="218.7080078125"><a><text><string>telefono</string></text></a></t></children></atrmulti><atrchave id="6f" nullable="false" attributeType="NUMBER"><children><e id="70" x="64" y="237" w="63" h="20"><a><fillColor><color rgba="#ffffebeb"/></fillColor></a></e><t id="71" x="88.029296875" y="239.7080078125"><a><fontUnderlined><boolean>true</boolean></fontUnderlined><fontBold><boolean>true</boolean></fontBold><text><string>Id</string></text></a></t></children></atrchave><lcaf id="72"><points><p colinear="true" x="102.95283018867924" y="257" c1x="0" c1y="0" c2x="0" c2y="0"/><p colinear="true" x="120.0943396226415" y="280" c1x="0" c1y="0" c2x="0" c2y="0"/></points><startConnector><rConnector id="73"><Owner><atrchave ref="6f"/></Owner></rConnector></startConnector><endConnector><rConnector id="74"><Owner><ent ref="9"/></Owner></rConnector></endConnector></lcaf><lcaf id="75"><points><p colinear="true" x="161.8108108108108" y="236" c1x="0" c1y="0" c2x="0" c2y="0"/><p colinear="true" x="143.3783783783784" y="280" c1x="0" c1y="0" c2x="0" c2y="0"/></points><startConnector><rConnector id="76"><Owner><atrmulti ref="6c"/></Owner></rConnector></startConnector><endConnector><rConnector id="77"><Owner><ent ref="9"/></Owner></rConnector></endConnector></lcaf><atr id="78" nullable="false" attributeType="VARCHAR2(128)"><children><e id="79" x="43" y="342" w="80" h="20"><a><fillColor><color rgba="#ffffebeb"/></fillColor></a></e><t id="7a" x="59.1611328125" y="344.7080078125"><a><text><string>Nombre</string></text></a></t></children></atr><atr id="7b" nullable="false" attributeType="VARCHAR2(128)"><children><e id="7c" x="13" y="405" w="80" h="20"><a><fillColor><color rgba="#ffffebeb"/></fillColor></a></e><t id="7d" x="17.8115234375" y="407.7080078125"><a><text><string>Primer_App</string></text></a></t></children></atr><atr id="7e" nullable="false" attributeType="VARCHAR2(128)"><children><e id="7f" x="125" y="388" w="80" h="20"><a><fillColor><color rgba="#ffffebeb"/></fillColor></a></e><t id="80" x="126.9580078125" y="390.7080078125"><a><text><string>Segundo_Ap</string></text></a></t></children></atr><atr id="81" nullable="false" attributeType="VARCHAR2(128)"><children><e id="82" x="99" y="443" w="80" h="20"><a><fillColor><color rgba="#ffffebeb"/></fillColor></a></e><t id="83" x="115.1611328125" y="445.7080078125"><a><text><string>Nombre</string></text></a></t></children></atr><lcaf id="84"><points><p colinear="true" x="115" y="320" c1x="0" c1y="0" c2x="0" c2y="0"/><p colinear="true" x="93" y="342" c1x="0" c1y="0" c2x="0" c2y="0"/></points><startConnector><rConnector id="85"><Owner><ent ref="9"/></Owner></rConnector></startConnector><endConnector><rConnector id="86"><Owner><atr ref="78"/></Owner></rConnector></endConnector></lcaf><lcaf id="87"><points><p colinear="true" x="78.23809523809524" y="362" c1x="0" c1y="0" c2x="0" c2y="0"/><p colinear="true" x="57.76190476190476" y="405" c1x="0" c1y="0" c2x="0" c2y="0"/></points><startConnector><rConnector id="88"><Owner><atr ref="78"/></Owner></rConnector></startConnector><endConnector><rConnector id="89"><Owner><atr ref="7b"/></Owner></rConnector></endConnector></lcaf><lcaf id="8a"><points><p colinear="true" x="100.82608695652172" y="362" c1x="0" c1y="0" c2x="0" c2y="0"/><p colinear="true" x="147.17391304347825" y="388" c1x="0" c1y="0" c2x="0" c2y="0"/></points><startConnector><rConnector id="8b"><Owner><atr ref="78"/></Owner></rConnector></startConnector><endConnector><rConnector id="8c"><Owner><atr ref="7e"/></Owner></rConnector></endConnector></lcaf><lcaf id="8d"><points><p colinear="true" x="88.54455445544555" y="362" c1x="0" c1y="0" c2x="0" c2y="0"/><p colinear="true" x="133.45544554455444" y="443" c1x="0" c1y="0" c2x="0" c2y="0"/></points><startConnector><rConnector id="8e"><Owner><atr ref="78"/></Owner></rConnector></startConnector><endConnector><rConnector id="8f"><Owner><atr ref="81"/></Owner></rConnector></endConnector></lcaf><atr id="90" nullable="false" attributeType="VARCHAR2(128)"><children><e id="91" x="227" y="229" w="80" h="20"><a><fillColor><color rgba="#ffffebeb"/></fillColor></a></e><t id="92" x="247.8955078125" y="231.7080078125"><a><text><string>correo</string></text></a></t></children></atr><atr id="93" nullable="false" attributeType="VARCHAR2(128)"><children><e id="94" x="228" y="281" w="80" h="20"><a><fillColor><color rgba="#ffffebeb"/></fillColor></a></e><t id="95" x="234.806640625" y="283.7080078125"><a><text><string>contrase&#xf1;a</string></text></a></t></children></atr><lcaf id="96"><points><p colinear="true" x="175" y="281.5151515151515" c1x="0" c1y="0" c2x="0" c2y="0"/><p colinear="true" x="245.36065573770492" y="249" c1x="0" c1y="0" c2x="0" c2y="0"/></points><startConnector><rConnector id="97"><Owner><ent ref="9"/></Owner></rConnector></startConnector><endConnector><rConnector id="98"><Owner><atr ref="90"/></Owner></rConnector></endConnector></lcaf><lcaf id="99"><points><p colinear="true" x="175" y="297.29323308270676" c1x="0" c1y="0" c2x="0" c2y="0"/><p colinear="true" x="228" y="293.70676691729324" c1x="0" c1y="0" c2x="0" c2y="0"/></points><startConnector><rConnector id="9a"><Owner><ent ref="9"/></Owner></rConnector></startConnector><endConnector><rConnector id="9b"><Owner><atr ref="93"/></Owner></rConnector></endConnector></lcaf><ent id="9c"><children><r id="9d" x="491" y="378" w="80" h="40"><a><fillColor><color rgba="#ffebffe8"/></fillColor></a></r><t id="9e" x="516.8701171875" y="390.7080078125"><a><text><string>ca&#xf1;a</string></text></a></t></children></ent><ent id="9f"><children><r id="a0" x="587" y="465" w="80" h="40"><a><fillColor><color rgba="#ffebffe8"/></fillColor></a></r><t id="a1" x="605.63671875" y="477.7080078125"><a><text><string>carrete</string></text></a></t></children></ent><ent id="a2"><children><r id="a3" x="735" y="407" w="80" h="40"><a><fillColor><color rgba="#ffebffe8"/></fillColor></a></r><t id="a4" x="751.84375" y="419.7080078125"><a><text><string>se&#xf1;uelo</string></text></a></t></children></ent><disjuncao id="a5"><children><circ id="a6" x="602" y="325" w="20" h="20"><a><fillColor><color rgba="#fff5f2e0"/></fillColor></a></circ><tn id="a7" x="606" y="326"><a><fontBold><boolean>true</boolean></fontBold><fontSize><double>16</double></fontSize><text><string>d</string></text></a></tn></children></disjuncao><llabelDoubleGeneralizacao id="a8" labelGeneralizacaoText=""><points><p colinear="true" x="612.9211706006059" y="266" c1x="0" c1y="0" c2x="0" c2y="0"/><p colinear="true" x="612.1360365364136" y="325" c1x="0" c1y="0" c2x="0" c2y="0"/></points><startConnector><rConnector id="a9"><Owner><ent ref="f"/></Owner></rConnector></startConnector><endConnector><rConnector id="aa"><Owner><disjuncao ref="a5"/></Owner></rConnector></endConnector><a><innerStrokeWidthFactor><double>3</double></innerStrokeWidthFactor></a><a><innerStrokeWidthFactor><double>3</double></innerStrokeWidthFactor></a></llabelDoubleGeneralizacao><generalizacaoLine id="ab"><points><p colinear="true" x="602" y="342.97294560185185" c1x="-11.061403508771946" c1y="-3" c2x="-11.061403508771946" c2y="-3"/><p colinear="true" x="556.8054881463506" y="378" c1x="-11.061403508771946" c1y="-3" c2x="-11.061403508771946" c2y="-3"/></points><startConnector><rConnector id="ac"><Owner><disjuncao ref="a5"/></Owner></rConnector></startConnector><endConnector><rConnector id="ad"><Owner><ent ref="9c"/></Owner></rConnector></endConnector></generalizacaoLine><generalizacaoLine id="ae"><points><p colinear="true" x="613.023785306314" y="345.4453125" c1x="-11.061403508771946" c1y="-3" c2x="-11.061403508771946" c2y="-3"/><p colinear="true" x="624.9970268367107" y="465" c1x="-11.061403508771946" c1y="-3" c2x="-11.061403508771946" c2y="-3"/></points><startConnector><rConnector id="af"><Owner><disjuncao ref="a5"/></Owner></rConnector></startConnector><endConnector><rConnector id="b0"><Owner><ent ref="9f"/></Owner></rConnector></endConnector></generalizacaoLine><generalizacaoLine id="b1"><points><p colinear="true" x="622" y="340.8531681365031" c1x="-11.061403508771946" c1y="-3" c2x="-11.061403508771946" c2y="-3"/><p colinear="true" x="739.4792509044478" y="407" c1x="-11.061403508771946" c1y="-3" c2x="-11.061403508771946" c2y="-3"/></points><startConnector><rConnector id="b2"><Owner><disjuncao ref="a5"/></Owner></rConnector></startConnector><endConnector><rConnector id="b3"><Owner><ent ref="a2"/></Owner></rConnector></endConnector></generalizacaoLine><atrchave id="b4" nullable="false" attributeType="NUMBER"><children><e id="b5" x="484" y="323" w="63" h="20"><a><fillColor><color rgba="#ffffebeb"/></fillColor></a></e><t id="b6" x="508.029296875" y="325.7080078125"><a><fontUnderlined><boolean>true</boolean></fontUnderlined><fontBold><boolean>true</boolean></fontBold><text><string>Id</string></text></a></t></children></atrchave><atrchave id="b7" nullable="false" attributeType="NUMBER"><children><e id="b8" x="635" y="418" w="63" h="20"><a><fillColor><color rgba="#ffffebeb"/></fillColor></a></e><t id="b9" x="659.029296875" y="420.7080078125"><a><fontUnderlined><boolean>true</boolean></fontUnderlined><fontBold><boolean>true</boolean></fontBold><text><string>Id</string></text></a></t></children></atrchave><atrchave id="ba" nullable="false" attributeType="NUMBER"><children><e id="bb" x="721" y="363" w="63" h="20"><a><fillColor><color rgba="#ffffebeb"/></fillColor></a></e><t id="bc" x="745.029296875" y="365.7080078125"><a><fontUnderlined><boolean>true</boolean></fontUnderlined><fontBold><boolean>true</boolean></fontBold><text><string>Id</string></text></a></t></children></atrchave><lcaf id="bd"><points><p colinear="true" x="526.2307692307692" y="378" c1x="-11.061403508771946" c1y="-3" c2x="-11.061403508771946" c2y="-3"/><p colinear="true" x="517.8846153846154" y="343" c1x="-11.061403508771946" c1y="-3" c2x="-11.061403508771946" c2y="-3"/></points><startConnector><rConnector id="be"><Owner><ent ref="9c"/></Owner></rConnector></startConnector><endConnector><rConnector id="bf"><Owner><atrchave ref="b4"/></Owner></rConnector></endConnector></lcaf><lcaf id="c0"><points><p colinear="true" x="640.859649122807" y="465" c1x="-11.061403508771946" c1y="-3" c2x="-11.061403508771946" c2y="-3"/><p colinear="true" x="659.5701754385965" y="438" c1x="-11.061403508771946" c1y="-3" c2x="-11.061403508771946" c2y="-3"/></points><startConnector><rConnector id="c1"><Owner><ent ref="9f"/></Owner></rConnector></startConnector><endConnector><rConnector id="c2"><Owner><atrchave ref="b7"/></Owner></rConnector></endConnector></lcaf><lcaf id="c3"><points><p colinear="true" x="766.6666666666666" y="407" c1x="-11.061403508771946" c1y="-3" c2x="-11.061403508771946" c2y="-3"/><p colinear="true" x="756.6666666666666" y="383" c1x="-11.061403508771946" c1y="-3" c2x="-11.061403508771946" c2y="-3"/></points><startConnector><rConnector id="c4"><Owner><ent ref="a2"/></Owner></rConnector></startConnector><endConnector><rConnector id="c5"><Owner><atrchave ref="ba"/></Owner></rConnector></endConnector></lcaf><ent id="c6"><children><r id="c7" x="827" y="444" w="80" h="40"><a><fillColor><color rgba="#ffebffe8"/></fillColor></a></r><t id="c8" x="834.0556640625" y="456.7080078125"><a><text><string>A_terminal</string></text></a></t></children></ent><ent id="c9"><children><r id="ca" x="960" y="430" w="101.509765625" h="40"><a><fillColor><color rgba="#ffebffe8"/></fillColor></a></r><t id="cb" x="973.1259765625" y="442.7080078125"><a><text><string>Herramienta</string></text></a></t></children></ent><disjuncao id="cc"><children><circ id="cd" x="911" y="357" w="20" h="20"><a><fillColor><color rgba="#fff5f2e0"/></fillColor></a></circ><tn id="ce" x="915" y="358"><a><fontBold><boolean>true</boolean></fontBold><fontSize><double>16</double></fontSize><text><string>d</string></text></a></tn></children></disjuncao><llabelDoubleGeneralizacao id="cf" labelGeneralizacaoText=""><points><p colinear="true" x="841.6034908924972" y="284" c1x="0" c1y="0" c2x="0" c2y="0"/><p colinear="true" x="911.2473285926151" y="357" c1x="0" c1y="0" c2x="0" c2y="0"/></points><startConnector><rConnector id="d0"><Owner><ent ref="12"/></Owner></rConnector></startConnector><endConnector><rConnector id="d1"><Owner><disjuncao ref="cc"/></Owner></rConnector></endConnector><a><innerStrokeWidthFactor><double>3</double></innerStrokeWidthFactor></a><a><innerStrokeWidthFactor><double>3</double></innerStrokeWidthFactor></a></llabelDoubleGeneralizacao><generalizacaoLine id="d2"><points><p colinear="true" x="915.2959434914228" y="377.4453125" c1x="0" c1y="0" c2x="0" c2y="0"/><p colinear="true" x="878.1596367305751" y="444" c1x="0" c1y="0" c2x="0" c2y="0"/></points><startConnector><rConnector id="d3"><Owner><disjuncao ref="cc"/></Owner></rConnector></startConnector><endConnector><rConnector id="d4"><Owner><ent ref="c6"/></Owner></rConnector></endConnector></generalizacaoLine><generalizacaoLine id="d5"><points><p colinear="true" x="931" y="376.44525686582654" c1x="0" c1y="0" c2x="0" c2y="0"/><p colinear="true" x="989.0690256089702" y="430" c1x="0" c1y="0" c2x="0" c2y="0"/></points><startConnector><rConnector id="d6"><Owner><disjuncao ref="cc"/></Owner></rConnector></startConnector><endConnector><rConnector id="d7"><Owner><ent ref="c9"/></Owner></rConnector></endConnector></generalizacaoLine><atrchave id="d8" nullable="false" attributeType="NUMBER"><children><e id="d9" x="821" y="517" w="63" h="20"><a><fillColor><color rgba="#ffffebeb"/></fillColor></a></e><t id="da" x="845.029296875" y="519.7080078125"><a><fontUnderlined><boolean>true</boolean></fontUnderlined><fontBold><boolean>true</boolean></fontBold><text><string>Id</string></text></a></t></children></atrchave><atrchave id="db" nullable="false" attributeType="NUMBER"><children><e id="dc" x="963" y="517" w="63" h="20"><a><fillColor><color rgba="#ffffebeb"/></fillColor></a></e><t id="dd" x="987.029296875" y="519.7080078125"><a><fontUnderlined><boolean>true</boolean></fontUnderlined><fontBold><boolean>true</boolean></fontBold><text><string>Id</string></text></a></t></children></atrchave><lcaf id="de"><points><p colinear="true" x="862.3968253968254" y="484" c1x="0" c1y="0" c2x="0" c2y="0"/><p colinear="true" x="854.8015873015873" y="517" c1x="0" c1y="0" c2x="0" c2y="0"/></points><startConnector><rConnector id="df"><Owner><ent ref="c6"/></Owner></rConnector></startConnector><endConnector><rConnector id="e0"><Owner><atrchave ref="d8"/></Owner></rConnector></endConnector></lcaf><lcaf id="e1"><points><p colinear="true" x="1006.5328353287338" y="470" c1x="0" c1y="0" c2x="0" c2y="0"/><p colinear="true" x="996.6110237418832" y="517" c1x="0" c1y="0" c2x="0" c2y="0"/></points><startConnector><rConnector id="e2"><Owner><ent ref="c9"/></Owner></rConnector></startConnector><endConnector><rConnector id="e3"><Owner><atrchave ref="db"/></Owner></rConnector></endConnector></lcaf><atr id="e4" nullable="false" attributeType="VARCHAR2(128)"><children><e id="e5" x="702" y="473" w="80" h="20"><a><fillColor><color rgba="#ffffebeb"/></fillColor></a></e><t id="e6" x="730.609375" y="475.7080078125"><a><text><string>tipo</string></text></a></t></children></atr><atr id="e7" nullable="false" attributeType="VARCHAR2(128)"><children><e id="e8" x="462" y="463" w="80" h="20"><a><fillColor><color rgba="#ffffebeb"/></fillColor></a></e><t id="e9" x="490.609375" y="465.7080078125"><a><text><string>tipo</string></text></a></t></children></atr><lcaf id="ea"><points><p colinear="true" x="505.8666666666667" y="463" c1x="0" c1y="0" c2x="0" c2y="0"/><p colinear="true" x="523.2666666666667" y="418" c1x="0" c1y="0" c2x="0" c2y="0"/></points><startConnector><rConnector id="eb"><Owner><atr ref="e7"/></Owner></rConnector></startConnector><endConnector><rConnector id="ec"><Owner><ent ref="9c"/></Owner></rConnector></endConnector></lcaf><atr id="ed" nullable="false" attributeType="VARCHAR2(128)"><children><e id="ee" x="633" y="529" w="80" h="20"><a><fillColor><color rgba="#ffffebeb"/></fillColor></a></e><t id="ef" x="661.609375" y="531.7080078125"><a><text><string>tipo</string></text></a></t></children></atr><lcaf id="f0"><points><p colinear="true" x="664.4814814814815" y="529" c1x="0" c1y="0" c2x="0" c2y="0"/><p colinear="true" x="644.0370370370371" y="505" c1x="0" c1y="0" c2x="0" c2y="0"/></points><startConnector><rConnector id="f1"><Owner><atr ref="ed"/></Owner></rConnector></startConnector><endConnector><rConnector id="f2"><Owner><ent ref="9f"/></Owner></rConnector></endConnector></lcaf><lcaf id="f3"><points><p colinear="true" x="747.8928571428571" y="473" c1x="0" c1y="0" c2x="0" c2y="0"/><p colinear="true" x="763.2142857142857" y="447" c1x="0" c1y="0" c2x="0" c2y="0"/></points><startConnector><rConnector id="f4"><Owner><atr ref="e4"/></Owner></rConnector></startConnector><endConnector><rConnector id="f5"><Owner><ent ref="a2"/></Owner></rConnector></endConnector></lcaf><disjuncao id="f6"><children><circ id="f7" x="576" y="118" w="20" h="20"><a><fillColor><color rgba="#fff5f2e0"/></fillColor></a></circ><tn id="f8" x="580" y="119"><a><fontBold><boolean>true</boolean></fontBold><fontSize><double>16</double></fontSize><text><string>d</string></text></a></tn></children></disjuncao><generalizacaoLine id="f9"><points><p colinear="true" x="588.3492122544193" y="138.4453125" c1x="0" c1y="0" c2x="0" c2y="0"/><p colinear="true" x="608.6994766058468" y="227" c1x="0" c1y="0" c2x="0" c2y="0"/></points><startConnector><rConnector id="fa"><Owner><disjuncao ref="f6"/></Owner></rConnector></startConnector><endConnector><rConnector id="fb"><Owner><ent ref="f"/></Owner></rConnector></endConnector></generalizacaoLine><generalizacaoLine id="fc"><points><p colinear="true" x="596" y="133.97275514240505" c1x="0" c1y="0" c2x="0" c2y="0"/><p colinear="true" x="789.0875397712615" y="245" c1x="0" c1y="0" c2x="0" c2y="0"/></points><startConnector><rConnector id="fd"><Owner><disjuncao ref="f6"/></Owner></rConnector></startConnector><endConnector><rConnector id="fe"><Owner><ent ref="12"/></Owner></rConnector></endConnector></generalizacaoLine><generalizacaoLine id="ff"><points><p colinear="true" x="596" y="130.62490453934507" c1x="0" c1y="0" c2x="0" c2y="0"/><p colinear="true" x="804" y="180.5916689577224" c1x="0" c1y="0" c2x="0" c2y="0"/></points><startConnector><rConnector id="100"><Owner><disjuncao ref="f6"/></Owner></rConnector></startConnector><endConnector><rConnector id="101"><Owner><ent ref="15"/></Owner></rConnector></endConnector></generalizacaoLine><llabelDoubleGeneralizacao id="102" labelGeneralizacaoText=""><points><p colinear="true" x="437" y="125.68204365079364" c1x="0" c1y="0" c2x="0" c2y="0"/><p colinear="true" x="576" y="128.0521453373016" c1x="0" c1y="0" c2x="0" c2y="0"/></points><startConnector><rConnector id="103"><Owner><ent ref="6"/></Owner></rConnector></startConnector><endConnector><rConnector id="104"><Owner><disjuncao ref="f6"/></Owner></rConnector></endConnector><a><innerStrokeWidthFactor><double>3</double></innerStrokeWidthFactor></a><a><innerStrokeWidthFactor><double>3</double></innerStrokeWidthFactor></a></llabelDoubleGeneralizacao><atr id="105" nullable="false" attributeType="VARCHAR2(128)"><children><e id="106" x="468" y="74" w="80" h="20"><a><fillColor><color rgba="#ffffebeb"/></fillColor></a></e><t id="107" x="489.712890625" y="76.7080078125"><a><text><string>precio</string></text></a></t></children></atr><lcaf id="108"><points><p colinear="true" x="437" y="110.22522522522523" c1x="0" c1y="0" c2x="0" c2y="0"/><p colinear="true" x="480.9268292682927" y="94" c1x="0" c1y="0" c2x="0" c2y="0"/></points><startConnector><rConnector id="109"><Owner><ent ref="6"/></Owner></rConnector></startConnector><endConnector><rConnector id="10a"><Owner><atr ref="105"/></Owner></rConnector></endConnector></lcaf><atr id="10b" nullable="false" attributeType="VARCHAR2(128)"><children><e id="10c" x="319" y="12" w="80" h="20"><a><fillColor><color rgba="#ffffebeb"/></fillColor></a></e><t id="10d" x="342.2158203125" y="14.7080078125"><a><text><string>Stock</string></text></a></t></children></atr><lcaf id="10e"><points><p colinear="true" x="362.68932038834953" y="32" c1x="0" c1y="0" c2x="0" c2y="0"/><p colinear="true" x="389.62135922330094" y="105" c1x="0" c1y="0" c2x="0" c2y="0"/></points><startConnector><rConnector id="10f"><Owner><atr ref="10b"/></Owner></rConnector></startConnector><endConnector><rConnector id="110"><Owner><ent ref="6"/></Owner></rConnector></endConnector></lcaf><atr id="111" nullable="false" attributeType="VARCHAR2(128)"><children><e id="112" x="227" y="404" w="80" h="20"><a><fillColor><color rgba="#ffffebeb"/></fillColor></a></e><t id="113" x="240.3193359375" y="406.7080078125"><a><text><string>Cantidad</string></text></a></t></children></atr><lcaf id="114"><points><p colinear="true" x="282.6862745098039" y="404" c1x="0" c1y="0" c2x="0" c2y="0"/><p colinear="true" x="356.4117647058823" y="357" c1x="0" c1y="0" c2x="0" c2y="0"/></points><startConnector><rConnector id="115"><Owner><atr ref="111"/></Owner></rConnector></startConnector><endConnector><rConnector id="116"><Owner><ent ref="c"/></Owner></rConnector></endConnector></lcaf></figures></drawing>