<?xml version="1.0" encoding="utf-8" ?>
<!-- SQL XML created by WWW SQL Designer, https://github.com/ondras/wwwsqldesigner/ -->
<!-- Active URL: https://ondras.zarovi.cz/sql/demo/ -->
<sql>
<datatypes db="mysql">
	<group label="Numeric" color="rgb(238,238,170)">
		<type label="Integer" length="0" sql="INTEGER" quote=""/>
	 	<type label="TINYINT" length="0" sql="TINYINT" quote=""/>
	 	<type label="SMALLINT" length="0" sql="SMALLINT" quote=""/>
	 	<type label="MEDIUMINT" length="0" sql="MEDIUMINT" quote=""/>
	 	<type label="INT" length="0" sql="INT" quote=""/>
		<type label="BIGINT" length="0" sql="BIGINT" quote=""/>
		<type label="Decimal" length="1" sql="DECIMAL" re="DEC" quote=""/>
		<type label="Single precision" length="0" sql="FLOAT" quote=""/>
		<type label="Double precision" length="0" sql="DOUBLE" re="DOUBLE" quote=""/>
	</group>

	<group label="Character" color="rgb(255,200,200)">
		<type label="Char" length="1" sql="CHAR" quote="'"/>
		<type label="Varchar" length="1" sql="VARCHAR" quote="'"/>
		<type label="Text" length="0" sql="MEDIUMTEXT" re="TEXT" quote="'"/>
		<type label="Binary" length="1" sql="BINARY" quote="'"/>
		<type label="Varbinary" length="1" sql="VARBINARY" quote="'"/>
		<type label="BLOB" length="0" sql="BLOB" re="BLOB" quote="'"/>
	</group>

	<group label="Date &amp; Time" color="rgb(200,255,200)">
		<type label="Date" length="0" sql="DATE" quote="'"/>
		<type label="Time" length="0" sql="TIME" quote="'"/>
		<type label="Datetime" length="0" sql="DATETIME" quote="'"/>
		<type label="Year" length="0" sql="YEAR" quote=""/>
		<type label="Timestamp" length="0" sql="TIMESTAMP" quote="'"/>
	</group>
	
	<group label="Miscellaneous" color="rgb(200,200,255)">
		<type label="ENUM" length="1" sql="ENUM" quote=""/>
		<type label="SET" length="1" sql="SET" quote=""/>
		<type label="Bit" length="0" sql="bit" quote=""/>
	</group>
</datatypes><table x="157" y="147" name="Biblioteca">
<row name="ID_Biblioteca" null="1" autoincrement="1">
<datatype>INTEGER</datatype>
<default>NULL</default></row>
<row name="nombre" null="1" autoincrement="0">
<datatype>VARCHAR</datatype>
<default>NULL</default></row>
<row name="ubicacion" null="1" autoincrement="0">
<datatype>VARCHAR</datatype>
<default>NULL</default></row>
<key type="PRIMARY" name="">
<part>ID_Biblioteca</part>
</key>
</table>
<table x="609" y="126" name="Libro">
<row name="ISBN" null="1" autoincrement="1">
<datatype>INTEGER</datatype>
<default>NULL</default></row>
<row name="Titulo_ingles" null="1" autoincrement="0">
<datatype>VARCHAR</datatype>
<default>NULL</default></row>
<row name="Titulo_español" null="1" autoincrement="0">
<datatype>VARCHAR</datatype>
<default>NULL</default></row>
<row name="año" null="1" autoincrement="0">
<datatype>INTEGER</datatype>
<default>NULL</default></row>
<row name="ID_biblioteca" null="1" autoincrement="0">
<datatype>INTEGER</datatype>
<default>NULL</default><relation table="Biblioteca" row="ID_Biblioteca" />
</row>
<row name="Codigo_categoria" null="1" autoincrement="0">
<datatype>INTEGER</datatype>
<default>NULL</default><relation table="Categoria" row="Codigo_categoria" />
</row>
<key type="PRIMARY" name="">
<part>ISBN</part>
</key>
</table>
<table x="893" y="359" name="Libro_Autor">
<row name="ISBN" null="1" autoincrement="1">
<datatype>INTEGER</datatype>
<default>NULL</default><relation table="Libro" row="ISBN" />
</row>
<row name="ID_Autor" null="1" autoincrement="0">
<datatype>INTEGER</datatype>
<default>NULL</default><relation table="Autor" row="ID_Autor" />
</row>
<key type="PRIMARY" name="">
<part>ISBN</part>
</key>
</table>
<table x="627" y="363" name="Autor">
<row name="ID_Autor" null="1" autoincrement="1">
<datatype>INTEGER</datatype>
<default>NULL</default></row>
<row name="Nombres" null="1" autoincrement="0">
<datatype>VARCHAR</datatype>
<default>NULL</default></row>
<row name="Apellidos" null="1" autoincrement="0">
<datatype>VARCHAR</datatype>
<default>NULL</default></row>
<row name="Nacionalidad" null="1" autoincrement="0">
<datatype>VARCHAR</datatype>
<default>NULL</default></row>
<key type="PRIMARY" name="">
<part>ID_Autor</part>
</key>
</table>
<table x="240" y="409" name="Categoria">
<row name="Codigo_categoria" null="1" autoincrement="1">
<datatype>INTEGER</datatype>
<default>NULL</default></row>
<row name="nombre" null="1" autoincrement="0">
<datatype>VARCHAR</datatype>
<default>NULL</default></row>
<row name="descripcion" null="1" autoincrement="0">
<datatype>VARCHAR</datatype>
<default>NULL</default></row>
<row name="Id_Biblioteca" null="1" autoincrement="0">
<datatype>INTEGER</datatype>
<default>NULL</default><relation table="Biblioteca" row="ID_Biblioteca" />
</row>
<key type="PRIMARY" name="">
<part>Codigo_categoria</part>
</key>
</table>
</sql>
