<drawing><figures><ent id="0"><children><r id="1" x="106" y="70" w="80" h="40"><a><fillColor><color rgba="#ffebffe8"/></fillColor></a></r><t id="2" x="119.767578125" y="82.7080078125"><a><text><string>Empresa</string></text></a></t></children></ent><rel id="3"><children><diamond id="4" x="307" y="71" w="80" h="40"><a><fillColor><color rgba="#ffddddff"/></fillColor></a></diamond><t id="5" x="328.765625" y="83.7080078125"><a><text><string>vende</string></text></a></t></children></rel><ent id="6"><children><r id="7" x="509" y="71" w="80" h="40"><a><fillColor><color rgba="#ffebffe8"/></fillColor></a></r><t id="8" x="519.38671875" y="83.7080078125"><a><text><string>Productos</string></text></a></t></children></ent><ent id="9"><children><r id="a" x="876" y="70" w="80" h="40"><a><fillColor><color rgba="#ffebffe8"/></fillColor></a></r><t id="b" x="887.078125" y="82.7080078125"><a><text><string>Categoria</string></text></a></t></children></ent><rel id="c"><children><diamond id="d" x="699" y="70" w="80" h="40"><a><fillColor><color rgba="#ffddddff"/></fillColor></a></diamond><t id="e" x="724.0439453125" y="82.7080078125"><a><text><string>tiene</string></text></a></t></children></rel><llabelUm id="f"><points><p colinear="true" x="307" y="90.80099502487562" c1x="0" c1y="-15" c2x="0" c2y="-15"/><p colinear="true" x="186" y="90.19900497512438" c1x="0" c1y="-15" c2x="0" c2y="-15"/></points><startConnector><rConnector id="10"><Owner><rel ref="3"/></Owner></rConnector></startConnector><endConnector><rConnector id="11"><Owner><ent ref="0"/></Owner></rConnector></endConnector></llabelUm><llabelDoubleMuitos id="12"><points><p colinear="true" x="387" y="91" c1x="0" c1y="-15" c2x="0" c2y="-15"/><p colinear="true" x="509" y="91" c1x="0" c1y="-15" c2x="0" c2y="-15"/></points><startConnector><rConnector id="13"><Owner><rel ref="3"/></Owner></rConnector></startConnector><endConnector><rConnector id="14"><Owner><ent ref="6"/></Owner></rConnector></endConnector><a><innerStrokeWidthFactor><double>3</double></innerStrokeWidthFactor><text><string>N</string></text></a></llabelDoubleMuitos><llabelMuitos id="15"><points><p colinear="true" x="699" y="90.21052631578948" c1x="0" c1y="-15" c2x="0" c2y="-15"/><p colinear="true" x="589" y="90.78947368421052" c1x="0" c1y="-15" c2x="0" c2y="-15"/></points><startConnector><rConnector id="16"><Owner><rel ref="c"/></Owner></rConnector></startConnector><endConnector><rConnector id="17"><Owner><ent ref="6"/></Owner></rConnector></endConnector><a><text><string>N</string></text></a></llabelMuitos><llabelUm id="18"><points><p colinear="true" x="779" y="90" c1x="0" c1y="-15" c2x="0" c2y="-15"/><p colinear="true" x="876" y="90" c1x="0" c1y="-15" c2x="0" c2y="-15"/></points><startConnector><rConnector id="19"><Owner><rel ref="c"/></Owner></rConnector></startConnector><endConnector><rConnector id="1a"><Owner><ent ref="9"/></Owner></rConnector></endConnector></llabelUm><rel id="1b"><children><diamond id="1c" x="509" y="207" w="80" h="40"><a><fillColor><color rgba="#ffddddff"/></fillColor></a></diamond><t id="1d" x="527.8623046875" y="219.7080078125"><a><text><string>incluye</string></text></a></t></children></rel><entfraca id="1e"><children><r id="1f" x="510" y="333" w="80" h="40"><a><fillColor><color rgba="#ffebffe8"/></fillColor><strokeType><enum type="strokeType">DOUBLE</enum></strokeType><innerStrokeWidthFactor><double>3</double></innerStrokeWidthFactor></a></r><t id="20" x="526.9169921875" y="345.7080078125"><a><text><string>Pedidos</string></text></a></t></children></entfraca><llabelDoubleMuitos id="21"><points><p colinear="true" x="549" y="207" c1x="0" c1y="-15" c2x="0" c2y="-15"/><p colinear="true" x="549" y="111" c1x="0" c1y="-15" c2x="0" c2y="-15"/></points><startConnector><rConnector id="22"><Owner><rel ref="1b"/></Owner></rConnector></startConnector><endConnector><rConnector id="23"><Owner><ent ref="6"/></Owner></rConnector></endConnector><a><innerStrokeWidthFactor><double>3</double></innerStrokeWidthFactor><text><string>N</string></text></a></llabelDoubleMuitos><llabelDoubleMuitos id="24"><points><p colinear="true" x="549.1587301587301" y="247" c1x="0" c1y="-15" c2x="0" c2y="-15"/><p colinear="true" x="549.8412698412699" y="333" c1x="0" c1y="-15" c2x="0" c2y="-15"/></points><startConnector><rConnector id="25"><Owner><rel ref="1b"/></Owner></rConnector></startConnector><endConnector><rConnector id="26"><Owner><entfraca ref="1e"/></Owner></rConnector></endConnector><a><innerStrokeWidthFactor><double>3</double></innerStrokeWidthFactor><text><string>M</string></text></a></llabelDoubleMuitos><relfraco id="27"><children><diamond id="28" x="301" y="329" w="97" h="50"><a><fillColor><color rgba="#ffddddff"/></fillColor><strokeType><enum type="strokeType">DOUBLE</enum></strokeType><innerStrokeWidthFactor><double>3</double></innerStrokeWidthFactor></a></diamond><t id="29" x="335.3994140625" y="346.7080078125"><a><text><string>hace</string></text></a></t></children></relfraco><ent id="2a"><children><r id="2b" x="97" y="334" w="80" h="40"><a><fillColor><color rgba="#ffebffe8"/></fillColor></a></r><t id="2c" x="113.08203125" y="346.7080078125"><a><text><string>Clientes</string></text></a></t></children></ent><llabelDoubleMuitos id="2d"><points><p colinear="true" x="398" y="353.7581047381546" c1x="0" c1y="-15" c2x="0" c2y="-15"/><p colinear="true" x="510" y="353.1995012468828" c1x="0" c1y="-15" c2x="0" c2y="-15"/></points><startConnector><rConnector id="2e"><Owner><relfraco ref="27"/></Owner></rConnector></startConnector><endConnector><rConnector id="2f"><Owner><entfraca ref="1e"/></Owner></rConnector></endConnector><a><innerStrokeWidthFactor><double>3</double></innerStrokeWidthFactor><text><string>N</string></text></a></llabelDoubleMuitos><llabelMuitos id="30"><points><p colinear="true" x="301" y="354" c1x="0" c1y="-15" c2x="0" c2y="-15"/><p colinear="true" x="177" y="354" c1x="0" c1y="-15" c2x="0" c2y="-15"/></points><startConnector><rConnector id="31"><Owner><relfraco ref="27"/></Owner></rConnector></startConnector><endConnector><rConnector id="32"><Owner><ent ref="2a"/></Owner></rConnector></endConnector><a><text><string>M</string></text></a></llabelMuitos><rel id="33"><children><diamond id="34" x="97" y="429" w="80" h="40"><a><fillColor><color rgba="#ffddddff"/></fillColor></a></diamond><t id="35" x="122.0439453125" y="441.7080078125"><a><text><string>tiene</string></text></a></t></children></rel><ent id="36"><children><r id="37" x="96" y="524" w="80" h="40"><a><fillColor><color rgba="#ffebffe8"/></fillColor></a></r><t id="38" x="115.732421875" y="536.7080078125"><a><text><string>Estado</string></text></a></t></children></ent><llabelDoubleMuitos id="39"><points><p colinear="true" x="137" y="429" c1x="0" c1y="0" c2x="0" c2y="0"/><p colinear="true" x="137" y="374" c1x="0" c1y="0" c2x="0" c2y="0"/></points><startConnector><rConnector id="3a"><Owner><rel ref="33"/></Owner></rConnector></startConnector><endConnector><rConnector id="3b"><Owner><ent ref="2a"/></Owner></rConnector></endConnector><a><innerStrokeWidthFactor><double>3</double></innerStrokeWidthFactor><text><string>N</string></text></a></llabelDoubleMuitos><llabelUm id="3c"><points><p colinear="true" x="136.78947368421052" y="469" c1x="0" c1y="0" c2x="0" c2y="0"/><p colinear="true" x="136.21052631578948" y="524" c1x="0" c1y="0" c2x="0" c2y="0"/></points><startConnector><rConnector id="3d"><Owner><rel ref="33"/></Owner></rConnector></startConnector><endConnector><rConnector id="3e"><Owner><ent ref="36"/></Owner></rConnector></endConnector></llabelUm><atrchave id="3f" nullable="false" attributeType="NUMBER"><children><e id="40" x="217" y="510" w="80" h="20"><a><fillColor><color rgba="#ffffebeb"/></fillColor></a></e><t id="41" x="233.978515625" y="512.7080078125"><a><fontUnderlined><boolean>true</boolean></fontUnderlined><fontBold><boolean>true</boolean></fontBold><text><string>Codigo</string></text></a></t></children></atrchave><atr id="42" nullable="false" attributeType="VARCHAR2(128)"><children><e id="43" x="221" y="552" w="80" h="20"><a><fillColor><color rgba="#ffffebeb"/></fillColor></a></e><t id="44" x="249.609375" y="554.7080078125"><a><text><string>tipo</string></text></a></t></children></atr><atr id="45" nullable="false" attributeType="VARCHAR2(128)"><children><e id="46" x="27" y="46" w="80" h="20"><a><fillColor><color rgba="#ffffebeb"/></fillColor></a></e><t id="47" x="38.283203125" y="48.7080078125"><a><text><string>Ubicacion</string></text></a></t></children></atr><atrchave id="48" nullable="false" attributeType="NUMBER"><children><e id="49" x="136" y="29" w="80" h="20"><a><fillColor><color rgba="#ffffebeb"/></fillColor></a></e><t id="4a" x="167.744140625" y="31.7080078125"><a><fontUnderlined><boolean>true</boolean></fontUnderlined><fontBold><boolean>true</boolean></fontBold><text><string>ID</string></text></a></t></children></atrchave><atr id="4b" nullable="false" attributeType="VARCHAR2(128)"><children><e id="4c" x="39" y="142" w="80" h="20"><a><fillColor><color rgba="#ffffebeb"/></fillColor></a></e><t id="4d" x="55.1611328125" y="144.7080078125"><a><text><string>Nombre</string></text></a></t></children></atr><atrchave id="4e" nullable="false" attributeType="NUMBER"><children><e id="4f" x="395" y="14" w="80" h="20"><a><fillColor><color rgba="#ffffebeb"/></fillColor></a></e><t id="50" x="411.978515625" y="16.7080078125"><a><fontUnderlined><boolean>true</boolean></fontUnderlined><fontBold><boolean>true</boolean></fontBold><text><string>Codigo</string></text></a></t></children></atrchave><atr id="51" nullable="false" attributeType="VARCHAR2(128)"><children><e id="52" x="507" y="13" w="80" h="20"><a><fillColor><color rgba="#ffffebeb"/></fillColor></a></e><t id="53" x="523.1611328125" y="15.7080078125"><a><text><string>Nombre</string></text></a></t></children></atr><atr id="54" nullable="false" attributeType="VARCHAR2(128)"><children><e id="55" x="625" y="14" w="80" h="20"><a><fillColor><color rgba="#ffffebeb"/></fillColor></a></e><t id="56" x="646.8330078125" y="16.7080078125"><a><text><string>Precio</string></text></a></t></children></atr><lcaf id="57"><points><p colinear="true" x="170.11764705882354" y="49" c1x="0" c1y="0" c2x="0" c2y="0"/><p colinear="true" x="157.76470588235293" y="70" c1x="0" c1y="0" c2x="0" c2y="0"/></points><startConnector><rConnector id="58"><Owner><atrchave ref="48"/></Owner></rConnector></startConnector><endConnector><rConnector id="59"><Owner><ent ref="0"/></Owner></rConnector></endConnector></lcaf><lcaf id="5a"><points><p colinear="true" x="90.23529411764704" y="66" c1x="0" c1y="0" c2x="0" c2y="0"/><p colinear="true" x="106" y="72.78481012658229" c1x="0" c1y="0" c2x="0" c2y="0"/></points><startConnector><rConnector id="5b"><Owner><atr ref="45"/></Owner></rConnector></startConnector><endConnector><rConnector id="5c"><Owner><ent ref="0"/></Owner></rConnector></endConnector></lcaf><lcaf id="5d"><points><p colinear="true" x="89.80645161290322" y="142" c1x="0" c1y="0" c2x="0" c2y="0"/><p colinear="true" x="124.38709677419354" y="110" c1x="0" c1y="0" c2x="0" c2y="0"/></points><startConnector><rConnector id="5e"><Owner><atr ref="4b"/></Owner></rConnector></startConnector><endConnector><rConnector id="5f"><Owner><ent ref="0"/></Owner></rConnector></endConnector></lcaf><lcaf id="60"><points><p colinear="true" x="452.01492537313436" y="34" c1x="0" c1y="0" c2x="0" c2y="0"/><p colinear="true" x="514.9701492537314" y="71" c1x="0" c1y="0" c2x="0" c2y="0"/></points><startConnector><rConnector id="61"><Owner><atrchave ref="4e"/></Owner></rConnector></startConnector><endConnector><rConnector id="62"><Owner><ent ref="6"/></Owner></rConnector></endConnector></lcaf><lcaf id="63"><points><p colinear="true" x="547.2941176470588" y="33" c1x="0" c1y="0" c2x="0" c2y="0"/><p colinear="true" x="548.4117647058823" y="71" c1x="0" c1y="0" c2x="0" c2y="0"/></points><startConnector><rConnector id="64"><Owner><atr ref="51"/></Owner></rConnector></startConnector><endConnector><rConnector id="65"><Owner><ent ref="6"/></Owner></rConnector></endConnector></lcaf><lcaf id="66"><points><p colinear="true" x="647.6865671641791" y="34" c1x="0" c1y="0" c2x="0" c2y="0"/><p colinear="true" x="583.6268656716418" y="71" c1x="0" c1y="0" c2x="0" c2y="0"/></points><startConnector><rConnector id="67"><Owner><atr ref="54"/></Owner></rConnector></startConnector><endConnector><rConnector id="68"><Owner><ent ref="6"/></Owner></rConnector></endConnector></lcaf><atrchave id="69" nullable="false" attributeType="NUMBER"><children><e id="6a" x="1026" y="41" w="80" h="20"><a><fillColor><color rgba="#ffffebeb"/></fillColor></a></e><t id="6b" x="1042.978515625" y="43.7080078125"><a><fontUnderlined><boolean>true</boolean></fontUnderlined><fontBold><boolean>true</boolean></fontBold><text><string>Codigo</string></text></a></t></children></atrchave><atr id="6c" nullable="false" attributeType="VARCHAR2(128)"><children><e id="6d" x="1034" y="111" w="80" h="19"><a><fillColor><color rgba="#ffffebeb"/></fillColor></a></e><t id="6e" x="1040.279296875" y="113.2080078125"><a><text><string>descripcion</string></text></a></t></children></atr><lcaf id="6f"><points><p colinear="true" x="956" y="79.6" c1x="0" c1y="0" c2x="0" c2y="0"/><p colinear="true" x="1027.5384615384614" y="61" c1x="0" c1y="0" c2x="0" c2y="0"/></points><startConnector><rConnector id="70"><Owner><ent ref="9"/></Owner></rConnector></startConnector><endConnector><rConnector id="71"><Owner><atrchave ref="69"/></Owner></rConnector></endConnector></lcaf><lcaf id="72"><points><p colinear="true" x="956" y="97.72151898734177" c1x="0" c1y="0" c2x="0" c2y="0"/><p colinear="true" x="1034" y="112.77848101265822" c1x="0" c1y="0" c2x="0" c2y="0"/></points><startConnector><rConnector id="73"><Owner><ent ref="9"/></Owner></rConnector></startConnector><endConnector><rConnector id="74"><Owner><atr ref="6c"/></Owner></rConnector></endConnector></lcaf><atr id="75" nullable="false" attributeType="VARCHAR2(128)"><children><e id="76" x="675" y="217" w="121.830078125" h="20"><a><fillColor><color rgba="#ffffebeb"/></fillColor></a></e><t id="77" x="685" y="219.7080078125"><a><text><string>Numero_pedidos</string></text></a></t></children></atr><lcaf id="78"><points><p colinear="true" x="589" y="227" c1x="0" c1y="0" c2x="0" c2y="0"/><p colinear="true" x="675" y="227" c1x="0" c1y="0" c2x="0" c2y="0"/></points><startConnector><rConnector id="79"><Owner><rel ref="1b"/></Owner></rConnector></startConnector><endConnector><rConnector id="7a"><Owner><atr ref="75"/></Owner></rConnector></endConnector></lcaf><atrchave id="7b" nullable="false" attributeType="NUMBER"><children><e id="7c" x="665" y="321" w="80" h="20"><a><fillColor><color rgba="#ffffebeb"/></fillColor></a></e><t id="7d" x="674.6513671875" y="323.7080078125"><a><fontUnderlined><boolean>true</boolean></fontUnderlined><fontBold><boolean>true</boolean></fontBold><text><string>Numeros</string></text></a></t></children></atrchave><atr id="7e" nullable="false" attributeType="VARCHAR2(128)"><children><e id="7f" x="671" y="367" w="80" h="20"><a><fillColor><color rgba="#ffffebeb"/></fillColor></a></e><t id="80" x="694.7900390625" y="369.7080078125"><a><text><string>fecha</string></text></a></t></children></atr><lcaf id="81"><points><p colinear="true" x="590" y="347.3225806451613" c1x="0" c1y="0" c2x="0" c2y="0"/><p colinear="true" x="665" y="336.6774193548387" c1x="0" c1y="0" c2x="0" c2y="0"/></points><startConnector><rConnector id="82"><Owner><entfraca ref="1e"/></Owner></rConnector></startConnector><endConnector><rConnector id="83"><Owner><atrchave ref="7b"/></Owner></rConnector></endConnector></lcaf><lcaf id="84"><points><p colinear="true" x="590" y="358.9627329192547" c1x="0" c1y="0" c2x="0" c2y="0"/><p colinear="true" x="671" y="371.0372670807453" c1x="0" c1y="0" c2x="0" c2y="0"/></points><startConnector><rConnector id="85"><Owner><entfraca ref="1e"/></Owner></rConnector></startConnector><endConnector><rConnector id="86"><Owner><atr ref="7e"/></Owner></rConnector></endConnector></lcaf><atrmulti id="87" nullable="false" attributeType="VARCHAR2(128)"><children><e id="88" x="16" y="389" w="80" h="20"><a><fillColor><color rgba="#ffffebeb"/></fillColor><strokeType><enum type="strokeType">DOUBLE</enum></strokeType><innerStrokeWidthFactor><double>3</double></innerStrokeWidthFactor></a></e><t id="89" x="32.7060546875" y="391.7080078125"><a><text><string>Correos</string></text></a></t></children></atrmulti><atr id="8a" nullable="false" attributeType="VARCHAR2(128)"><children><e id="8b" x="171" y="389" w="80" h="20"><a><fillColor><color rgba="#ffffebeb"/></fillColor></a></e><t id="8c" x="196.1259765625" y="391.7080078125"><a><text><string>Edad</string></text></a></t></children></atr><atr id="8d" nullable="false" attributeType="VARCHAR2(128)"><children><e id="8e" x="11" y="340" w="80" h="17"><a><fillColor><color rgba="#ffffebeb"/></fillColor></a></e><t id="8f" x="25.318359375" y="341.2080078125"><a><text><string>Telefono</string></text></a></t></children></atr><atr id="90" nullable="false" attributeType="VARCHAR2(128)"><children><e id="91" x="16" y="295" w="80" h="20"><a><fillColor><color rgba="#ffffebeb"/></fillColor></a></e><t id="92" x="27.3798828125" y="297.7080078125"><a><text><string>DIreccion</string></text></a></t></children></atr><atr id="93" nullable="false" attributeType="VARCHAR2(128)"><children><e id="94" x="59" y="262" w="80" h="22"><a><fillColor><color rgba="#ffffebeb"/></fillColor></a></e><t id="95" x="75.1611328125" y="265.7080078125"><a><text><string>Nombre</string></text></a></t></children></atr><lcaf id="96"><points><p colinear="true" x="169.88888888888889" y="374" c1x="0" c1y="0" c2x="0" c2y="0"/><p colinear="true" x="194.55555555555554" y="389" c1x="0" c1y="0" c2x="0" c2y="0"/></points><startConnector><rConnector id="97"><Owner><ent ref="2a"/></Owner></rConnector></startConnector><endConnector><rConnector id="98"><Owner><atr ref="8a"/></Owner></rConnector></endConnector></lcaf><lcaf id="99"><points><p colinear="true" x="74" y="389" c1x="0" c1y="0" c2x="0" c2y="0"/><p colinear="true" x="101" y="374" c1x="0" c1y="0" c2x="0" c2y="0"/></points><startConnector><rConnector id="9a"><Owner><atrmulti ref="87"/></Owner></rConnector></startConnector><endConnector><rConnector id="9b"><Owner><ent ref="2a"/></Owner></rConnector></endConnector></lcaf><lcaf id="9c"><points><p colinear="true" x="72.53061224489795" y="315" c1x="0" c1y="0" c2x="0" c2y="0"/><p colinear="true" x="103.93877551020407" y="334" c1x="0" c1y="0" c2x="0" c2y="0"/></points><startConnector><rConnector id="9d"><Owner><atr ref="90"/></Owner></rConnector></startConnector><endConnector><rConnector id="9e"><Owner><ent ref="2a"/></Owner></rConnector></endConnector></lcaf><lcaf id="9f"><points><p colinear="true" x="104.16049382716048" y="284" c1x="0" c1y="0" c2x="0" c2y="0"/><p colinear="true" x="127.61728395061728" y="334" c1x="0" c1y="0" c2x="0" c2y="0"/></points><startConnector><rConnector id="a0"><Owner><atr ref="93"/></Owner></rConnector></startConnector><endConnector><rConnector id="a1"><Owner><ent ref="2a"/></Owner></rConnector></endConnector></lcaf><lcaf id="a2"><points><p colinear="true" x="91" y="351.0581395348837" c1x="0" c1y="0" c2x="0" c2y="0"/><p colinear="true" x="97" y="351.4418604651163" c1x="0" c1y="0" c2x="0" c2y="0"/></points><startConnector><rConnector id="a3"><Owner><atr ref="8d"/></Owner></rConnector></startConnector><endConnector><rConnector id="a4"><Owner><ent ref="2a"/></Owner></rConnector></endConnector></lcaf><atrchave id="a5" nullable="false" attributeType="NUMBER"><children><e id="a6" x="147" y="256" w="80" h="20"><a><fillColor><color rgba="#ffffebeb"/></fillColor></a></e><t id="a7" x="163.978515625" y="258.7080078125"><a><fontUnderlined><boolean>true</boolean></fontUnderlined><fontBold><boolean>true</boolean></fontBold><text><string>Codigo</string></text></a></t></children></atrchave><atr id="a8" nullable="false" attributeType="VARCHAR2(128)"><children><e id="a9" x="226" y="275" w="102.359375" h="20"><a><fillColor><color rgba="#ffffebeb"/></fillColor></a></e><t id="aa" x="236" y="277.7080078125"><a><text><string>limite_credito</string></text></a></t></children></atr><lcaf id="ab"><points><p colinear="true" x="181.3181818181818" y="276" c1x="0" c1y="0" c2x="0" c2y="0"/><p colinear="true" x="148.36363636363637" y="334" c1x="0" c1y="0" c2x="0" c2y="0"/></points><startConnector><rConnector id="ac"><Owner><atrchave ref="a5"/></Owner></rConnector></startConnector><endConnector><rConnector id="ad"><Owner><ent ref="2a"/></Owner></rConnector></endConnector></lcaf><lcaf id="ae"><points><p colinear="true" x="256.86379076086956" y="295" c1x="0" c1y="0" c2x="0" c2y="0"/><p colinear="true" x="177" y="334.310984785153" c1x="0" c1y="0" c2x="0" c2y="0"/></points><startConnector><rConnector id="af"><Owner><atr ref="a8"/></Owner></rConnector></startConnector><endConnector><rConnector id="b0"><Owner><ent ref="2a"/></Owner></rConnector></endConnector></lcaf><lcaf id="b1"><points><p colinear="true" x="176" y="536.0661157024794" c1x="0" c1y="0" c2x="0" c2y="0"/><p colinear="true" x="217" y="527.9338842975206" c1x="0" c1y="0" c2x="0" c2y="0"/></points><startConnector><rConnector id="b2"><Owner><ent ref="36"/></Owner></rConnector></startConnector><endConnector><rConnector id="b3"><Owner><atrchave ref="3f"/></Owner></rConnector></endConnector></lcaf><lcaf id="b4"><points><p colinear="true" x="176" y="549.76" c1x="0" c1y="0" c2x="0" c2y="0"/><p colinear="true" x="221" y="556.24" c1x="0" c1y="0" c2x="0" c2y="0"/></points><startConnector><rConnector id="b5"><Owner><ent ref="36"/></Owner></rConnector></startConnector><endConnector><rConnector id="b6"><Owner><atr ref="42"/></Owner></rConnector></endConnector></lcaf></figures></drawing>