<drawing><figures><ent id="0"><children><r id="1" x="184" y="189" w="80" h="40"><a><fillColor><color rgba="#ffebffe8"/></fillColor></a></r><t id="2" x="194.8994140625" y="201.7080078125"><a><text><string>Biblioteca</string></text></a></t></children></ent><rel id="3"><children><diamond id="4" x="393" y="210" w="80" h="40"><a><fillColor><color rgba="#ffddddff"/></fillColor></a></diamond><t id="5" x="418.0439453125" y="222.7080078125"><a><text><string>tiene</string></text></a></t></children></rel><ent id="6"><children><r id="7" x="643" y="243" w="80" h="40"><a><fillColor><color rgba="#ffebffe8"/></fillColor></a></r><t id="8" x="668.0732421875" y="255.7080078125"><a><text><string>Libro</string></text></a></t></children></ent><llabelUm id="9"><points><p colinear="true" x="393" y="225.98086124401914" c1x="31" c1y="56" c2x="31" c2y="56"/><p colinear="true" x="264" y="213.01913875598086" c1x="31" c1y="56" c2x="31" c2y="56"/></points><startConnector><rConnector id="a"><Owner><rel ref="3"/></Owner></rConnector></startConnector><endConnector><rConnector id="b"><Owner><ent ref="0"/></Owner></rConnector></endConnector></llabelUm><llabelDoubleMuitos id="c"><points><p colinear="true" x="473" y="235.28" c1x="31" c1y="56" c2x="31" c2y="56"/><p colinear="true" x="643" y="257.72" c1x="31" c1y="56" c2x="31" c2y="56"/></points><startConnector><rConnector id="d"><Owner><rel ref="3"/></Owner></rConnector></startConnector><endConnector><rConnector id="e"><Owner><ent ref="6"/></Owner></rConnector></endConnector><a><innerStrokeWidthFactor><double>3</double></innerStrokeWidthFactor><text><string>N</string></text></a></llabelDoubleMuitos><rel id="f"><children><diamond id="10" x="185" y="276" w="80" h="40"><a><fillColor><color rgba="#ffddddff"/></fillColor></a></diamond><t id="11" x="196.2099609375" y="288.7080078125"><a><text><string>almacena</string></text></a></t></children></rel><llabelUm id="12"><points><p colinear="true" x="224.77011494252872" y="276" c1x="31" c1y="56" c2x="31" c2y="56"/><p colinear="true" x="224.22988505747128" y="229" c1x="31" c1y="56" c2x="31" c2y="56"/></points><startConnector><rConnector id="13"><Owner><rel ref="f"/></Owner></rConnector></startConnector><endConnector><rConnector id="14"><Owner><ent ref="0"/></Owner></rConnector></endConnector></llabelUm><ent id="15"><children><r id="16" x="185" y="416" w="80" h="40"><a><fillColor><color rgba="#ffebffe8"/></fillColor></a></r><t id="17" x="196.078125" y="428.7080078125"><a><text><string>Categoria</string></text></a></t></children></ent><llabelDoubleMuitos id="18"><points><p colinear="true" x="225" y="316" c1x="31" c1y="56" c2x="31" c2y="56"/><p colinear="true" x="225" y="416" c1x="31" c1y="56" c2x="31" c2y="56"/></points><startConnector><rConnector id="19"><Owner><rel ref="f"/></Owner></rConnector></startConnector><endConnector><rConnector id="1a"><Owner><ent ref="15"/></Owner></rConnector></endConnector><a><innerStrokeWidthFactor><double>3</double></innerStrokeWidthFactor><text><string>N</string></text></a></llabelDoubleMuitos><rel id="1b"><children><diamond id="1c" x="439" y="334" w="86" h="40"><a><fillColor><color rgba="#ffddddff"/></fillColor></a></diamond><t id="1d" x="452.1171875" y="346.7080078125"><a><text><string>pertenece</string></text></a></t></children></rel><llabelUm id="1e"><points><p colinear="true" x="439" y="367.7198443579766" c1x="31" c1y="56" c2x="31" c2y="56"/><p colinear="true" x="265" y="423.2373540856031" c1x="31" c1y="56" c2x="31" c2y="56"/></points><startConnector><rConnector id="1f"><Owner><rel ref="1b"/></Owner></rConnector></startConnector><endConnector><rConnector id="20"><Owner><ent ref="15"/></Owner></rConnector></endConnector></llabelUm><llabelDoubleMuitos id="21"><points><p colinear="true" x="525" y="334.5323383084577" c1x="31" c1y="56" c2x="31" c2y="56"/><p colinear="true" x="643" y="281.1094527363184" c1x="31" c1y="56" c2x="31" c2y="56"/></points><startConnector><rConnector id="22"><Owner><rel ref="1b"/></Owner></rConnector></startConnector><endConnector><rConnector id="23"><Owner><ent ref="6"/></Owner></rConnector></endConnector><a><innerStrokeWidthFactor><double>3</double></innerStrokeWidthFactor><text><string>N</string></text></a></llabelDoubleMuitos><rel id="24"><children><diamond id="25" x="643" y="149" w="80" h="40"><a><fillColor><color rgba="#ffddddff"/></fillColor></a></diamond><t id="26" x="661.654296875" y="161.7080078125"><a><text><string>escribe</string></text></a></t></children></rel><ent id="27"><children><r id="28" x="644" y="64" w="80" h="40"><a><fillColor><color rgba="#ffebffe8"/></fillColor></a></r><t id="29" x="667.53515625" y="76.7080078125"><a><text><string>Autor</string></text></a></t></children></ent><llabelDoubleMuitos id="2a"><points><p colinear="true" x="683" y="189" c1x="31" c1y="56" c2x="31" c2y="56"/><p colinear="true" x="683" y="243" c1x="31" c1y="56" c2x="31" c2y="56"/></points><startConnector><rConnector id="2b"><Owner><rel ref="24"/></Owner></rConnector></startConnector><endConnector><rConnector id="2c"><Owner><ent ref="6"/></Owner></rConnector></endConnector><a><innerStrokeWidthFactor><double>3</double></innerStrokeWidthFactor><text><string>N</string></text></a></llabelDoubleMuitos><llabelDoubleMuitos id="2d"><points><p colinear="true" x="683.2352941176471" y="149" c1x="31" c1y="56" c2x="31" c2y="56"/><p colinear="true" x="683.7647058823529" y="104" c1x="31" c1y="56" c2x="31" c2y="56"/></points><startConnector><rConnector id="2e"><Owner><rel ref="24"/></Owner></rConnector></startConnector><endConnector><rConnector id="2f"><Owner><ent ref="27"/></Owner></rConnector></endConnector><a><innerStrokeWidthFactor><double>3</double></innerStrokeWidthFactor><text><string>M</string></text></a></llabelDoubleMuitos><atr id="30" nullable="false" attributeType="VARCHAR2(128)"><children><e id="31" x="174" y="131" w="80" h="20"><a><fillColor><color rgba="#ffffebeb"/></fillColor></a></e><t id="32" x="185.8779296875" y="133.7080078125"><a><text><string>ubicacion</string></text></a></t></children></atr><atrchave id="33" nullable="false" attributeType="NUMBER"><children><e id="34" x="63" y="156" w="80" h="20"><a><fillColor><color rgba="#ffffebeb"/></fillColor></a></e><t id="35" x="94.744140625" y="158.7080078125"><a><fontUnderlined><boolean>true</boolean></fontUnderlined><fontBold><boolean>true</boolean></fontBold><text><string>ID</string></text></a></t></children></atrchave><atr id="36" nullable="false" attributeType="VARCHAR2(128)"><children><e id="37" x="62" y="202" w="80" h="20"><a><fillColor><color rgba="#ffffebeb"/></fillColor></a></e><t id="38" x="78.1611328125" y="204.7080078125"><a><text><string>Nombre</string></text></a></t></children></atr><lcaf id="39"><points><p colinear="true" x="215.47058823529412" y="151" c1x="31" c1y="56" c2x="31" c2y="56"/><p colinear="true" x="221.05882352941177" y="189" c1x="31" c1y="56" c2x="31" c2y="56"/></points><startConnector><rConnector id="3a"><Owner><atr ref="30"/></Owner></rConnector></startConnector><endConnector><rConnector id="3b"><Owner><ent ref="0"/></Owner></rConnector></endConnector></lcaf><lcaf id="3c"><points><p colinear="true" x="131.13953488372093" y="176" c1x="31" c1y="56" c2x="31" c2y="56"/><p colinear="true" x="184" y="194.78512396694214" c1x="31" c1y="56" c2x="31" c2y="56"/></points><startConnector><rConnector id="3d"><Owner><atrchave ref="33"/></Owner></rConnector></startConnector><endConnector><rConnector id="3e"><Owner><ent ref="0"/></Owner></rConnector></endConnector></lcaf><lcaf id="3f"><points><p colinear="true" x="142" y="211.01639344262296" c1x="31" c1y="56" c2x="31" c2y="56"/><p colinear="true" x="184" y="209.98360655737704" c1x="31" c1y="56" c2x="31" c2y="56"/></points><startConnector><rConnector id="40"><Owner><atr ref="36"/></Owner></rConnector></startConnector><endConnector><rConnector id="41"><Owner><ent ref="0"/></Owner></rConnector></endConnector></lcaf><atrchave id="42" nullable="false" attributeType="NUMBER"><children><e id="43" x="782" y="253" w="80" h="20"><a><fillColor><color rgba="#ffffebeb"/></fillColor></a></e><t id="44" x="804.8115234375" y="255.7080078125"><a><fontUnderlined><boolean>true</boolean></fontUnderlined><fontBold><boolean>true</boolean></fontBold><text><string>ISBN</string></text></a></t></children></atrchave><atr id="45" nullable="false" attributeType="VARCHAR2(128)"><children><e id="46" x="783" y="311" w="80" h="20"><a><fillColor><color rgba="#ffffebeb"/></fillColor></a></e><t id="47" x="797.9599609375" y="313.7080078125"><a><text><string>T_ingles</string></text></a></t></children></atr><atr id="48" nullable="false" attributeType="VARCHAR2(128)"><children><e id="49" x="706" y="352" w="80" h="20"><a><fillColor><color rgba="#ffffebeb"/></fillColor></a></e><t id="4a" x="715.361328125" y="354.7080078125"><a><text><string>T_espa&#xf1;ol</string></text></a></t></children></atr><atr id="4b" nullable="false" attributeType="VARCHAR2(128)"><children><e id="4c" x="606" y="346" w="80" h="20"><a><fillColor><color rgba="#ffffebeb"/></fillColor></a></e><t id="4d" x="634.4599609375" y="348.7080078125"><a><text><string>A&#xf1;o</string></text></a></t></children></atr><lcaf id="4e"><points><p colinear="true" x="723" y="263" c1x="31" c1y="56" c2x="31" c2y="56"/><p colinear="true" x="782" y="263" c1x="31" c1y="56" c2x="31" c2y="56"/></points><startConnector><rConnector id="4f"><Owner><ent ref="6"/></Owner></rConnector></startConnector><endConnector><rConnector id="50"><Owner><atrchave ref="42"/></Owner></rConnector></endConnector></lcaf><lcaf id="51"><points><p colinear="true" x="723" y="279.57142857142856" c1x="31" c1y="56" c2x="31" c2y="56"/><p colinear="true" x="798.8620689655172" y="311" c1x="31" c1y="56" c2x="31" c2y="56"/></points><startConnector><rConnector id="52"><Owner><ent ref="6"/></Owner></rConnector></startConnector><endConnector><rConnector id="53"><Owner><atr ref="45"/></Owner></rConnector></endConnector></lcaf><lcaf id="54"><points><p colinear="true" x="675.0430107526881" y="283" c1x="31" c1y="56" c2x="31" c2y="56"/><p colinear="true" x="649.9784946236559" y="346" c1x="31" c1y="56" c2x="31" c2y="56"/></points><startConnector><rConnector id="55"><Owner><ent ref="6"/></Owner></rConnector></startConnector><endConnector><rConnector id="56"><Owner><atr ref="4b"/></Owner></rConnector></endConnector></lcaf><lcaf id="57"><points><p colinear="true" x="695.7272727272727" y="283" c1x="31" c1y="56" c2x="31" c2y="56"/><p colinear="true" x="739.6363636363636" y="352" c1x="31" c1y="56" c2x="31" c2y="56"/></points><startConnector><rConnector id="58"><Owner><ent ref="6"/></Owner></rConnector></startConnector><endConnector><rConnector id="59"><Owner><atr ref="48"/></Owner></rConnector></endConnector></lcaf><atrchave id="5a" nullable="false" attributeType="NUMBER"><children><e id="5b" x="644" y="27" w="80" h="20"><a><fillColor><color rgba="#ffffebeb"/></fillColor></a></e><t id="5c" x="675.744140625" y="29.7080078125"><a><fontUnderlined><boolean>true</boolean></fontUnderlined><fontBold><boolean>true</boolean></fontBold><text><string>ID</string></text></a></t></children></atrchave><atr id="5d" nullable="false" attributeType="VARCHAR2(128)"><children><e id="5e" x="513" y="74" w="94" h="20"><a><fillColor><color rgba="#ffffebeb"/></fillColor></a></e><t id="5f" x="522.412109375" y="76.7080078125"><a><text><string>nacionalidad</string></text></a></t></children></atr><atr id="60" nullable="false" attributeType="VARCHAR2(128)"><children><e id="61" x="805" y="81" w="80" h="20"><a><fillColor><color rgba="#ffffebeb"/></fillColor></a></e><t id="62" x="821.1611328125" y="83.7080078125"><a><text><string>Nombre</string></text></a></t></children></atr><atr id="63" nullable="false" attributeType="VARCHAR2(128)"><children><e id="64" x="743" y="140" w="80" h="20"><a><fillColor><color rgba="#ffffebeb"/></fillColor></a></e><t id="65" x="756.140625" y="142.7080078125"><a><text><string>Apellidos</string></text></a></t></children></atr><atr id="66" nullable="false" attributeType="VARCHAR2(128)"><children><e id="67" x="862" y="141" w="80" h="20"><a><fillColor><color rgba="#ffffebeb"/></fillColor></a></e><t id="68" x="875.03515625" y="143.7080078125"><a><text><string>Nombres</string></text></a></t></children></atr><lcaf id="69"><points><p colinear="true" x="684" y="64" c1x="31" c1y="56" c2x="31" c2y="56"/><p colinear="true" x="684" y="47" c1x="31" c1y="56" c2x="31" c2y="56"/></points><startConnector><rConnector id="6a"><Owner><ent ref="27"/></Owner></rConnector></startConnector><endConnector><rConnector id="6b"><Owner><atrchave ref="5a"/></Owner></rConnector></endConnector></lcaf><lcaf id="6c"><points><p colinear="true" x="644" y="84" c1x="31" c1y="56" c2x="31" c2y="56"/><p colinear="true" x="607" y="84" c1x="31" c1y="56" c2x="31" c2y="56"/></points><startConnector><rConnector id="6d"><Owner><ent ref="27"/></Owner></rConnector></startConnector><endConnector><rConnector id="6e"><Owner><atr ref="5d"/></Owner></rConnector></endConnector></lcaf><lcaf id="6f"><points><p colinear="true" x="724" y="85.73913043478261" c1x="31" c1y="56" c2x="31" c2y="56"/><p colinear="true" x="805" y="89.26086956521739" c1x="31" c1y="56" c2x="31" c2y="56"/></points><startConnector><rConnector id="70"><Owner><ent ref="27"/></Owner></rConnector></startConnector><endConnector><rConnector id="71"><Owner><atr ref="60"/></Owner></rConnector></endConnector></lcaf><lcaf id="72"><points><p colinear="true" x="834.4915254237288" y="101" c1x="31" c1y="56" c2x="31" c2y="56"/><p colinear="true" x="793.5084745762712" y="140" c1x="31" c1y="56" c2x="31" c2y="56"/></points><startConnector><rConnector id="73"><Owner><atr ref="60"/></Owner></rConnector></startConnector><endConnector><rConnector id="74"><Owner><atr ref="63"/></Owner></rConnector></endConnector></lcaf><lcaf id="75"><points><p colinear="true" x="854.5" y="101" c1x="31" c1y="56" c2x="31" c2y="56"/><p colinear="true" x="892.5" y="141" c1x="31" c1y="56" c2x="31" c2y="56"/></points><startConnector><rConnector id="76"><Owner><atr ref="60"/></Owner></rConnector></startConnector><endConnector><rConnector id="77"><Owner><atr ref="66"/></Owner></rConnector></endConnector></lcaf><atrchave id="78" nullable="false" attributeType="NUMBER"><children><e id="79" x="59" y="425" w="80" h="20"><a><fillColor><color rgba="#ffffebeb"/></fillColor></a></e><t id="7a" x="75.978515625" y="427.7080078125"><a><fontUnderlined><boolean>true</boolean></fontUnderlined><fontBold><boolean>true</boolean></fontBold><text><string>Cogido</string></text></a></t></children></atrchave><atr id="7b" nullable="false" attributeType="VARCHAR2(128)"><children><e id="7c" x="87" y="491" w="80" h="20"><a><fillColor><color rgba="#ffffebeb"/></fillColor></a></e><t id="7d" x="93.279296875" y="493.7080078125"><a><text><string>descripcion</string></text></a></t></children></atr><atr id="7e" nullable="false" attributeType="VARCHAR2(128)"><children><e id="7f" x="186" y="517" w="80" h="20"><a><fillColor><color rgba="#ffffebeb"/></fillColor></a></e><t id="80" x="202.1611328125" y="519.7080078125"><a><text><string>Nombre</string></text></a></t></children></atr><lcaf id="81"><points><p colinear="true" x="139" y="435.3174603174603" c1x="31" c1y="56" c2x="31" c2y="56"/><p colinear="true" x="185" y="435.6825396825397" c1x="31" c1y="56" c2x="31" c2y="56"/></points><startConnector><rConnector id="82"><Owner><atrchave ref="78"/></Owner></rConnector></startConnector><endConnector><rConnector id="83"><Owner><ent ref="15"/></Owner></rConnector></endConnector></lcaf><lcaf id="84"><points><p colinear="true" x="225.2197802197802" y="456" c1x="31" c1y="56" c2x="31" c2y="56"/><p colinear="true" x="225.8901098901099" y="517" c1x="31" c1y="56" c2x="31" c2y="56"/></points><startConnector><rConnector id="85"><Owner><ent ref="15"/></Owner></rConnector></startConnector><endConnector><rConnector id="86"><Owner><atr ref="7e"/></Owner></rConnector></endConnector></lcaf><lcaf id="87"><points><p colinear="true" x="142.0769230769231" y="491" c1x="31" c1y="56" c2x="31" c2y="56"/><p colinear="true" x="194.84615384615384" y="456" c1x="31" c1y="56" c2x="31" c2y="56"/></points><startConnector><rConnector id="88"><Owner><atr ref="7b"/></Owner></rConnector></startConnector><endConnector><rConnector id="89"><Owner><ent ref="15"/></Owner></rConnector></endConnector></lcaf></figures></drawing>