<?xml version="1.0" encoding="utf-8" ?>
<!-- SQL XML created by WWW SQL Designer, https://github.com/ondras/wwwsqldesigner/ -->
<!-- Active URL: https://ondras.zarovi.cz/sql/demo/ -->
<sql>
<datatypes db="mysql">
	<group label="Numeric" color="rgb(238,238,170)">
		<type label="Integer" length="0" sql="INTEGER" quote=""/>
	 	<type label="TINYINT" length="0" sql="TINYINT" quote=""/>
	 	<type label="SMALLINT" length="0" sql="SMALLINT" quote=""/>
	 	<type label="MEDIUMINT" length="0" sql="MEDIUMINT" quote=""/>
	 	<type label="INT" length="0" sql="INT" quote=""/>
		<type label="BIGINT" length="0" sql="BIGINT" quote=""/>
		<type label="Decimal" length="1" sql="DECIMAL" re="DEC" quote=""/>
		<type label="Single precision" length="0" sql="FLOAT" quote=""/>
		<type label="Double precision" length="0" sql="DOUBLE" re="DOUBLE" quote=""/>
	</group>

	<group label="Character" color="rgb(255,200,200)">
		<type label="Char" length="1" sql="CHAR" quote="'"/>
		<type label="Varchar" length="1" sql="VARCHAR" quote="'"/>
		<type label="Text" length="0" sql="MEDIUMTEXT" re="TEXT" quote="'"/>
		<type label="Binary" length="1" sql="BINARY" quote="'"/>
		<type label="Varbinary" length="1" sql="VARBINARY" quote="'"/>
		<type label="BLOB" length="0" sql="BLOB" re="BLOB" quote="'"/>
	</group>

	<group label="Date &amp; Time" color="rgb(200,255,200)">
		<type label="Date" length="0" sql="DATE" quote="'"/>
		<type label="Time" length="0" sql="TIME" quote="'"/>
		<type label="Datetime" length="0" sql="DATETIME" quote="'"/>
		<type label="Year" length="0" sql="YEAR" quote=""/>
		<type label="Timestamp" length="0" sql="TIMESTAMP" quote="'"/>
	</group>
	
	<group label="Miscellaneous" color="rgb(200,200,255)">
		<type label="ENUM" length="1" sql="ENUM" quote=""/>
		<type label="SET" length="1" sql="SET" quote=""/>
		<type label="Bit" length="0" sql="bit" quote=""/>
	</group>
</datatypes><table x="74" y="101" name="Clientes_Correos">
<row name="Codigo_Cliente" null="1" autoincrement="1">
<datatype>INTEGER</datatype>
<default>NULL</default></row>
<row name="Correo" null="1" autoincrement="0">
<datatype>VARCHAR(100)</datatype>
<default>NULL</default></row>
<key type="PRIMARY" name="">
<part>Codigo_Cliente</part>
</key>
</table>
<table x="58" y="252" name="Estado">
<row name="Codigo_estado" null="1" autoincrement="1">
<datatype>INTEGER</datatype>
<default>NULL</default></row>
<row name="tipo" null="1" autoincrement="0">
<datatype>VARCHAR(50)</datatype>
<default>NULL</default></row>
<key type="PRIMARY" name="">
<part>Codigo_estado</part>
</key>
</table>
<table x="354" y="20" name="Compañia">
<row name="ID_Compañia" null="1" autoincrement="1">
<datatype>INTEGER(20)</datatype>
<default>NULL</default></row>
<row name="Nombre" null="1" autoincrement="0">
<datatype>VARCHAR(50)</datatype>
<default>NULL</default></row>
<row name="Ubicacion" null="1" autoincrement="0">
<datatype>INTEGER</datatype>
<default>NULL</default></row>
<key type="PRIMARY" name="">
<part>ID_Compañia</part>
</key>
</table>
<table x="328" y="196" name="Clientes">
<row name="Codigo_Cliente" null="1" autoincrement="1">
<datatype>INTEGER</datatype>
<default>NULL</default><relation table="Clientes_Correos" row="Codigo_Cliente" />
</row>
<row name="nombre" null="1" autoincrement="0">
<datatype>VARCHAR(100)</datatype>
<default>NULL</default></row>
<row name="direccion" null="1" autoincrement="0">
<datatype>INTEGER</datatype>
<default>NULL</default></row>
<row name="telefono" null="1" autoincrement="0">
<datatype>INTEGER(50)</datatype>
<default>NULL</default></row>
<row name="edad" null="1" autoincrement="0">
<datatype>INTEGER(4)</datatype>
<default>NULL</default></row>
<row name="limite_credito" null="1" autoincrement="0">
<datatype>INTEGER(50)</datatype>
<default>NULL</default></row>
<row name="Codigo_estado" null="1" autoincrement="0">
<datatype>INTEGER</datatype>
<default>NULL</default><relation table="Estado" row="Codigo_estado" />
</row>
<key type="PRIMARY" name="">
<part>Codigo_Cliente</part>
</key>
</table>
<table x="618" y="48" name="Productos">
<row name="Codigo_producto" null="1" autoincrement="1">
<datatype>INTEGER</datatype>
<default>NULL</default></row>
<row name="nombre" null="1" autoincrement="0">
<datatype>VARCHAR(50)</datatype>
<default>NULL</default></row>
<row name="precio" null="1" autoincrement="0">
<datatype>INTEGER</datatype>
<default>NULL</default></row>
<row name="Id_Compañia" null="1" autoincrement="0">
<datatype>INTEGER(20)</datatype>
<default>NULL</default><relation table="Compañia" row="ID_Compañia" />
</row>
<row name="Codigo_categoria" null="1" autoincrement="0">
<datatype>INTEGER</datatype>
<default>NULL</default><relation table="Categoria" row="Codigo_Categoria" />
</row>
<key type="PRIMARY" name="">
<part>Codigo_producto</part>
</key>
</table>
<table x="485" y="497" name="Clientes_Pedidos">
<row name="Numero_Pedidos" null="1" autoincrement="1">
<datatype>INTEGER</datatype>
<default>NULL</default></row>
<row name="Codigo_cliente" null="1" autoincrement="0">
<datatype>INTEGER</datatype>
<default>NULL</default><relation table="Clientes" row="Codigo_Cliente" />
</row>
<key type="PRIMARY" name="">
<part>Numero_Pedidos</part>
<part>Codigo_cliente</part>
</key>
</table>
<table x="912" y="121" name="Categoria">
<row name="Codigo_Categoria" null="1" autoincrement="1">
<datatype>INTEGER</datatype>
<default>NULL</default></row>
<row name="descripcion" null="1" autoincrement="0">
<datatype>INTEGER</datatype>
<default>NULL</default></row>
<key type="PRIMARY" name="">
<part>Codigo_Categoria</part>
</key>
</table>
<table x="876" y="289" name="Productos_Pedidos">
<row name="Codigo_Productos" null="1" autoincrement="1">
<datatype>INTEGER</datatype>
<default>NULL</default><relation table="Productos" row="Codigo_producto" />
</row>
<row name="Numero_Pedidos" null="1" autoincrement="0">
<datatype>INTEGER</datatype>
<default>NULL</default><relation table="Pedidos" row="Numero_Pedidos" />
</row>
<key type="PRIMARY" name="">
<part>Codigo_Productos</part>
<part>Numero_Pedidos</part>
</key>
</table>
<table x="582" y="296" name="Pedidos">
<row name="Numero_Pedidos" null="1" autoincrement="1">
<datatype>INTEGER</datatype>
<default>NULL</default><relation table="Clientes_Pedidos" row="Numero_Pedidos" />
</row>
<row name="fecha" null="1" autoincrement="0">
<datatype>DATE(50)</datatype>
<default>NULL</default></row>
<key type="PRIMARY" name="">
<part>Numero_Pedidos</part>
</key>
</table>
</sql>